match_id,season,gameweek,home_team,away_team,home_form_5,home_goals_scored_5,home_goals_conceded_5,home_offensive_str,home_defensive_str,home_avg_overall,home_squad_value,away_form_5,away_goals_scored_5,away_goals_conceded_5,away_offensive_str,away_defensive_str,away_avg_overall,away_squad_value,odds_prob_home,odds_prob_draw,odds_prob_away,result
1,1999/00,,rc-lens,paris-saint-germain,0.0,0.0,0.0,0.0,0.0,72.84,82750000,0.0,0.0,0.0,0.0,0.0,0.0,0,,,,D
2,2000/01,,olympique-de-marseille,paris-saint-germain,0.0,0.0,0.0,0.0,0.0,73.85,58850000,0.0,0.0,0.0,0.0,0.0,0.0,0,,,,A
3,2000/01,,rc-lens,olympique-de-marseille,0.0,0.0,0.0,0.0,0.0,72.84,82750000,0.0,0.0,0.0,0.0,0.0,73.85,58850000,,,,D
4,1999/00,,paris-saint-germain,olympique-de-marseille,0.0,0.0,0.0,0.0,0.0,0.0,0,0.0,0.0,0.0,0.0,0.0,73.85,58850000,,,,H
5,1999/00,,olympique-lyonnais,stade-de-reims,0.0,0.0,0.0,0.0,0.0,72.74,89500000,0.0,0.0,0.0,0.0,0.0,69.92,48600000,,,,H
6,2000/01,,olympique-lyonnais,rc-lens,0.0,0.0,0.0,0.0,0.0,72.74,89500000,0.0,0.0,0.0,0.0,0.0,72.84,82750000,,,,H
7,1999/00,,stade-de-reims,rc-lens,0.0,0.0,0.0,0.0,0.0,69.92,48600000,0.0,0.0,0.0,0.0,0.0,72.84,82750000,,,,D
8,2000/01,,stade-de-reims,olympique-lyonnais,0.0,0.0,0.0,0.0,0.0,69.92,48600000,0.0,0.0,0.0,0.0,0.0,72.74,89500000,,,,A
9,1999/00,,olympique-de-marseille,olympique-lyonnais,0.0,0.0,0.0,0.0,0.0,73.85,58850000,0.0,0.0,0.0,0.0,0.0,72.74,89500000,,,,A
10,2000/01,,paris-saint-germain,olympique-lyonnais,0.0,0.0,0.0,0.0,0.0,0.0,0,0.0,0.0,0.0,0.0,0.0,72.74,89500000,,,,H
11,1999/00,,fc-metz,stade-rennais,0.0,0.0,0.0,0.0,0.0,67.29,41450000,0.0,0.0,0.0,0.0,0.0,73.39,253175000,,,,D
12,1999/00,,rc-strasbourg,rc-lens,0.0,0.0,0.0,0.0,0.0,69.0,72100000,0.0,0.0,0.0,0.0,0.0,72.84,82750000,,,,H
13,1999/00,,rc-lens,as-monaco,0.0,0.0,0.0,0.0,0.0,72.84,82750000,0.0,0.0,0.0,0.0,0.0,73.63,257100000,,,,H
14,1999/00,,fc-metz,aj-auxerre,0.0,0.0,0.0,0.0,0.0,67.29,41450000,0.0,0.0,0.0,0.0,0.0,0.0,0,,,,H
15,1999/00,,stade-rennais,paris-saint-germain,0.0,0.0,0.0,0.0,0.0,73.39,253175000,0.0,0.0,0.0,0.0,0.0,0.0,0,,,,A
16,1999/00,,fc-nantes,rc-lens,0.0,0.0,0.0,0.0,0.0,69.58,54600000,0.0,0.0,0.0,0.0,0.0,72.84,82750000,,,,A
17,1999/00,,paris-saint-germain,fc-metz,0.0,0.0,0.0,0.0,0.0,0.0,0,0.0,0.0,0.0,0.0,0.0,67.29,41450000,,,,H
18,1999/00,,olympique-lyonnais,stade-rennais,0.0,0.0,0.0,0.0,0.0,72.74,89500000,0.0,0.0,0.0,0.0,0.0,73.39,253175000,,,,D
19,1999/00,,fc-metz,olympique-lyonnais,0.0,0.0,0.0,0.0,0.0,67.29,41450000,0.0,0.0,0.0,0.0,0.0,72.74,89500000,,,,A
20,1999/00,,paris-saint-germain,aj-auxerre,0.0,0.0,0.0,0.0,0.0,0.0,0,0.0,0.0,0.0,0.0,0.0,0.0,0,,,,D
21,1999/00,,rc-lens,olympique-de-marseille,0.0,0.0,0.0,0.0,0.0,72.84,82750000,0.0,0.0,0.0,0.0,0.0,73.85,58850000,,,,D
22,1999/00,,rc-strasbourg,stade-rennais,0.0,0.0,0.0,0.0,0.0,69.0,72100000,0.0,0.0,0.0,0.0,0.0,73.39,253175000,,,,H
23,1999/00,,olympique-lyonnais,paris-saint-germain,0.0,0.0,0.0,0.0,0.0,72.74,89500000,0.0,0.0,0.0,0.0,0.0,0.0,0,,,,H
24,1999/00,,olympique-lyonnais,aj-auxerre,0.0,0.0,0.0,0.0,0.0,72.74,89500000,0.0,0.0,0.0,0.0,0.0,0.0,0,,,,D
25,1999/00,,fc-metz,rc-strasbourg,0.0,0.0,0.0,0.0,0.0,67.29,41450000,0.0,0.0,0.0,0.0,0.0,69.0,72100000,,,,D
26,1999/00,,stade-rennais,as-monaco,0.0,0.0,0.0,0.0,0.0,73.39,253175000,0.0,0.0,0.0,0.0,0.0,73.63,257100000,,,,H
27,1999/00,,as-monaco,fc-metz,0.0,0.0,0.0,0.0,0.0,73.63,257100000,0.0,0.0,0.0,0.0,0.0,67.29,41450000,,,,D
28,1999/00,,fc-nantes,stade-rennais,0.0,0.0,0.0,0.0,0.0,69.58,54600000,0.0,0.0,0.0,0.0,0.0,73.39,253175000,,,,H
29,1999/00,,rc-strasbourg,paris-saint-germain,0.0,0.0,0.0,0.0,0.0,69.0,72100000,0.0,0.0,0.0,0.0,0.0,0.0,0,,,,D
30,1999/00,,olympique-lyonnais,rc-strasbourg,0.0,0.0,0.0,0.0,0.0,72.74,89500000,0.0,0.0,0.0,0.0,0.0,69.0,72100000,,,,D
31,1999/00,,fc-metz,fc-nantes,0.0,0.0,0.0,0.0,0.0,67.29,41450000,0.0,0.0,0.0,0.0,0.0,69.58,54600000,,,,H
32,1999/00,,paris-saint-germain,as-monaco,0.0,0.0,0.0,0.0,0.0,0.0,0,0.0,0.0,0.0,0.0,0.0,73.63,257100000,,,,A
33,1999/00,,stade-rennais,olympique-de-marseille,0.0,0.0,0.0,0.0,0.0,73.39,253175000,0.0,0.0,0.0,0.0,0.0,73.85,58850000,,,,A
34,1999/00,,olympique-de-marseille,fc-metz,0.0,0.0,0.0,0.0,0.0,73.85,58850000,0.0,0.0,0.0,0.0,0.0,67.29,41450000,,,,D
35,1999/00,,aj-auxerre,rc-lens,0.0,0.0,0.0,0.0,0.0,0.0,0,0.0,0.0,0.0,0.0,0.0,72.84,82750000,,,,H
36,1999/00,,as-monaco,olympique-lyonnais,0.0,0.0,0.0,0.0,0.0,73.63,257100000,0.0,0.0,0.0,0.0,0.0,72.74,89500000,,,,H
37,1999/00,,fc-nantes,paris-saint-germain,0.0,0.0,0.0,0.0,0.0,69.58,54600000,0.0,0.0,0.0,0.0,0.0,0.0,0,,,,A
38,1999/00,,olympique-lyonnais,fc-nantes,0.0,0.0,0.0,0.0,0.0,72.74,89500000,0.0,0.0,0.0,0.0,0.0,69.58,54600000,,,,H
39,1999/00,,paris-saint-germain,olympique-de-marseille,0.0,0.0,0.0,0.0,0.0,0.0,0,0.0,0.0,0.0,0.0,0.0,73.85,58850000,,,,A
40,1999/00,,rc-strasbourg,aj-auxerre,0.0,0.0,0.0,0.0,0.0,69.0,72100000,0.0,0.0,0.0,0.0,0.0,0.0,0,,,,A
41,1999/00,,olympique-de-marseille,olympique-lyonnais,0.0,0.0,0.0,0.0,0.0,73.85,58850000,0.0,0.0,0.0,0.0,0.0,72.74,89500000,,,,A
42,1999/00,,as-monaco,rc-strasbourg,0.0,0.0,0.0,0.0,0.0,73.63,257100000,0.0,0.0,0.0,0.0,0.0,69.0,72100000,,,,H
43,1999/00,,fc-nantes,as-monaco,0.0,0.0,0.0,0.0,0.0,69.58,54600000,0.0,0.0,0.0,0.0,0.0,73.63,257100000,,,,A
44,1999/00,,rc-strasbourg,fc-nantes,0.0,0.0,0.0,0.0,0.0,69.0,72100000,0.0,0.0,0.0,0.0,0.0,69.58,54600000,,,,H
45,1999/00,,olympique-de-marseille,rc-strasbourg,0.0,0.0,0.0,0.0,0.0,73.85,58850000,0.0,0.0,0.0,0.0,0.0,69.0,72100000,,,,H
46,1999/00,,rc-lens,stade-rennais,0.0,0.0,0.0,0.0,0.0,72.84,82750000,0.0,0.0,0.0,0.0,0.0,73.39,253175000,,,,D
47,1999/00,,fc-metz,rc-lens,0.0,0.0,0.0,0.0,0.0,67.29,41450000,0.0,0.0,0.0,0.0,0.0,72.84,82750000,,,,D
48,1999/00,,as-monaco,olympique-de-marseille,0.0,0.0,0.0,0.0,0.0,73.63,257100000,0.0,0.0,0.0,0.0,0.0,73.85,58850000,,,,D
49,1999/00,,fc-nantes,aj-auxerre,0.0,0.0,0.0,0.0,0.0,69.58,54600000,0.0,0.0,0.0,0.0,0.0,0.0,0,,,,H
50,1999/00,,rc-lens,paris-saint-germain,0.0,0.0,0.0,0.0,0.0,72.84,82750000,0.0,0.0,0.0,0.0,0.0,0.0,0,,,,H
51,1999/00,,olympique-de-marseille,fc-nantes,0.0,0.0,0.0,0.0,0.0,73.85,58850000,0.0,0.0,0.0,0.0,0.0,69.58,54600000,,,,D
52,1999/00,,olympique-lyonnais,rc-lens,0.0,0.0,0.0,0.0,0.0,72.74,89500000,0.0,0.0,0.0,0.0,0.0,72.84,82750000,,,,H
53,1999/00,,olympique-de-marseille,aj-auxerre,0.0,0.0,0.0,0.0,0.0,73.85,58850000,0.0,0.0,0.0,0.0,0.0,0.0,0,,,,A
54,1999/00,,stade-rennais,aj-auxerre,0.0,0.0,0.0,0.0,0.0,73.39,253175000,0.0,0.0,0.0,0.0,0.0,0.0,0,,,,H
55,1999/00,,as-monaco,aj-auxerre,0.0,0.0,0.0,0.0,0.0,73.63,257100000,0.0,0.0,0.0,0.0,0.0,0.0,0,,,,H
56,1999/00,,aj-auxerre,fc-metz,0.0,0.0,0.0,0.0,0.0,0.0,0,0.0,0.0,0.0,0.0,0.0,67.29,41450000,,,,D
57,1999/00,,as-monaco,rc-lens,0.0,0.0,0.0,0.0,0.0,73.63,257100000,0.0,0.0,0.0,0.0,0.0,72.84,82750000,,,,H
58,1999/00,,paris-saint-germain,stade-rennais,0.0,0.0,0.0,0.0,0.0,0.0,0,0.0,0.0,0.0,0.0,0.0,73.39,253175000,,,,H
59,1999/00,,stade-rennais,olympique-lyonnais,0.0,0.0,0.0,0.0,0.0,73.39,253175000,0.0,0.0,0.0,0.0,0.0,72.74,89500000,,,,A
60,1999/00,,fc-metz,paris-saint-germain,0.0,0.0,0.0,0.0,0.0,67.29,41450000,0.0,0.0,0.0,0.0,0.0,0.0,0,,,,A
61,1999/00,,rc-lens,fc-nantes,0.0,0.0,0.0,0.0,0.0,72.84,82750000,0.0,0.0,0.0,0.0,0.0,69.58,54600000,,,,A
62,1999/00,,aj-auxerre,paris-saint-germain,0.0,0.0,0.0,0.0,0.0,0.0,0,0.0,0.0,0.0,0.0,0.0,0.0,0,,,,H
63,1999/00,,olympique-lyonnais,fc-metz,0.0,0.0,0.0,0.0,0.0,72.74,89500000,0.0,0.0,0.0,0.0,0.0,67.29,41450000,,,,H
64,1999/00,,olympique-de-marseille,rc-lens,0.0,0.0,0.0,0.0,0.0,73.85,58850000,0.0,0.0,0.0,0.0,0.0,72.84,82750000,,,,A
65,1999/00,,paris-saint-germain,olympique-lyonnais,0.0,0.0,0.0,0.0,0.0,0.0,0,0.0,0.0,0.0,0.0,0.0,72.74,89500000,,,,D
66,1999/00,,stade-rennais,rc-strasbourg,0.0,0.0,0.0,0.0,0.0,73.39,253175000,0.0,0.0,0.0,0.0,0.0,69.0,72100000,,,,H
67,1999/00,,aj-auxerre,olympique-lyonnais,0.0,0.0,0.0,0.0,0.0,0.0,0,0.0,0.0,0.0,0.0,0.0,72.74,89500000,,,,H
68,1999/00,,as-monaco,stade-rennais,0.0,0.0,0.0,0.0,0.0,73.63,257100000,0.0,0.0,0.0,0.0,0.0,73.39,253175000,,,,H
69,1999/00,,rc-strasbourg,fc-metz,0.0,0.0,0.0,0.0,0.0,69.0,72100000,0.0,0.0,0.0,0.0,0.0,67.29,41450000,,,,D
70,1999/00,,fc-metz,as-monaco,0.0,0.0,0.0,0.0,0.0,67.29,41450000,0.0,0.0,0.0,0.0,0.0,73.63,257100000,,,,D
71,1999/00,,paris-saint-germain,rc-strasbourg,0.0,0.0,0.0,0.0,0.0,0.0,0,0.0,0.0,0.0,0.0,0.0,69.0,72100000,,,,H
72,1999/00,,stade-rennais,fc-nantes,0.0,0.0,0.0,0.0,0.0,73.39,253175000,0.0,0.0,0.0,0.0,0.0,69.58,54600000,,,,D
73,1999/00,,as-monaco,paris-saint-germain,0.0,0.0,0.0,0.0,0.0,73.63,257100000,0.0,0.0,0.0,0.0,0.0,0.0,0,,,,H
74,1999/00,,olympique-de-marseille,stade-rennais,0.0,0.0,0.0,0.0,0.0,73.85,58850000,0.0,0.0,0.0,0.0,0.0,73.39,253175000,,,,D
75,1999/00,,fc-nantes,fc-metz,0.0,0.0,0.0,0.0,0.0,69.58,54600000,0.0,0.0,0.0,0.0,0.0,67.29,41450000,,,,A
76,1999/00,,rc-strasbourg,olympique-lyonnais,0.0,0.0,0.0,0.0,0.0,69.0,72100000,0.0,0.0,0.0,0.0,0.0,72.74,89500000,,,,H
77,1999/00,,rc-lens,aj-auxerre,0.0,0.0,0.0,0.0,0.0,72.84,82750000,0.0,0.0,0.0,0.0,0.0,0.0,0,,,,H
78,1999/00,,paris-saint-germain,fc-nantes,0.0,0.0,0.0,0.0,0.0,0.0,0,0.0,0.0,0.0,0.0,0.0,69.58,54600000,,,,D
79,1999/00,,olympique-lyonnais,as-monaco,0.0,0.0,0.0,0.0,0.0,72.74,89500000,0.0,0.0,0.0,0.0,0.0,73.63,257100000,,,,H
80,1999/00,,fc-metz,olympique-de-marseille,0.0,0.0,0.0,0.0,0.0,67.29,41450000,0.0,0.0,0.0,0.0,0.0,73.85,58850000,,,,H
81,1999/00,,olympique-de-marseille,paris-saint-germain,0.0,0.0,0.0,0.0,0.0,73.85,58850000,0.0,0.0,0.0,0.0,0.0,0.0,0,,,,H
82,1999/00,,fc-nantes,olympique-lyonnais,0.0,0.0,0.0,0.0,0.0,69.58,54600000,0.0,0.0,0.0,0.0,0.0,72.74,89500000,,,,H
83,1999/00,,aj-auxerre,rc-strasbourg,0.0,0.0,0.0,0.0,0.0,0.0,0,0.0,0.0,0.0,0.0,0.0,69.0,72100000,,,,A
84,1999/00,,olympique-lyonnais,olympique-de-marseille,0.0,0.0,0.0,0.0,0.0,72.74,89500000,0.0,0.0,0.0,0.0,0.0,73.85,58850000,,,,H
85,1999/00,,rc-strasbourg,as-monaco,0.0,0.0,0.0,0.0,0.0,69.0,72100000,0.0,0.0,0.0,0.0,0.0,73.63,257100000,,,,H
86,1999/00,,fc-nantes,rc-strasbourg,0.0,0.0,0.0,0.0,0.0,69.58,54600000,0.0,0.0,0.0,0.0,0.0,69.0,72100000,,,,H
87,1999/00,,aj-auxerre,as-monaco,0.0,0.0,0.0,0.0,0.0,0.0,0,0.0,0.0,0.0,0.0,0.0,73.63,257100000,,,,A
88,1999/00,,rc-strasbourg,olympique-de-marseille,0.0,0.0,0.0,0.0,0.0,69.0,72100000,0.0,0.0,0.0,0.0,0.0,73.85,58850000,,,,H
89,1999/00,,as-monaco,fc-nantes,0.0,0.0,0.0,0.0,0.0,73.63,257100000,0.0,0.0,0.0,0.0,0.0,69.58,54600000,,,,H
90,1999/00,,stade-rennais,rc-lens,0.0,0.0,0.0,0.0,0.0,73.39,253175000,0.0,0.0,0.0,0.0,0.0,72.84,82750000,,,,H
91,1999/00,,olympique-de-marseille,as-monaco,0.0,0.0,0.0,0.0,0.0,73.85,58850000,0.0,0.0,0.0,0.0,0.0,73.63,257100000,,,,H
92,1999/00,,aj-auxerre,fc-nantes,0.0,0.0,0.0,0.0,0.0,0.0,0,0.0,0.0,0.0,0.0,0.0,69.58,54600000,,,,D
93,1999/00,,rc-lens,fc-metz,0.0,0.0,0.0,0.0,0.0,72.84,82750000,0.0,0.0,0.0,0.0,0.0,67.29,41450000,,,,H
94,1999/00,,paris-saint-germain,rc-lens,0.0,0.0,0.0,0.0,0.0,0.0,0,0.0,0.0,0.0,0.0,0.0,72.84,82750000,,,,H
95,1999/00,,fc-nantes,olympique-de-marseille,0.0,0.0,0.0,0.0,0.0,69.58,54600000,0.0,0.0,0.0,0.0,0.0,73.85,58850000,,,,D
96,1999/00,,rc-lens,olympique-lyonnais,0.0,0.0,0.0,0.0,0.0,72.84,82750000,0.0,0.0,0.0,0.0,0.0,72.74,89500000,,,,H
97,1999/00,,aj-auxerre,olympique-de-marseille,0.0,0.0,0.0,0.0,0.0,0.0,0,0.0,0.0,0.0,0.0,0.0,73.85,58850000,,,,D
98,1999/00,,aj-auxerre,stade-rennais,0.0,0.0,0.0,0.0,0.0,0.0,0,0.0,0.0,0.0,0.0,0.0,73.39,253175000,,,,H
99,1999/00,,rc-lens,rc-strasbourg,0.0,0.0,0.0,0.0,0.0,72.84,82750000,0.0,0.0,0.0,0.0,0.0,69.0,72100000,,,,H
100,1999/00,,stade-rennais,fc-metz,0.0,0.0,0.0,0.0,0.0,73.39,253175000,0.0,0.0,0.0,0.0,0.0,67.29,41450000,,,,H
101,2000/01,,paris-saint-germain,rc-strasbourg,0.0,0.0,0.0,0.0,0.0,0.0,0,0.0,0.0,0.0,0.0,0.0,69.0,72100000,,,,H
102,2000/01,,losc-lille,as-monaco,0.0,0.0,0.0,0.0,0.0,72.18,86050000,0.0,0.0,0.0,0.0,0.0,73.63,257100000,,,,D
103,2000/01,,olympique-lyonnais,stade-rennais,0.0,0.0,0.0,0.0,0.0,72.74,89500000,0.0,0.0,0.0,0.0,0.0,73.39,253175000,,,,D
104,2000/01,,fc-nantes,rc-lens,0.0,0.0,0.0,0.0,0.0,69.58,54600000,0.0,0.0,0.0,0.0,0.0,72.84,82750000,,,,A
105,2000/01,,as-monaco,fc-nantes,0.0,0.0,0.0,0.0,0.0,73.63,257100000,0.0,0.0,0.0,0.0,0.0,69.58,54600000,,,,A
106,2000/01,,fc-metz,aj-auxerre,0.0,0.0,0.0,0.0,0.0,67.29,41450000,0.0,0.0,0.0,0.0,0.0,0.0,0,,,,A
107,2000/01,,stade-rennais,paris-saint-germain,0.0,0.0,0.0,0.0,0.0,73.39,253175000,0.0,0.0,0.0,0.0,0.0,0.0,0,,,,D
108,2000/01,,rc-strasbourg,losc-lille,0.0,0.0,0.0,0.0,0.0,69.0,72100000,0.0,0.0,0.0,0.0,0.0,72.18,86050000,,,,A
109,2000/01,,losc-lille,stade-rennais,0.0,0.0,0.0,0.0,0.0,72.18,86050000,0.0,0.0,0.0,0.0,0.0,73.39,253175000,,,,H
110,2000/01,,olympique-lyonnais,fc-metz,0.0,0.0,0.0,0.0,0.0,72.74,89500000,0.0,0.0,0.0,0.0,0.0,67.29,41450000,,,,D
111,2000/01,,rc-strasbourg,as-monaco,0.0,0.0,0.0,0.0,0.0,69.0,72100000,0.0,0.0,0.0,0.0,0.0,73.63,257100000,,,,A
112,2000/01,,olympique-de-marseille,rc-lens,0.0,0.0,0.0,0.0,0.0,73.85,58850000,0.0,0.0,0.0,0.0,0.0,72.84,82750000,,,,D
113,2000/01,,rc-lens,toulouse-fc,0.0,0.0,0.0,0.0,0.0,72.84,82750000,0.0,0.0,0.0,0.0,0.0,68.76,60900000,,,,H
114,2000/01,,fc-metz,paris-saint-germain,0.0,0.0,0.0,0.0,0.0,67.29,41450000,0.0,0.0,0.0,0.0,0.0,0.0,0,,,,H
115,2000/01,,fc-nantes,olympique-de-marseille,0.0,0.0,0.0,0.0,0.0,69.58,54600000,0.0,0.0,0.0,0.0,0.0,73.85,58850000,,,,H
116,2000/01,,stade-rennais,rc-strasbourg,0.0,0.0,0.0,0.0,0.0,73.39,253175000,0.0,0.0,0.0,0.0,0.0,69.0,72100000,,,,H
117,2000/01,,losc-lille,fc-metz,0.0,0.0,0.0,0.0,0.0,72.18,86050000,0.0,0.0,0.0,0.0,0.0,67.29,41450000,,,,H
118,2000/01,,stade-rennais,as-monaco,0.0,0.0,0.0,0.0,0.0,73.39,253175000,0.0,0.0,0.0,0.0,0.0,73.63,257100000,,,,D
119,2000/01,,toulouse-fc,fc-nantes,0.0,0.0,0.0,0.0,0.0,68.76,60900000,0.0,0.0,0.0,0.0,0.0,69.58,54600000,,,,D
120,2000/01,,as-monaco,olympique-de-marseille,0.0,0.0,0.0,0.0,0.0,73.63,257100000,0.0,0.0,0.0,0.0,0.0,73.85,58850000,,,,A
121,2000/01,,rc-lens,aj-auxerre,0.0,0.0,0.0,0.0,0.0,72.84,82750000,0.0,0.0,0.0,0.0,0.0,0.0,0,,,,H
122,2000/01,,fc-metz,rc-strasbourg,0.0,0.0,0.0,0.0,0.0,67.29,41450000,0.0,0.0,0.0,0.0,0.0,69.0,72100000,,,,H
123,2000/01,,aj-auxerre,fc-nantes,0.0,0.0,0.0,0.0,0.0,0.0,0,0.0,0.0,0.0,0.0,0.0,69.58,54600000,,,,D
124,2000/01,,olympique-lyonnais,rc-lens,0.0,0.0,0.0,0.0,0.0,72.74,89500000,0.0,0.0,0.0,0.0,0.0,72.84,82750000,,,,H
125,2000/01,,stade-rennais,fc-metz,0.0,0.0,0.0,0.0,0.0,73.39,253175000,0.0,0.0,0.0,0.0,0.0,67.29,41450000,,,,A
126,2000/01,,toulouse-fc,olympique-de-marseille,0.0,0.0,0.0,0.0,0.0,68.76,60900000,0.0,0.0,0.0,0.0,0.0,73.85,58850000,,,,H
127,2000/01,,rc-lens,paris-saint-germain,0.0,0.0,0.0,0.0,0.0,72.84,82750000,0.0,0.0,0.0,0.0,0.0,0.0,0,,,,D
128,2000/01,,as-monaco,toulouse-fc,0.0,0.0,0.0,0.0,0.0,73.63,257100000,0.0,0.0,0.0,0.0,0.0,68.76,60900000,,,,H
129,2000/01,,fc-nantes,olympique-lyonnais,0.0,0.0,0.0,0.0,0.0,69.58,54600000,0.0,0.0,0.0,0.0,0.0,72.74,89500000,,,,A
130,2000/01,,aj-auxerre,olympique-de-marseille,0.0,0.0,0.0,0.0,0.0,0.0,0,0.0,0.0,0.0,0.0,0.0,73.85,58850000,,,,A
131,2000/01,,fc-metz,as-monaco,0.0,0.0,0.0,0.0,0.0,67.29,41450000,0.0,0.0,0.0,0.0,0.0,73.63,257100000,,,,A
132,2000/01,,paris-saint-germain,fc-nantes,0.0,0.0,0.0,0.0,0.0,0.0,0,0.0,0.0,0.0,0.0,0.0,69.58,54600000,,,,H
133,2000/01,,losc-lille,rc-lens,0.0,0.0,0.0,0.0,0.0,72.18,86050000,0.0,0.0,0.0,0.0,0.0,72.84,82750000,,,,H
134,2000/01,,rc-lens,rc-strasbourg,0.0,0.0,0.0,0.0,0.0,72.84,82750000,0.0,0.0,0.0,0.0,0.0,69.0,72100000,,,,D
135,2000/01,,toulouse-fc,aj-auxerre,0.0,0.0,0.0,0.0,0.0,68.76,60900000,0.0,0.0,0.0,0.0,0.0,0.0,0,,,,A
136,2000/01,,olympique-de-marseille,olympique-lyonnais,0.0,0.0,0.0,0.0,0.0,73.85,58850000,0.0,0.0,0.0,0.0,0.0,72.74,89500000,,,,D
137,2000/01,,fc-nantes,losc-lille,0.0,0.0,0.0,0.0,0.0,69.58,54600000,0.0,0.0,0.0,0.0,0.0,72.18,86050000,,,,D
138,2000/01,,paris-saint-germain,olympique-de-marseille,0.0,0.0,0.0,0.0,0.0,0.0,0,0.0,0.0,0.0,0.0,0.0,73.85,58850000,,,,H
139,2000/01,,stade-rennais,rc-lens,0.0,0.0,0.0,0.0,0.0,73.39,253175000,0.0,0.0,0.0,0.0,0.0,72.84,82750000,,,,H
140,2000/01,,rc-strasbourg,fc-nantes,0.0,0.0,0.0,0.0,0.0,69.0,72100000,0.0,0.0,0.0,0.0,0.0,69.58,54600000,,,,A
141,2000/01,,as-monaco,aj-auxerre,0.0,0.0,0.0,0.0,0.0,73.63,257100000,0.0,0.0,0.0,0.0,0.0,0.0,0,,,,D
142,2000/01,,fc-nantes,stade-rennais,0.0,0.0,0.0,0.0,0.0,69.58,54600000,0.0,0.0,0.0,0.0,0.0,73.39,253175000,,,,H
143,2000/01,,toulouse-fc,paris-saint-germain,0.0,0.0,0.0,0.0,0.0,68.76,60900000,0.0,0.0,0.0,0.0,0.0,0.0,0,,,,A
144,2000/01,,olympique-de-marseille,losc-lille,0.0,0.0,0.0,0.0,0.0,73.85,58850000,0.0,0.0,0.0,0.0,0.0,72.18,86050000,,,,A
145,2000/01,,rc-strasbourg,olympique-de-marseille,0.0,0.0,0.0,0.0,0.0,69.0,72100000,0.0,0.0,0.0,0.0,0.0,73.85,58850000,,,,D
146,2000/01,,losc-lille,toulouse-fc,0.0,0.0,0.0,0.0,0.0,72.18,86050000,0.0,0.0,0.0,0.0,0.0,68.76,60900000,,,,H
147,2000/01,,olympique-lyonnais,aj-auxerre,0.0,0.0,0.0,0.0,0.0,72.74,89500000,0.0,0.0,0.0,0.0,0.0,0.0,0,,,,D
148,2000/01,,fc-metz,rc-lens,0.0,0.0,0.0,0.0,0.0,67.29,41450000,0.0,0.0,0.0,0.0,0.0,72.84,82750000,,,,H
149,2000/01,,as-monaco,olympique-lyonnais,0.0,0.0,0.0,0.0,0.0,73.63,257100000,0.0,0.0,0.0,0.0,0.0,72.74,89500000,,,,A
150,2000/01,,aj-auxerre,paris-saint-germain,0.0,0.0,0.0,0.0,0.0,0.0,0,0.0,0.0,0.0,0.0,0.0,0.0,0,,,,H
151,2000/01,,olympique-de-marseille,stade-rennais,0.0,0.0,0.0,0.0,0.0,73.85,58850000,0.0,0.0,0.0,0.0,0.0,73.39,253175000,,,,A
152,2000/01,,fc-nantes,fc-metz,0.0,0.0,0.0,0.0,0.0,69.58,54600000,0.0,0.0,0.0,0.0,0.0,67.29,41450000,,,,H
153,2000/01,,toulouse-fc,rc-strasbourg,0.0,0.0,0.0,0.0,0.0,68.76,60900000,0.0,0.0,0.0,0.0,0.0,69.0,72100000,,,,D
154,2000/01,,losc-lille,aj-auxerre,0.0,0.0,0.0,0.0,0.0,72.18,86050000,0.0,0.0,0.0,0.0,0.0,0.0,0,,,,D
155,2000/01,,paris-saint-germain,olympique-lyonnais,0.0,0.0,0.0,0.0,0.0,0.0,0,0.0,0.0,0.0,0.0,0.0,72.74,89500000,,,,D
156,2000/01,,stade-rennais,toulouse-fc,0.0,0.0,0.0,0.0,0.0,73.39,253175000,0.0,0.0,0.0,0.0,0.0,68.76,60900000,,,,D
157,2000/01,,olympique-de-marseille,fc-metz,0.0,0.0,0.0,0.0,0.0,73.85,58850000,0.0,0.0,0.0,0.0,0.0,67.29,41450000,,,,H
158,2000/01,,olympique-lyonnais,losc-lille,0.0,0.0,0.0,0.0,0.0,72.74,89500000,0.0,0.0,0.0,0.0,0.0,72.18,86050000,,,,A
159,2000/01,,as-monaco,paris-saint-germain,0.0,0.0,0.0,0.0,0.0,73.63,257100000,0.0,0.0,0.0,0.0,0.0,0.0,0,,,,H
160,2000/01,,aj-auxerre,rc-strasbourg,0.0,0.0,0.0,0.0,0.0,0.0,0,0.0,0.0,0.0,0.0,0.0,69.0,72100000,,,,A
161,2000/01,,rc-lens,as-monaco,0.0,0.0,0.0,0.0,0.0,72.84,82750000,0.0,0.0,0.0,0.0,0.0,73.63,257100000,,,,H
162,2000/01,,fc-metz,toulouse-fc,0.0,0.0,0.0,0.0,0.0,67.29,41450000,0.0,0.0,0.0,0.0,0.0,68.76,60900000,,,,D
163,2000/01,,stade-rennais,aj-auxerre,0.0,0.0,0.0,0.0,0.0,73.39,253175000,0.0,0.0,0.0,0.0,0.0,0.0,0,,,,A
164,2000/01,,rc-strasbourg,olympique-lyonnais,0.0,0.0,0.0,0.0,0.0,69.0,72100000,0.0,0.0,0.0,0.0,0.0,72.74,89500000,,,,A
165,2000/01,,paris-saint-germain,stade-rennais,0.0,0.0,0.0,0.0,0.0,0.0,0,0.0,0.0,0.0,0.0,0.0,73.39,253175000,,,,A
166,2000/01,,aj-auxerre,fc-metz,0.0,0.0,0.0,0.0,0.0,0.0,0,0.0,0.0,0.0,0.0,0.0,67.29,41450000,,,,H
167,2000/01,,losc-lille,rc-strasbourg,0.0,0.0,0.0,0.0,0.0,72.18,86050000,0.0,0.0,0.0,0.0,0.0,69.0,72100000,,,,D
168,2000/01,,fc-nantes,as-monaco,0.0,0.0,0.0,0.0,0.0,69.58,54600000,0.0,0.0,0.0,0.0,0.0,73.63,257100000,,,,H
169,2000/01,,fc-metz,olympique-lyonnais,0.0,0.0,0.0,0.0,0.0,67.29,41450000,0.0,0.0,0.0,0.0,0.0,72.74,89500000,,,,D
170,2000/01,,as-monaco,rc-strasbourg,0.0,0.0,0.0,0.0,0.0,73.63,257100000,0.0,0.0,0.0,0.0,0.0,69.0,72100000,,,,H
171,2000/01,,stade-rennais,losc-lille,0.0,0.0,0.0,0.0,0.0,73.39,253175000,0.0,0.0,0.0,0.0,0.0,72.18,86050000,,,,H
172,2000/01,,rc-lens,olympique-de-marseille,0.0,0.0,0.0,0.0,0.0,72.84,82750000,0.0,0.0,0.0,0.0,0.0,73.85,58850000,,,,H
173,2000/01,,paris-saint-germain,fc-metz,0.0,0.0,0.0,0.0,0.0,0.0,0,0.0,0.0,0.0,0.0,0.0,67.29,41450000,,,,H
174,2000/01,,rc-strasbourg,stade-rennais,0.0,0.0,0.0,0.0,0.0,69.0,72100000,0.0,0.0,0.0,0.0,0.0,73.39,253175000,,,,D
175,2000/01,,toulouse-fc,rc-lens,0.0,0.0,0.0,0.0,0.0,68.76,60900000,0.0,0.0,0.0,0.0,0.0,72.84,82750000,,,,H
176,2000/01,,olympique-de-marseille,fc-nantes,0.0,0.0,0.0,0.0,0.0,73.85,58850000,0.0,0.0,0.0,0.0,0.0,69.58,54600000,,,,H
177,2000/01,,losc-lille,paris-saint-germain,0.0,0.0,0.0,0.0,0.0,72.18,86050000,0.0,0.0,0.0,0.0,0.0,0.0,0,,,,H
178,2000/01,,olympique-lyonnais,toulouse-fc,0.0,0.0,0.0,0.0,0.0,72.74,89500000,0.0,0.0,0.0,0.0,0.0,68.76,60900000,,,,H
179,2000/01,,fc-metz,losc-lille,0.0,0.0,0.0,0.0,0.0,67.29,41450000,0.0,0.0,0.0,0.0,0.0,72.18,86050000,,,,D
180,2000/01,,as-monaco,stade-rennais,0.0,0.0,0.0,0.0,0.0,73.63,257100000,0.0,0.0,0.0,0.0,0.0,73.39,253175000,,,,A
181,2000/01,,fc-nantes,toulouse-fc,0.0,0.0,0.0,0.0,0.0,69.58,54600000,0.0,0.0,0.0,0.0,0.0,68.76,60900000,,,,H
182,2000/01,,olympique-de-marseille,as-monaco,0.0,0.0,0.0,0.0,0.0,73.85,58850000,0.0,0.0,0.0,0.0,0.0,73.63,257100000,,,,H
183,2000/01,,aj-auxerre,rc-lens,0.0,0.0,0.0,0.0,0.0,0.0,0,0.0,0.0,0.0,0.0,0.0,72.84,82750000,,,,H
184,2000/01,,rc-lens,olympique-lyonnais,0.0,0.0,0.0,0.0,0.0,72.84,82750000,0.0,0.0,0.0,0.0,0.0,72.74,89500000,,,,D
185,2000/01,,olympique-de-marseille,toulouse-fc,0.0,0.0,0.0,0.0,0.0,73.85,58850000,0.0,0.0,0.0,0.0,0.0,68.76,60900000,,,,D
186,2000/01,,fc-metz,stade-rennais,0.0,0.0,0.0,0.0,0.0,67.29,41450000,0.0,0.0,0.0,0.0,0.0,73.39,253175000,,,,D
187,2000/01,,fc-nantes,aj-auxerre,0.0,0.0,0.0,0.0,0.0,69.58,54600000,0.0,0.0,0.0,0.0,0.0,0.0,0,,,,D
188,2000/01,,olympique-lyonnais,fc-nantes,0.0,0.0,0.0,0.0,0.0,72.74,89500000,0.0,0.0,0.0,0.0,0.0,69.58,54600000,,,,H
189,2000/01,,paris-saint-germain,rc-lens,0.0,0.0,0.0,0.0,0.0,0.0,0,0.0,0.0,0.0,0.0,0.0,72.84,82750000,,,,H
190,2000/01,,toulouse-fc,as-monaco,0.0,0.0,0.0,0.0,0.0,68.76,60900000,0.0,0.0,0.0,0.0,0.0,73.63,257100000,,,,H
191,2000/01,,olympique-de-marseille,aj-auxerre,0.0,0.0,0.0,0.0,0.0,73.85,58850000,0.0,0.0,0.0,0.0,0.0,0.0,0,,,,A
192,2000/01,,as-monaco,fc-metz,0.0,0.0,0.0,0.0,0.0,73.63,257100000,0.0,0.0,0.0,0.0,0.0,67.29,41450000,,,,H
193,2000/01,,fc-nantes,paris-saint-germain,0.0,0.0,0.0,0.0,0.0,69.58,54600000,0.0,0.0,0.0,0.0,0.0,0.0,0,,,,H
194,2000/01,,rc-lens,losc-lille,0.0,0.0,0.0,0.0,0.0,72.84,82750000,0.0,0.0,0.0,0.0,0.0,72.18,86050000,,,,A
195,2000/01,,olympique-lyonnais,olympique-de-marseille,0.0,0.0,0.0,0.0,0.0,72.74,89500000,0.0,0.0,0.0,0.0,0.0,73.85,58850000,,,,D
196,2000/01,,aj-auxerre,toulouse-fc,0.0,0.0,0.0,0.0,0.0,0.0,0,0.0,0.0,0.0,0.0,0.0,68.76,60900000,,,,H
197,2000/01,,losc-lille,fc-nantes,0.0,0.0,0.0,0.0,0.0,72.18,86050000,0.0,0.0,0.0,0.0,0.0,69.58,54600000,,,,D
198,2000/01,,rc-strasbourg,rc-lens,0.0,0.0,0.0,0.0,0.0,69.0,72100000,0.0,0.0,0.0,0.0,0.0,72.84,82750000,,,,H
199,2000/01,,rc-lens,stade-rennais,0.0,0.0,0.0,0.0,0.0,72.84,82750000,0.0,0.0,0.0,0.0,0.0,73.39,253175000,,,,A
200,2000/01,,olympique-de-marseille,paris-saint-germain,0.0,0.0,0.0,0.0,0.0,73.85,58850000,0.0,0.0,0.0,0.0,0.0,0.0,0,,,,H
201,2000/01,,toulouse-fc,olympique-lyonnais,0.0,0.0,0.0,0.0,0.0,68.76,60900000,0.0,0.0,0.0,0.0,0.0,72.74,89500000,,,,D
202,2000/01,,fc-nantes,rc-strasbourg,0.0,0.0,0.0,0.0,0.0,69.58,54600000,0.0,0.0,0.0,0.0,0.0,69.0,72100000,,,,H
203,2000/01,,aj-auxerre,as-monaco,0.0,0.0,0.0,0.0,0.0,0.0,0,0.0,0.0,0.0,0.0,0.0,73.63,257100000,,,,H
204,2000/01,,losc-lille,olympique-de-marseille,0.0,0.0,0.0,0.0,0.0,72.18,86050000,0.0,0.0,0.0,0.0,0.0,73.85,58850000,,,,H
205,2000/01,,paris-saint-germain,toulouse-fc,0.0,0.0,0.0,0.0,0.0,0.0,0,0.0,0.0,0.0,0.0,0.0,68.76,60900000,,,,H
206,2000/01,,stade-rennais,fc-nantes,0.0,0.0,0.0,0.0,0.0,73.39,253175000,0.0,0.0,0.0,0.0,0.0,69.58,54600000,,,,A
207,2000/01,,aj-auxerre,olympique-lyonnais,0.0,0.0,0.0,0.0,0.0,0.0,0,0.0,0.0,0.0,0.0,0.0,72.74,89500000,,,,A
208,2000/01,,rc-lens,fc-metz,0.0,0.0,0.0,0.0,0.0,72.84,82750000,0.0,0.0,0.0,0.0,0.0,67.29,41450000,,,,D
209,2000/01,,olympique-de-marseille,rc-strasbourg,0.0,0.0,0.0,0.0,0.0,73.85,58850000,0.0,0.0,0.0,0.0,0.0,69.0,72100000,,,,D
210,2000/01,,toulouse-fc,losc-lille,0.0,0.0,0.0,0.0,0.0,68.76,60900000,0.0,0.0,0.0,0.0,0.0,72.18,86050000,,,,A
211,2000/01,,olympique-lyonnais,as-monaco,0.0,0.0,0.0,0.0,0.0,72.74,89500000,0.0,0.0,0.0,0.0,0.0,73.63,257100000,,,,H
212,2000/01,,fc-metz,fc-nantes,0.0,0.0,0.0,0.0,0.0,67.29,41450000,0.0,0.0,0.0,0.0,0.0,69.58,54600000,,,,A
213,2000/01,,paris-saint-germain,aj-auxerre,0.0,0.0,0.0,0.0,0.0,0.0,0,0.0,0.0,0.0,0.0,0.0,0.0,0,,,,H
214,2000/01,,stade-rennais,olympique-de-marseille,0.0,0.0,0.0,0.0,0.0,73.39,253175000,0.0,0.0,0.0,0.0,0.0,73.85,58850000,,,,H
215,2000/01,,rc-strasbourg,toulouse-fc,0.0,0.0,0.0,0.0,0.0,69.0,72100000,0.0,0.0,0.0,0.0,0.0,68.76,60900000,,,,H
216,2000/01,,rc-strasbourg,fc-metz,0.0,0.0,0.0,0.0,0.0,69.0,72100000,0.0,0.0,0.0,0.0,0.0,67.29,41450000,,,,A
217,2000/01,,aj-auxerre,losc-lille,0.0,0.0,0.0,0.0,0.0,0.0,0,0.0,0.0,0.0,0.0,0.0,72.18,86050000,,,,D
218,2000/01,,toulouse-fc,stade-rennais,0.0,0.0,0.0,0.0,0.0,68.76,60900000,0.0,0.0,0.0,0.0,0.0,73.39,253175000,,,,H
219,2000/01,,olympique-lyonnais,paris-saint-germain,0.0,0.0,0.0,0.0,0.0,72.74,89500000,0.0,0.0,0.0,0.0,0.0,0.0,0,,,,H
220,2000/01,,losc-lille,olympique-lyonnais,0.0,0.0,0.0,0.0,0.0,72.18,86050000,0.0,0.0,0.0,0.0,0.0,72.74,89500000,,,,A
221,2000/01,,fc-metz,olympique-de-marseille,0.0,0.0,0.0,0.0,0.0,67.29,41450000,0.0,0.0,0.0,0.0,0.0,73.85,58850000,,,,H
222,2000/01,,paris-saint-germain,as-monaco,0.0,0.0,0.0,0.0,0.0,0.0,0,0.0,0.0,0.0,0.0,0.0,73.63,257100000,,,,D
223,2000/01,,rc-strasbourg,aj-auxerre,0.0,0.0,0.0,0.0,0.0,69.0,72100000,0.0,0.0,0.0,0.0,0.0,0.0,0,,,,H
224,2000/01,,aj-auxerre,stade-rennais,0.0,0.0,0.0,0.0,0.0,0.0,0,0.0,0.0,0.0,0.0,0.0,73.39,253175000,,,,A
225,2000/01,,olympique-lyonnais,rc-strasbourg,0.0,0.0,0.0,0.0,0.0,72.74,89500000,0.0,0.0,0.0,0.0,0.0,69.0,72100000,,,,H
226,2000/01,,as-monaco,rc-lens,0.0,0.0,0.0,0.0,0.0,73.63,257100000,0.0,0.0,0.0,0.0,0.0,72.84,82750000,,,,D
227,2000/01,,paris-saint-germain,losc-lille,0.0,0.0,0.0,0.0,0.0,0.0,0,0.0,0.0,0.0,0.0,0.0,72.18,86050000,,,,D
228,2000/01,,toulouse-fc,fc-metz,0.0,0.0,0.0,0.0,0.0,68.76,60900000,0.0,0.0,0.0,0.0,0.0,67.29,41450000,,,,H
229,2000/01,,rc-lens,fc-nantes,0.0,0.0,0.0,0.0,0.0,72.84,82750000,0.0,0.0,0.0,0.0,0.0,69.58,54600000,,,,A
230,2000/01,,as-monaco,losc-lille,0.0,0.0,0.0,0.0,0.0,73.63,257100000,0.0,0.0,0.0,0.0,0.0,72.18,86050000,,,,A
231,2000/01,,stade-rennais,olympique-lyonnais,0.0,0.0,0.0,0.0,0.0,73.39,253175000,0.0,0.0,0.0,0.0,0.0,72.74,89500000,,,,A
232,2000/01,,rc-strasbourg,paris-saint-germain,0.0,0.0,0.0,0.0,0.0,69.0,72100000,0.0,0.0,0.0,0.0,0.0,0.0,0,,,,A
233,2001/02,,rc-lens,olympique-lyonnais,0.0,0.0,0.0,0.0,0.0,72.84,82750000,0.0,0.0,0.0,0.0,0.0,72.74,89500000,,,,H
234,2001/02,,fc-lorient,fc-metz,0.0,0.0,0.0,0.0,0.0,70.23,70850000,0.0,0.0,0.0,0.0,0.0,67.29,41450000,,,,H
235,2001/02,,paris-saint-germain,losc-lille,0.0,0.0,0.0,0.0,0.0,0.0,0,0.0,0.0,0.0,0.0,0.0,72.18,86050000,,,,D
236,2001/02,,stade-rennais,aj-auxerre,0.0,0.0,0.0,0.0,0.0,73.39,253175000,0.0,0.0,0.0,0.0,0.0,0.0,0,,,,A
237,2001/02,,aj-auxerre,paris-saint-germain,0.0,0.0,0.0,0.0,0.0,0.0,0,0.0,0.0,0.0,0.0,0.0,0.0,0,,,,D
238,2001/02,,losc-lille,fc-lorient,0.0,0.0,0.0,0.0,0.0,72.18,86050000,0.0,0.0,0.0,0.0,0.0,70.23,70850000,,,,H
239,2001/02,,fc-nantes,rc-lens,0.0,0.0,0.0,0.0,0.0,69.58,54600000,0.0,0.0,0.0,0.0,0.0,72.84,82750000,,,,A
240,2001/02,,rc-lens,olympique-de-marseille,0.0,0.0,0.0,0.0,0.0,72.84,82750000,0.0,0.0,0.0,0.0,0.0,73.85,58850000,,,,H
241,2001/02,,stade-rennais,as-monaco,0.0,0.0,0.0,0.0,0.0,73.39,253175000,0.0,0.0,0.0,0.0,0.0,73.63,257100000,,,,H
242,2001/02,,fc-lorient,aj-auxerre,0.0,0.0,0.0,0.0,0.0,70.23,70850000,0.0,0.0,0.0,0.0,0.0,0.0,0,,,,A
243,2001/02,,fc-metz,rc-lens,0.0,0.0,0.0,0.0,0.0,67.29,41450000,0.0,0.0,0.0,0.0,0.0,72.84,82750000,,,,A
244,2001/02,,as-monaco,paris-saint-germain,0.0,0.0,0.0,0.0,0.0,73.63,257100000,0.0,0.0,0.0,0.0,0.0,0.0,0,,,,D
245,2001/02,,fc-lorient,as-monaco,0.0,0.0,0.0,0.0,0.0,70.23,70850000,0.0,0.0,0.0,0.0,0.0,73.63,257100000,,,,H
246,2001/02,,paris-saint-germain,stade-rennais,0.0,0.0,0.0,0.0,0.0,0.0,0,0.0,0.0,0.0,0.0,0.0,73.39,253175000,,,,H
247,2001/02,,rc-lens,losc-lille,0.0,0.0,0.0,0.0,0.0,72.84,82750000,0.0,0.0,0.0,0.0,0.0,72.18,86050000,,,,D
248,2001/02,,olympique-de-marseille,olympique-lyonnais,0.0,0.0,0.0,0.0,0.0,73.85,58850000,0.0,0.0,0.0,0.0,0.0,72.74,89500000,,,,D
249,2001/02,,paris-saint-germain,rc-lens,0.0,0.0,0.0,0.0,0.0,0.0,0,0.0,0.0,0.0,0.0,0.0,72.84,82750000,,,,D
250,2001/02,,stade-rennais,fc-lorient,0.0,0.0,0.0,0.0,0.0,73.39,253175000,0.0,0.0,0.0,0.0,0.0,70.23,70850000,,,,D
251,2001/02,,fc-lorient,paris-saint-germain,0.0,0.0,0.0,0.0,0.0,70.23,70850000,0.0,0.0,0.0,0.0,0.0,0.0,0,,,,D
252,2001/02,,olympique-lyonnais,fc-nantes,0.0,0.0,0.0,0.0,0.0,72.74,89500000,0.0,0.0,0.0,0.0,0.0,69.58,54600000,,,,H
253,2001/02,,olympique-de-marseille,fc-nantes,0.0,0.0,0.0,0.0,0.0,73.85,58850000,0.0,0.0,0.0,0.0,0.0,69.58,54600000,,,,H
254,2001/02,,fc-metz,olympique-lyonnais,0.0,0.0,0.0,0.0,0.0,67.29,41450000,0.0,0.0,0.0,0.0,0.0,72.74,89500000,,,,H
255,2001/02,,as-monaco,rc-lens,0.0,0.0,0.0,0.0,0.0,73.63,257100000,0.0,0.0,0.0,0.0,0.0,72.84,82750000,,,,H
256,2001/02,,rc-lens,aj-auxerre,0.0,0.0,0.0,0.0,0.0,72.84,82750000,0.0,0.0,0.0,0.0,0.0,0.0,0,,,,D
257,2001/02,,olympique-lyonnais,stade-rennais,0.0,0.0,0.0,0.0,0.0,72.74,89500000,0.0,0.0,0.0,0.0,0.0,73.39,253175000,,,,H
258,2001/02,,fc-nantes,fc-metz,0.0,0.0,0.0,0.0,0.0,69.58,54600000,0.0,0.0,0.0,0.0,0.0,67.29,41450000,,,,D
259,2001/02,,losc-lille,fc-nantes,0.0,0.0,0.0,0.0,0.0,72.18,86050000,0.0,0.0,0.0,0.0,0.0,69.58,54600000,,,,H
260,2001/02,,fc-lorient,rc-lens,0.0,0.0,0.0,0.0,0.0,70.23,70850000,0.0,0.0,0.0,0.0,0.0,72.84,82750000,,,,A
261,2001/02,,fc-metz,olympique-de-marseille,0.0,0.0,0.0,0.0,0.0,67.29,41450000,0.0,0.0,0.0,0.0,0.0,73.85,58850000,,,,A
262,2001/02,,paris-saint-germain,olympique-lyonnais,0.0,0.0,0.0,0.0,0.0,0.0,0,0.0,0.0,0.0,0.0,0.0,72.74,89500000,,,,D
263,2001/02,,olympique-de-marseille,losc-lille,0.0,0.0,0.0,0.0,0.0,73.85,58850000,0.0,0.0,0.0,0.0,0.0,72.18,86050000,,,,D
264,2001/02,,fc-nantes,aj-auxerre,0.0,0.0,0.0,0.0,0.0,69.58,54600000,0.0,0.0,0.0,0.0,0.0,0.0,0,,,,D
265,2001/02,,aj-auxerre,olympique-de-marseille,0.0,0.0,0.0,0.0,0.0,0.0,0,0.0,0.0,0.0,0.0,0.0,73.85,58850000,,,,H
266,2001/02,,losc-lille,fc-metz,0.0,0.0,0.0,0.0,0.0,72.18,86050000,0.0,0.0,0.0,0.0,0.0,67.29,41450000,,,,H
267,2001/02,,as-monaco,olympique-lyonnais,0.0,0.0,0.0,0.0,0.0,73.63,257100000,0.0,0.0,0.0,0.0,0.0,72.74,89500000,,,,H
268,2001/02,,stade-rennais,rc-lens,0.0,0.0,0.0,0.0,0.0,73.39,253175000,0.0,0.0,0.0,0.0,0.0,72.84,82750000,,,,A
269,2001/02,,olympique-de-marseille,stade-rennais,0.0,0.0,0.0,0.0,0.0,73.85,58850000,0.0,0.0,0.0,0.0,0.0,73.39,253175000,,,,H
270,2001/02,,fc-nantes,as-monaco,0.0,0.0,0.0,0.0,0.0,69.58,54600000,0.0,0.0,0.0,0.0,0.0,73.63,257100000,,,,H
271,2001/02,,olympique-lyonnais,losc-lille,0.0,0.0,0.0,0.0,0.0,72.74,89500000,0.0,0.0,0.0,0.0,0.0,72.18,86050000,,,,H
272,2001/02,,fc-metz,aj-auxerre,0.0,0.0,0.0,0.0,0.0,67.29,41450000,0.0,0.0,0.0,0.0,0.0,0.0,0,,,,H
273,2001/02,,as-monaco,olympique-de-marseille,0.0,0.0,0.0,0.0,0.0,73.63,257100000,0.0,0.0,0.0,0.0,0.0,73.85,58850000,,,,D
274,2001/02,,aj-auxerre,losc-lille,0.0,0.0,0.0,0.0,0.0,0.0,0,0.0,0.0,0.0,0.0,0.0,72.18,86050000,,,,H
275,2001/02,,fc-lorient,olympique-lyonnais,0.0,0.0,0.0,0.0,0.0,70.23,70850000,0.0,0.0,0.0,0.0,0.0,72.74,89500000,,,,A
276,2001/02,,stade-rennais,fc-nantes,0.0,0.0,0.0,0.0,0.0,73.39,253175000,0.0,0.0,0.0,0.0,0.0,69.58,54600000,,,,H
277,2001/02,,fc-metz,as-monaco,0.0,0.0,0.0,0.0,0.0,67.29,41450000,0.0,0.0,0.0,0.0,0.0,73.63,257100000,,,,H
278,2001/02,,losc-lille,stade-rennais,0.0,0.0,0.0,0.0,0.0,72.18,86050000,0.0,0.0,0.0,0.0,0.0,73.39,253175000,,,,H
279,2001/02,,olympique-lyonnais,aj-auxerre,0.0,0.0,0.0,0.0,0.0,72.74,89500000,0.0,0.0,0.0,0.0,0.0,0.0,0,,,,H
280,2001/02,,fc-nantes,paris-saint-germain,0.0,0.0,0.0,0.0,0.0,69.58,54600000,0.0,0.0,0.0,0.0,0.0,0.0,0,,,,A
281,2001/02,,fc-lorient,fc-nantes,0.0,0.0,0.0,0.0,0.0,70.23,70850000,0.0,0.0,0.0,0.0,0.0,69.58,54600000,,,,A
282,2001/02,,as-monaco,losc-lille,0.0,0.0,0.0,0.0,0.0,73.63,257100000,0.0,0.0,0.0,0.0,0.0,72.18,86050000,,,,D
283,2001/02,,stade-rennais,fc-metz,0.0,0.0,0.0,0.0,0.0,73.39,253175000,0.0,0.0,0.0,0.0,0.0,67.29,41450000,,,,D
284,2001/02,,paris-saint-germain,olympique-de-marseille,0.0,0.0,0.0,0.0,0.0,0.0,0,0.0,0.0,0.0,0.0,0.0,73.85,58850000,,,,D
285,2001/02,,aj-auxerre,as-monaco,0.0,0.0,0.0,0.0,0.0,0.0,0,0.0,0.0,0.0,0.0,0.0,73.63,257100000,,,,H
286,2001/02,,olympique-de-marseille,fc-lorient,0.0,0.0,0.0,0.0,0.0,73.85,58850000,0.0,0.0,0.0,0.0,0.0,70.23,70850000,,,,H
287,2001/02,,fc-metz,paris-saint-germain,0.0,0.0,0.0,0.0,0.0,67.29,41450000,0.0,0.0,0.0,0.0,0.0,0.0,0,,,,A
288,2001/02,,rc-lens,fc-nantes,0.0,0.0,0.0,0.0,0.0,72.84,82750000,0.0,0.0,0.0,0.0,0.0,69.58,54600000,,,,H
289,2001/02,,fc-lorient,losc-lille,0.0,0.0,0.0,0.0,0.0,70.23,70850000,0.0,0.0,0.0,0.0,0.0,72.18,86050000,,,,A
290,2001/02,,paris-saint-germain,aj-auxerre,0.0,0.0,0.0,0.0,0.0,0.0,0,0.0,0.0,0.0,0.0,0.0,0.0,0,,,,D
291,2001/02,,olympique-de-marseille,rc-lens,0.0,0.0,0.0,0.0,0.0,73.85,58850000,0.0,0.0,0.0,0.0,0.0,72.84,82750000,,,,A
292,2001/02,,as-monaco,stade-rennais,0.0,0.0,0.0,0.0,0.0,73.63,257100000,0.0,0.0,0.0,0.0,0.0,73.39,253175000,,,,H
293,2001/02,,paris-saint-germain,as-monaco,0.0,0.0,0.0,0.0,0.0,0.0,0,0.0,0.0,0.0,0.0,0.0,73.63,257100000,,,,A
294,2001/02,,losc-lille,rc-lens,0.0,0.0,0.0,0.0,0.0,72.18,86050000,0.0,0.0,0.0,0.0,0.0,72.84,82750000,,,,A
295,2001/02,,as-monaco,fc-lorient,0.0,0.0,0.0,0.0,0.0,73.63,257100000,0.0,0.0,0.0,0.0,0.0,70.23,70850000,,,,H
296,2001/02,,stade-rennais,paris-saint-germain,0.0,0.0,0.0,0.0,0.0,73.39,253175000,0.0,0.0,0.0,0.0,0.0,0.0,0,,,,A
297,2001/02,,aj-auxerre,fc-lorient,0.0,0.0,0.0,0.0,0.0,0.0,0,0.0,0.0,0.0,0.0,0.0,70.23,70850000,,,,D
298,2001/02,,fc-lorient,stade-rennais,0.0,0.0,0.0,0.0,0.0,70.23,70850000,0.0,0.0,0.0,0.0,0.0,73.39,253175000,,,,H
299,2001/02,,olympique-lyonnais,olympique-de-marseille,0.0,0.0,0.0,0.0,0.0,72.74,89500000,0.0,0.0,0.0,0.0,0.0,73.85,58850000,,,,H
300,2001/02,,rc-lens,paris-saint-germain,0.0,0.0,0.0,0.0,0.0,72.84,82750000,0.0,0.0,0.0,0.0,0.0,0.0,0,,,,D
301,2001/02,,fc-nantes,olympique-lyonnais,0.0,0.0,0.0,0.0,0.0,69.58,54600000,0.0,0.0,0.0,0.0,0.0,72.74,89500000,,,,H
302,2001/02,,paris-saint-germain,fc-lorient,0.0,0.0,0.0,0.0,0.0,0.0,0,0.0,0.0,0.0,0.0,0.0,70.23,70850000,,,,H
303,2001/02,,rc-lens,as-monaco,0.0,0.0,0.0,0.0,0.0,72.84,82750000,0.0,0.0,0.0,0.0,0.0,73.63,257100000,,,,H
304,2001/02,,olympique-lyonnais,fc-metz,0.0,0.0,0.0,0.0,0.0,72.74,89500000,0.0,0.0,0.0,0.0,0.0,67.29,41450000,,,,H
305,2001/02,,fc-nantes,olympique-de-marseille,0.0,0.0,0.0,0.0,0.0,69.58,54600000,0.0,0.0,0.0,0.0,0.0,73.85,58850000,,,,H
306,2001/02,,aj-auxerre,rc-lens,0.0,0.0,0.0,0.0,0.0,0.0,0,0.0,0.0,0.0,0.0,0.0,72.84,82750000,,,,H
307,2001/02,,fc-metz,fc-nantes,0.0,0.0,0.0,0.0,0.0,67.29,41450000,0.0,0.0,0.0,0.0,0.0,69.58,54600000,,,,H
308,2001/02,,stade-rennais,olympique-lyonnais,0.0,0.0,0.0,0.0,0.0,73.39,253175000,0.0,0.0,0.0,0.0,0.0,72.74,89500000,,,,D
309,2001/02,,rc-lens,fc-lorient,0.0,0.0,0.0,0.0,0.0,72.84,82750000,0.0,0.0,0.0,0.0,0.0,70.23,70850000,,,,D
310,2001/02,,fc-nantes,losc-lille,0.0,0.0,0.0,0.0,0.0,69.58,54600000,0.0,0.0,0.0,0.0,0.0,72.18,86050000,,,,A
311,2001/02,,olympique-lyonnais,paris-saint-germain,0.0,0.0,0.0,0.0,0.0,72.74,89500000,0.0,0.0,0.0,0.0,0.0,0.0,0,,,,H
312,2001/02,,olympique-de-marseille,fc-metz,0.0,0.0,0.0,0.0,0.0,73.85,58850000,0.0,0.0,0.0,0.0,0.0,67.29,41450000,,,,H
313,2001/02,,aj-auxerre,fc-nantes,0.0,0.0,0.0,0.0,0.0,0.0,0,0.0,0.0,0.0,0.0,0.0,69.58,54600000,,,,H
314,2001/02,,losc-lille,olympique-de-marseille,0.0,0.0,0.0,0.0,0.0,72.18,86050000,0.0,0.0,0.0,0.0,0.0,73.85,58850000,,,,H
315,2001/02,,rc-lens,fc-metz,0.0,0.0,0.0,0.0,0.0,72.84,82750000,0.0,0.0,0.0,0.0,0.0,67.29,41450000,,,,D
316,2001/02,,rc-lens,stade-rennais,0.0,0.0,0.0,0.0,0.0,72.84,82750000,0.0,0.0,0.0,0.0,0.0,73.39,253175000,,,,H
317,2001/02,,olympique-lyonnais,as-monaco,0.0,0.0,0.0,0.0,0.0,72.74,89500000,0.0,0.0,0.0,0.0,0.0,73.63,257100000,,,,H
318,2001/02,,fc-metz,losc-lille,0.0,0.0,0.0,0.0,0.0,67.29,41450000,0.0,0.0,0.0,0.0,0.0,72.18,86050000,,,,A
319,2001/02,,aj-auxerre,fc-metz,0.0,0.0,0.0,0.0,0.0,0.0,0,0.0,0.0,0.0,0.0,0.0,67.29,41450000,,,,H
320,2001/02,,losc-lille,olympique-lyonnais,0.0,0.0,0.0,0.0,0.0,72.18,86050000,0.0,0.0,0.0,0.0,0.0,72.74,89500000,,,,H
321,2001/02,,as-monaco,fc-nantes,0.0,0.0,0.0,0.0,0.0,73.63,257100000,0.0,0.0,0.0,0.0,0.0,69.58,54600000,,,,A
322,2001/02,,stade-rennais,olympique-de-marseille,0.0,0.0,0.0,0.0,0.0,73.39,253175000,0.0,0.0,0.0,0.0,0.0,73.85,58850000,,,,H
323,2001/02,,losc-lille,aj-auxerre,0.0,0.0,0.0,0.0,0.0,72.18,86050000,0.0,0.0,0.0,0.0,0.0,0.0,0,,,,A
324,2001/02,,olympique-lyonnais,fc-lorient,0.0,0.0,0.0,0.0,0.0,72.74,89500000,0.0,0.0,0.0,0.0,0.0,70.23,70850000,,,,H
325,2001/02,,fc-nantes,stade-rennais,0.0,0.0,0.0,0.0,0.0,69.58,54600000,0.0,0.0,0.0,0.0,0.0,73.39,253175000,,,,H
326,2001/02,,olympique-de-marseille,as-monaco,0.0,0.0,0.0,0.0,0.0,73.85,58850000,0.0,0.0,0.0,0.0,0.0,73.63,257100000,,,,D
327,2001/02,,olympique-de-marseille,aj-auxerre,0.0,0.0,0.0,0.0,0.0,73.85,58850000,0.0,0.0,0.0,0.0,0.0,0.0,0,,,,H
328,2001/02,,as-monaco,fc-metz,0.0,0.0,0.0,0.0,0.0,73.63,257100000,0.0,0.0,0.0,0.0,0.0,67.29,41450000,,,,D
329,2001/02,,paris-saint-germain,fc-nantes,0.0,0.0,0.0,0.0,0.0,0.0,0,0.0,0.0,0.0,0.0,0.0,69.58,54600000,,,,D
330,2001/02,,stade-rennais,losc-lille,0.0,0.0,0.0,0.0,0.0,73.39,253175000,0.0,0.0,0.0,0.0,0.0,72.18,86050000,,,,H
331,2001/02,,aj-auxerre,olympique-lyonnais,0.0,0.0,0.0,0.0,0.0,0.0,0,0.0,0.0,0.0,0.0,0.0,72.74,89500000,,,,A
332,2001/02,,olympique-de-marseille,paris-saint-germain,0.0,0.0,0.0,0.0,0.0,73.85,58850000,0.0,0.0,0.0,0.0,0.0,0.0,0,,,,H
333,2001/02,,losc-lille,as-monaco,0.0,0.0,0.0,0.0,0.0,72.18,86050000,0.0,0.0,0.0,0.0,0.0,73.63,257100000,,,,D
334,2001/02,,fc-metz,stade-rennais,0.0,0.0,0.0,0.0,0.0,67.29,41450000,0.0,0.0,0.0,0.0,0.0,73.39,253175000,,,,H
335,2001/02,,fc-nantes,fc-lorient,0.0,0.0,0.0,0.0,0.0,69.58,54600000,0.0,0.0,0.0,0.0,0.0,70.23,70850000,,,,H
336,2001/02,,fc-lorient,olympique-de-marseille,0.0,0.0,0.0,0.0,0.0,70.23,70850000,0.0,0.0,0.0,0.0,0.0,73.85,58850000,,,,D
337,2001/02,,as-monaco,aj-auxerre,0.0,0.0,0.0,0.0,0.0,73.63,257100000,0.0,0.0,0.0,0.0,0.0,0.0,0,,,,D
338,2001/02,,paris-saint-germain,fc-metz,0.0,0.0,0.0,0.0,0.0,0.0,0,0.0,0.0,0.0,0.0,0.0,67.29,41450000,,,,H
339,2001/02,,aj-auxerre,stade-rennais,0.0,0.0,0.0,0.0,0.0,0.0,0,0.0,0.0,0.0,0.0,0.0,73.39,253175000,,,,A
340,2001/02,,losc-lille,paris-saint-germain,0.0,0.0,0.0,0.0,0.0,72.18,86050000,0.0,0.0,0.0,0.0,0.0,0.0,0,,,,H
341,2001/02,,olympique-lyonnais,rc-lens,0.0,0.0,0.0,0.0,0.0,72.74,89500000,0.0,0.0,0.0,0.0,0.0,72.84,82750000,,,,H
342,2001/02,,fc-metz,fc-lorient,0.0,0.0,0.0,0.0,0.0,67.29,41450000,0.0,0.0,0.0,0.0,0.0,70.23,70850000,,,,D
343,2002/03,,olympique-de-marseille,fc-nantes,0.0,0.0,0.0,0.0,0.0,73.85,58850000,0.0,0.0,0.0,0.0,0.0,69.58,54600000,,,,A
344,2002/03,,paris-saint-germain,aj-auxerre,0.0,0.0,0.0,0.0,0.0,0.0,0,0.0,0.0,0.0,0.0,0.0,0.0,0,,,,H
345,2002/03,,as-monaco,olympique-de-marseille,0.0,0.0,0.0,0.0,0.0,73.63,257100000,0.0,0.0,0.0,0.0,0.0,73.85,58850000,,,,A
346,2002/03,,ogc-nice,rc-strasbourg,0.0,0.0,0.0,0.0,0.0,73.28,89200000,0.0,0.0,0.0,0.0,0.0,69.0,72100000,,,,H
347,2002/03,,olympique-de-marseille,olympique-lyonnais,0.0,0.0,0.0,0.0,0.0,73.85,58850000,0.0,0.0,0.0,0.0,0.0,72.74,89500000,,,,D
348,2002/03,,losc-lille,ogc-nice,0.0,0.0,0.0,0.0,0.0,72.18,86050000,0.0,0.0,0.0,0.0,0.0,73.28,89200000,,,,A
349,2002/03,,fc-nantes,rc-lens,0.0,0.0,0.0,0.0,0.0,69.58,54600000,0.0,0.0,0.0,0.0,0.0,72.84,82750000,,,,D
350,2002/03,,stade-rennais,olympique-de-marseille,0.0,0.0,0.0,0.0,0.0,73.39,253175000,0.0,0.0,0.0,0.0,0.0,73.85,58850000,,,,A
351,2002/03,,rc-lens,as-monaco,0.0,0.0,0.0,0.0,0.0,72.84,82750000,0.0,0.0,0.0,0.0,0.0,73.63,257100000,,,,H
352,2002/03,,paris-saint-germain,ogc-nice,0.0,0.0,0.0,0.0,0.0,0.0,0,0.0,0.0,0.0,0.0,0.0,73.28,89200000,,,,D
353,2002/03,,rc-strasbourg,losc-lille,0.0,0.0,0.0,0.0,0.0,69.0,72100000,0.0,0.0,0.0,0.0,0.0,72.18,86050000,,,,D
354,2002/03,,olympique-de-marseille,aj-auxerre,0.0,0.0,0.0,0.0,0.0,73.85,58850000,0.0,0.0,0.0,0.0,0.0,0.0,0,,,,D
355,2002/03,,olympique-lyonnais,rc-lens,0.0,0.0,0.0,0.0,0.0,72.74,89500000,0.0,0.0,0.0,0.0,0.0,72.84,82750000,,,,H
356,2002/03,,losc-lille,paris-saint-germain,0.0,0.0,0.0,0.0,0.0,72.18,86050000,0.0,0.0,0.0,0.0,0.0,0.0,0,,,,H
357,2002/03,,as-monaco,fc-nantes,0.0,0.0,0.0,0.0,0.0,73.63,257100000,0.0,0.0,0.0,0.0,0.0,69.58,54600000,,,,H
358,2002/03,,ogc-nice,olympique-de-marseille,0.0,0.0,0.0,0.0,0.0,73.28,89200000,0.0,0.0,0.0,0.0,0.0,73.85,58850000,,,,H
359,2002/03,,rc-lens,stade-rennais,0.0,0.0,0.0,0.0,0.0,72.84,82750000,0.0,0.0,0.0,0.0,0.0,73.39,253175000,,,,H
360,2002/03,,fc-nantes,olympique-lyonnais,0.0,0.0,0.0,0.0,0.0,69.58,54600000,0.0,0.0,0.0,0.0,0.0,72.74,89500000,,,,H
361,2002/03,,paris-saint-germain,rc-strasbourg,0.0,0.0,0.0,0.0,0.0,0.0,0,0.0,0.0,0.0,0.0,0.0,69.0,72100000,,,,H
362,2002/03,,olympique-lyonnais,as-monaco,0.0,0.0,0.0,0.0,0.0,72.74,89500000,0.0,0.0,0.0,0.0,0.0,73.63,257100000,,,,A
363,2002/03,,stade-rennais,fc-nantes,0.0,0.0,0.0,0.0,0.0,73.39,253175000,0.0,0.0,0.0,0.0,0.0,69.58,54600000,,,,H
364,2002/03,,rc-lens,losc-lille,0.0,0.0,0.0,0.0,0.0,72.84,82750000,0.0,0.0,0.0,0.0,0.0,72.18,86050000,,,,D
365,2002/03,,as-monaco,stade-rennais,0.0,0.0,0.0,0.0,0.0,73.63,257100000,0.0,0.0,0.0,0.0,0.0,73.39,253175000,,,,H
366,2002/03,,fc-nantes,aj-auxerre,0.0,0.0,0.0,0.0,0.0,69.58,54600000,0.0,0.0,0.0,0.0,0.0,0.0,0,,,,A
367,2002/03,,losc-lille,olympique-de-marseille,0.0,0.0,0.0,0.0,0.0,72.18,86050000,0.0,0.0,0.0,0.0,0.0,73.85,58850000,,,,H
368,2002/03,,stade-rennais,olympique-lyonnais,0.0,0.0,0.0,0.0,0.0,73.39,253175000,0.0,0.0,0.0,0.0,0.0,72.74,89500000,,,,A
369,2002/03,,aj-auxerre,as-monaco,0.0,0.0,0.0,0.0,0.0,0.0,0,0.0,0.0,0.0,0.0,0.0,73.63,257100000,,,,D
370,2002/03,,olympique-lyonnais,aj-auxerre,0.0,0.0,0.0,0.0,0.0,72.74,89500000,0.0,0.0,0.0,0.0,0.0,0.0,0,,,,H
371,2002/03,,as-monaco,losc-lille,0.0,0.0,0.0,0.0,0.0,73.63,257100000,0.0,0.0,0.0,0.0,0.0,72.18,86050000,,,,D
372,2002/03,,fc-nantes,ogc-nice,0.0,0.0,0.0,0.0,0.0,69.58,54600000,0.0,0.0,0.0,0.0,0.0,73.28,89200000,,,,D
373,2002/03,,olympique-de-marseille,rc-strasbourg,0.0,0.0,0.0,0.0,0.0,73.85,58850000,0.0,0.0,0.0,0.0,0.0,69.0,72100000,,,,H
374,2002/03,,aj-auxerre,stade-rennais,0.0,0.0,0.0,0.0,0.0,0.0,0,0.0,0.0,0.0,0.0,0.0,73.39,253175000,,,,H
375,2002/03,,ogc-nice,rc-lens,0.0,0.0,0.0,0.0,0.0,73.28,89200000,0.0,0.0,0.0,0.0,0.0,72.84,82750000,,,,D
376,2002/03,,paris-saint-germain,olympique-de-marseille,0.0,0.0,0.0,0.0,0.0,0.0,0,0.0,0.0,0.0,0.0,0.0,73.85,58850000,,,,H
377,2002/03,,rc-lens,aj-auxerre,0.0,0.0,0.0,0.0,0.0,72.84,82750000,0.0,0.0,0.0,0.0,0.0,0.0,0,,,,H
378,2002/03,,olympique-lyonnais,ogc-nice,0.0,0.0,0.0,0.0,0.0,72.74,89500000,0.0,0.0,0.0,0.0,0.0,73.28,89200000,,,,D
379,2002/03,,ogc-nice,as-monaco,0.0,0.0,0.0,0.0,0.0,73.28,89200000,0.0,0.0,0.0,0.0,0.0,73.63,257100000,,,,H
380,2002/03,,losc-lille,fc-nantes,0.0,0.0,0.0,0.0,0.0,72.18,86050000,0.0,0.0,0.0,0.0,0.0,69.58,54600000,,,,A
381,2002/03,,rc-strasbourg,rc-lens,0.0,0.0,0.0,0.0,0.0,69.0,72100000,0.0,0.0,0.0,0.0,0.0,72.84,82750000,,,,H
382,2002/03,,aj-auxerre,ogc-nice,0.0,0.0,0.0,0.0,0.0,0.0,0,0.0,0.0,0.0,0.0,0.0,73.28,89200000,,,,A
383,2002/03,,fc-nantes,rc-strasbourg,0.0,0.0,0.0,0.0,0.0,69.58,54600000,0.0,0.0,0.0,0.0,0.0,69.0,72100000,,,,H
384,2002/03,,rc-lens,paris-saint-germain,0.0,0.0,0.0,0.0,0.0,72.84,82750000,0.0,0.0,0.0,0.0,0.0,0.0,0,,,,H
385,2002/03,,paris-saint-germain,fc-nantes,0.0,0.0,0.0,0.0,0.0,0.0,0,0.0,0.0,0.0,0.0,0.0,69.58,54600000,,,,A
386,2002/03,,losc-lille,olympique-lyonnais,0.0,0.0,0.0,0.0,0.0,72.18,86050000,0.0,0.0,0.0,0.0,0.0,72.74,89500000,,,,H
387,2002/03,,olympique-de-marseille,rc-lens,0.0,0.0,0.0,0.0,0.0,73.85,58850000,0.0,0.0,0.0,0.0,0.0,72.84,82750000,,,,H
388,2002/03,,ogc-nice,stade-rennais,0.0,0.0,0.0,0.0,0.0,73.28,89200000,0.0,0.0,0.0,0.0,0.0,73.39,253175000,,,,D
389,2002/03,,rc-strasbourg,as-monaco,0.0,0.0,0.0,0.0,0.0,69.0,72100000,0.0,0.0,0.0,0.0,0.0,73.63,257100000,,,,H
390,2002/03,,as-monaco,paris-saint-germain,0.0,0.0,0.0,0.0,0.0,73.63,257100000,0.0,0.0,0.0,0.0,0.0,0.0,0,,,,H
391,2002/03,,stade-rennais,losc-lille,0.0,0.0,0.0,0.0,0.0,73.39,253175000,0.0,0.0,0.0,0.0,0.0,72.18,86050000,,,,H
392,2002/03,,olympique-lyonnais,rc-strasbourg,0.0,0.0,0.0,0.0,0.0,72.74,89500000,0.0,0.0,0.0,0.0,0.0,69.0,72100000,,,,H
393,2002/03,,losc-lille,aj-auxerre,0.0,0.0,0.0,0.0,0.0,72.18,86050000,0.0,0.0,0.0,0.0,0.0,0.0,0,,,,D
394,2002/03,,paris-saint-germain,olympique-lyonnais,0.0,0.0,0.0,0.0,0.0,0.0,0,0.0,0.0,0.0,0.0,0.0,72.74,89500000,,,,H
395,2002/03,,rc-strasbourg,stade-rennais,0.0,0.0,0.0,0.0,0.0,69.0,72100000,0.0,0.0,0.0,0.0,0.0,73.39,253175000,,,,A
396,2002/03,,aj-auxerre,rc-strasbourg,0.0,0.0,0.0,0.0,0.0,0.0,0,0.0,0.0,0.0,0.0,0.0,69.0,72100000,,,,D
397,2002/03,,stade-rennais,paris-saint-germain,0.0,0.0,0.0,0.0,0.0,73.39,253175000,0.0,0.0,0.0,0.0,0.0,0.0,0,,,,H
398,2002/03,,olympique-de-marseille,as-monaco,0.0,0.0,0.0,0.0,0.0,73.85,58850000,0.0,0.0,0.0,0.0,0.0,73.63,257100000,,,,D
399,2002/03,,rc-strasbourg,ogc-nice,0.0,0.0,0.0,0.0,0.0,69.0,72100000,0.0,0.0,0.0,0.0,0.0,73.28,89200000,,,,D
400,2002/03,,olympique-lyonnais,olympique-de-marseille,0.0,0.0,0.0,0.0,0.0,72.74,89500000,0.0,0.0,0.0,0.0,0.0,73.85,58850000,,,,H
401,2002/03,,ogc-nice,losc-lille,0.0,0.0,0.0,0.0,0.0,73.28,89200000,0.0,0.0,0.0,0.0,0.0,72.18,86050000,,,,H
402,2002/03,,olympique-de-marseille,stade-rennais,0.0,0.0,0.0,0.0,0.0,73.85,58850000,0.0,0.0,0.0,0.0,0.0,73.39,253175000,,,,H
403,2002/03,,aj-auxerre,olympique-de-marseille,0.0,0.0,0.0,0.0,0.0,0.0,0,0.0,0.0,0.0,0.0,0.0,73.85,58850000,,,,D
404,2002/03,,losc-lille,rc-strasbourg,0.0,0.0,0.0,0.0,0.0,72.18,86050000,0.0,0.0,0.0,0.0,0.0,69.0,72100000,,,,A
405,2002/03,,as-monaco,rc-lens,0.0,0.0,0.0,0.0,0.0,73.63,257100000,0.0,0.0,0.0,0.0,0.0,72.84,82750000,,,,D
406,2002/03,,ogc-nice,paris-saint-germain,0.0,0.0,0.0,0.0,0.0,73.28,89200000,0.0,0.0,0.0,0.0,0.0,0.0,0,,,,D
407,2002/03,,olympique-de-marseille,ogc-nice,0.0,0.0,0.0,0.0,0.0,73.85,58850000,0.0,0.0,0.0,0.0,0.0,73.28,89200000,,,,H
408,2002/03,,rc-lens,olympique-lyonnais,0.0,0.0,0.0,0.0,0.0,72.84,82750000,0.0,0.0,0.0,0.0,0.0,72.74,89500000,,,,D
409,2002/03,,fc-nantes,as-monaco,0.0,0.0,0.0,0.0,0.0,69.58,54600000,0.0,0.0,0.0,0.0,0.0,73.63,257100000,,,,A
410,2002/03,,paris-saint-germain,losc-lille,0.0,0.0,0.0,0.0,0.0,0.0,0,0.0,0.0,0.0,0.0,0.0,72.18,86050000,,,,H
411,2002/03,,olympique-lyonnais,fc-nantes,0.0,0.0,0.0,0.0,0.0,72.74,89500000,0.0,0.0,0.0,0.0,0.0,69.58,54600000,,,,D
412,2002/03,,stade-rennais,rc-lens,0.0,0.0,0.0,0.0,0.0,73.39,253175000,0.0,0.0,0.0,0.0,0.0,72.84,82750000,,,,D
413,2002/03,,rc-strasbourg,paris-saint-germain,0.0,0.0,0.0,0.0,0.0,69.0,72100000,0.0,0.0,0.0,0.0,0.0,0.0,0,,,,A
414,2002/03,,as-monaco,olympique-lyonnais,0.0,0.0,0.0,0.0,0.0,73.63,257100000,0.0,0.0,0.0,0.0,0.0,72.74,89500000,,,,H
415,2002/03,,fc-nantes,stade-rennais,0.0,0.0,0.0,0.0,0.0,69.58,54600000,0.0,0.0,0.0,0.0,0.0,73.39,253175000,,,,H
416,2002/03,,losc-lille,rc-lens,0.0,0.0,0.0,0.0,0.0,72.18,86050000,0.0,0.0,0.0,0.0,0.0,72.84,82750000,,,,A
417,2002/03,,stade-rennais,as-monaco,0.0,0.0,0.0,0.0,0.0,73.39,253175000,0.0,0.0,0.0,0.0,0.0,73.63,257100000,,,,D
418,2002/03,,aj-auxerre,fc-nantes,0.0,0.0,0.0,0.0,0.0,0.0,0,0.0,0.0,0.0,0.0,0.0,69.58,54600000,,,,A
419,2002/03,,olympique-lyonnais,stade-rennais,0.0,0.0,0.0,0.0,0.0,72.74,89500000,0.0,0.0,0.0,0.0,0.0,73.39,253175000,,,,H
420,2002/03,,olympique-de-marseille,losc-lille,0.0,0.0,0.0,0.0,0.0,73.85,58850000,0.0,0.0,0.0,0.0,0.0,72.18,86050000,,,,H
421,2002/03,,as-monaco,aj-auxerre,0.0,0.0,0.0,0.0,0.0,73.63,257100000,0.0,0.0,0.0,0.0,0.0,0.0,0,,,,H
422,2002/03,,ogc-nice,fc-nantes,0.0,0.0,0.0,0.0,0.0,73.28,89200000,0.0,0.0,0.0,0.0,0.0,69.58,54600000,,,,D
423,2002/03,,losc-lille,as-monaco,0.0,0.0,0.0,0.0,0.0,72.18,86050000,0.0,0.0,0.0,0.0,0.0,73.63,257100000,,,,A
424,2002/03,,rc-strasbourg,olympique-de-marseille,0.0,0.0,0.0,0.0,0.0,69.0,72100000,0.0,0.0,0.0,0.0,0.0,73.85,58850000,,,,D
425,2002/03,,aj-auxerre,olympique-lyonnais,0.0,0.0,0.0,0.0,0.0,0.0,0,0.0,0.0,0.0,0.0,0.0,72.74,89500000,,,,A
426,2002/03,,rc-lens,ogc-nice,0.0,0.0,0.0,0.0,0.0,72.84,82750000,0.0,0.0,0.0,0.0,0.0,73.28,89200000,,,,D
427,2002/03,,stade-rennais,aj-auxerre,0.0,0.0,0.0,0.0,0.0,73.39,253175000,0.0,0.0,0.0,0.0,0.0,0.0,0,,,,D
428,2002/03,,olympique-de-marseille,paris-saint-germain,0.0,0.0,0.0,0.0,0.0,73.85,58850000,0.0,0.0,0.0,0.0,0.0,0.0,0,,,,A
429,2002/03,,rc-lens,fc-nantes,0.0,0.0,0.0,0.0,0.0,72.84,82750000,0.0,0.0,0.0,0.0,0.0,69.58,54600000,,,,A
430,2002/03,,aj-auxerre,rc-lens,0.0,0.0,0.0,0.0,0.0,0.0,0,0.0,0.0,0.0,0.0,0.0,72.84,82750000,,,,D
431,2002/03,,ogc-nice,olympique-lyonnais,0.0,0.0,0.0,0.0,0.0,73.28,89200000,0.0,0.0,0.0,0.0,0.0,72.74,89500000,,,,A
432,2002/03,,rc-lens,rc-strasbourg,0.0,0.0,0.0,0.0,0.0,72.84,82750000,0.0,0.0,0.0,0.0,0.0,69.0,72100000,,,,D
433,2002/03,,fc-nantes,losc-lille,0.0,0.0,0.0,0.0,0.0,69.58,54600000,0.0,0.0,0.0,0.0,0.0,72.18,86050000,,,,H
434,2002/03,,as-monaco,ogc-nice,0.0,0.0,0.0,0.0,0.0,73.63,257100000,0.0,0.0,0.0,0.0,0.0,73.28,89200000,,,,A
435,2002/03,,ogc-nice,aj-auxerre,0.0,0.0,0.0,0.0,0.0,73.28,89200000,0.0,0.0,0.0,0.0,0.0,0.0,0,,,,H
436,2002/03,,paris-saint-germain,rc-lens,0.0,0.0,0.0,0.0,0.0,0.0,0,0.0,0.0,0.0,0.0,0.0,72.84,82750000,,,,A
437,2002/03,,rc-strasbourg,fc-nantes,0.0,0.0,0.0,0.0,0.0,69.0,72100000,0.0,0.0,0.0,0.0,0.0,69.58,54600000,,,,H
438,2002/03,,olympique-lyonnais,losc-lille,0.0,0.0,0.0,0.0,0.0,72.74,89500000,0.0,0.0,0.0,0.0,0.0,72.18,86050000,,,,D
439,2002/03,,fc-nantes,paris-saint-germain,0.0,0.0,0.0,0.0,0.0,69.58,54600000,0.0,0.0,0.0,0.0,0.0,0.0,0,,,,D
440,2002/03,,stade-rennais,ogc-nice,0.0,0.0,0.0,0.0,0.0,73.39,253175000,0.0,0.0,0.0,0.0,0.0,73.28,89200000,,,,D
441,2002/03,,rc-lens,olympique-de-marseille,0.0,0.0,0.0,0.0,0.0,72.84,82750000,0.0,0.0,0.0,0.0,0.0,73.85,58850000,,,,A
442,2002/03,,as-monaco,rc-strasbourg,0.0,0.0,0.0,0.0,0.0,73.63,257100000,0.0,0.0,0.0,0.0,0.0,69.0,72100000,,,,H
443,2002/03,,losc-lille,stade-rennais,0.0,0.0,0.0,0.0,0.0,72.18,86050000,0.0,0.0,0.0,0.0,0.0,73.39,253175000,,,,H
444,2002/03,,rc-strasbourg,olympique-lyonnais,0.0,0.0,0.0,0.0,0.0,69.0,72100000,0.0,0.0,0.0,0.0,0.0,72.74,89500000,,,,A
445,2002/03,,paris-saint-germain,as-monaco,0.0,0.0,0.0,0.0,0.0,0.0,0,0.0,0.0,0.0,0.0,0.0,73.63,257100000,,,,H
446,2002/03,,aj-auxerre,losc-lille,0.0,0.0,0.0,0.0,0.0,0.0,0,0.0,0.0,0.0,0.0,0.0,72.18,86050000,,,,D
447,2002/03,,stade-rennais,rc-strasbourg,0.0,0.0,0.0,0.0,0.0,73.39,253175000,0.0,0.0,0.0,0.0,0.0,69.0,72100000,,,,A
448,2002/03,,olympique-lyonnais,paris-saint-germain,0.0,0.0,0.0,0.0,0.0,72.74,89500000,0.0,0.0,0.0,0.0,0.0,0.0,0,,,,H
449,2002/03,,paris-saint-germain,stade-rennais,0.0,0.0,0.0,0.0,0.0,0.0,0,0.0,0.0,0.0,0.0,0.0,73.39,253175000,,,,D
450,2002/03,,rc-strasbourg,aj-auxerre,0.0,0.0,0.0,0.0,0.0,69.0,72100000,0.0,0.0,0.0,0.0,0.0,0.0,0,,,,A
451,2002/03,,aj-auxerre,paris-saint-germain,0.0,0.0,0.0,0.0,0.0,0.0,0,0.0,0.0,0.0,0.0,0.0,0.0,0,,,,H
452,2002/03,,fc-nantes,olympique-de-marseille,0.0,0.0,0.0,0.0,0.0,69.58,54600000,0.0,0.0,0.0,0.0,0.0,73.85,58850000,,,,H
453,2003/04,,losc-lille,olympique-lyonnais,0.0,0.0,0.0,0.0,0.0,72.18,86050000,0.0,0.0,0.0,0.0,0.0,72.74,89500000,,,,H
454,2003/04,,aj-auxerre,ogc-nice,0.0,0.0,0.0,0.0,0.0,0.0,0,0.0,0.0,0.0,0.0,0.0,73.28,89200000,,,,A
455,2003/04,,toulouse-fc,rc-strasbourg,0.0,0.0,0.0,0.0,0.0,68.76,60900000,0.0,0.0,0.0,0.0,0.0,69.0,72100000,,,,D
456,2003/04,,olympique-de-marseille,aj-auxerre,0.0,0.0,0.0,0.0,0.0,73.85,58850000,0.0,0.0,0.0,0.0,0.0,0.0,0,,,,H
457,2003/04,,losc-lille,paris-saint-germain,0.0,0.0,0.0,0.0,0.0,72.18,86050000,0.0,0.0,0.0,0.0,0.0,0.0,0,,,,H
458,2003/04,,olympique-lyonnais,as-monaco,0.0,0.0,0.0,0.0,0.0,72.74,89500000,0.0,0.0,0.0,0.0,0.0,73.63,257100000,,,,H
459,2003/04,,fc-nantes,rc-lens,0.0,0.0,0.0,0.0,0.0,69.58,54600000,0.0,0.0,0.0,0.0,0.0,72.84,82750000,,,,H
460,2003/04,,stade-rennais,toulouse-fc,0.0,0.0,0.0,0.0,0.0,73.39,253175000,0.0,0.0,0.0,0.0,0.0,68.76,60900000,,,,H
461,2003/04,,aj-auxerre,rc-strasbourg,0.0,0.0,0.0,0.0,0.0,0.0,0,0.0,0.0,0.0,0.0,0.0,69.0,72100000,,,,H
462,2003/04,,fc-metz,paris-saint-germain,0.0,0.0,0.0,0.0,0.0,67.29,41450000,0.0,0.0,0.0,0.0,0.0,0.0,0,,,,A
463,2003/04,,toulouse-fc,losc-lille,0.0,0.0,0.0,0.0,0.0,68.76,60900000,0.0,0.0,0.0,0.0,0.0,72.18,86050000,,,,A
464,2003/04,,rc-lens,olympique-de-marseille,0.0,0.0,0.0,0.0,0.0,72.84,82750000,0.0,0.0,0.0,0.0,0.0,73.85,58850000,,,,H
465,2003/04,,losc-lille,fc-metz,0.0,0.0,0.0,0.0,0.0,72.18,86050000,0.0,0.0,0.0,0.0,0.0,67.29,41450000,,,,D
466,2003/04,,olympique-lyonnais,toulouse-fc,0.0,0.0,0.0,0.0,0.0,72.74,89500000,0.0,0.0,0.0,0.0,0.0,68.76,60900000,,,,D
467,2003/04,,rc-strasbourg,rc-lens,0.0,0.0,0.0,0.0,0.0,69.0,72100000,0.0,0.0,0.0,0.0,0.0,72.84,82750000,,,,A
468,2003/04,,paris-saint-germain,as-monaco,0.0,0.0,0.0,0.0,0.0,0.0,0,0.0,0.0,0.0,0.0,0.0,73.63,257100000,,,,A
469,2003/04,,aj-auxerre,stade-rennais,0.0,0.0,0.0,0.0,0.0,0.0,0,0.0,0.0,0.0,0.0,0.0,73.39,253175000,,,,H
470,2003/04,,rc-lens,ogc-nice,0.0,0.0,0.0,0.0,0.0,72.84,82750000,0.0,0.0,0.0,0.0,0.0,73.28,89200000,,,,H
471,2003/04,,as-monaco,fc-metz,0.0,0.0,0.0,0.0,0.0,73.63,257100000,0.0,0.0,0.0,0.0,0.0,67.29,41450000,,,,H
472,2003/04,,losc-lille,as-monaco,0.0,0.0,0.0,0.0,0.0,72.18,86050000,0.0,0.0,0.0,0.0,0.0,73.63,257100000,,,,D
473,2003/04,,olympique-lyonnais,aj-auxerre,0.0,0.0,0.0,0.0,0.0,72.74,89500000,0.0,0.0,0.0,0.0,0.0,0.0,0,,,,D
474,2003/04,,ogc-nice,fc-nantes,0.0,0.0,0.0,0.0,0.0,73.28,89200000,0.0,0.0,0.0,0.0,0.0,69.58,54600000,,,,H
475,2003/04,,stade-rennais,rc-lens,0.0,0.0,0.0,0.0,0.0,73.39,253175000,0.0,0.0,0.0,0.0,0.0,72.84,82750000,,,,H
476,2003/04,,paris-saint-germain,toulouse-fc,0.0,0.0,0.0,0.0,0.0,0.0,0,0.0,0.0,0.0,0.0,0.0,68.76,60900000,,,,H
477,2003/04,,ogc-nice,losc-lille,0.0,0.0,0.0,0.0,0.0,73.28,89200000,0.0,0.0,0.0,0.0,0.0,72.18,86050000,,,,H
478,2003/04,,toulouse-fc,fc-metz,0.0,0.0,0.0,0.0,0.0,68.76,60900000,0.0,0.0,0.0,0.0,0.0,67.29,41450000,,,,H
479,2003/04,,fc-nantes,olympique-de-marseille,0.0,0.0,0.0,0.0,0.0,69.58,54600000,0.0,0.0,0.0,0.0,0.0,73.85,58850000,,,,H
480,2003/04,,olympique-lyonnais,rc-lens,0.0,0.0,0.0,0.0,0.0,72.74,89500000,0.0,0.0,0.0,0.0,0.0,72.84,82750000,,,,H
481,2003/04,,olympique-de-marseille,ogc-nice,0.0,0.0,0.0,0.0,0.0,73.85,58850000,0.0,0.0,0.0,0.0,0.0,73.28,89200000,,,,H
482,2003/04,,as-monaco,toulouse-fc,0.0,0.0,0.0,0.0,0.0,73.63,257100000,0.0,0.0,0.0,0.0,0.0,68.76,60900000,,,,H
483,2003/04,,paris-saint-germain,aj-auxerre,0.0,0.0,0.0,0.0,0.0,0.0,0,0.0,0.0,0.0,0.0,0.0,0.0,0,,,,H
484,2003/04,,rc-strasbourg,fc-nantes,0.0,0.0,0.0,0.0,0.0,69.0,72100000,0.0,0.0,0.0,0.0,0.0,69.58,54600000,,,,H
485,2003/04,,aj-auxerre,losc-lille,0.0,0.0,0.0,0.0,0.0,0.0,0,0.0,0.0,0.0,0.0,0.0,72.18,86050000,,,,H
486,2003/04,,rc-lens,fc-metz,0.0,0.0,0.0,0.0,0.0,72.84,82750000,0.0,0.0,0.0,0.0,0.0,67.29,41450000,,,,A
487,2003/04,,fc-nantes,stade-rennais,0.0,0.0,0.0,0.0,0.0,69.58,54600000,0.0,0.0,0.0,0.0,0.0,73.39,253175000,,,,H
488,2003/04,,ogc-nice,rc-strasbourg,0.0,0.0,0.0,0.0,0.0,73.28,89200000,0.0,0.0,0.0,0.0,0.0,69.0,72100000,,,,D
489,2003/04,,rc-strasbourg,olympique-de-marseille,0.0,0.0,0.0,0.0,0.0,69.0,72100000,0.0,0.0,0.0,0.0,0.0,73.85,58850000,,,,H
490,2003/04,,fc-metz,fc-nantes,0.0,0.0,0.0,0.0,0.0,67.29,41450000,0.0,0.0,0.0,0.0,0.0,69.58,54600000,,,,A
491,2003/04,,as-monaco,aj-auxerre,0.0,0.0,0.0,0.0,0.0,73.63,257100000,0.0,0.0,0.0,0.0,0.0,0.0,0,,,,D
492,2003/04,,stade-rennais,ogc-nice,0.0,0.0,0.0,0.0,0.0,73.39,253175000,0.0,0.0,0.0,0.0,0.0,73.28,89200000,,,,D
493,2003/04,,rc-lens,losc-lille,0.0,0.0,0.0,0.0,0.0,72.84,82750000,0.0,0.0,0.0,0.0,0.0,72.18,86050000,,,,H
494,2003/04,,olympique-de-marseille,stade-rennais,0.0,0.0,0.0,0.0,0.0,73.85,58850000,0.0,0.0,0.0,0.0,0.0,73.39,253175000,,,,H
495,2003/04,,fc-nantes,olympique-lyonnais,0.0,0.0,0.0,0.0,0.0,69.58,54600000,0.0,0.0,0.0,0.0,0.0,72.74,89500000,,,,A
496,2003/04,,rc-strasbourg,fc-metz,0.0,0.0,0.0,0.0,0.0,69.0,72100000,0.0,0.0,0.0,0.0,0.0,67.29,41450000,,,,A
497,2003/04,,olympique-lyonnais,ogc-nice,0.0,0.0,0.0,0.0,0.0,72.74,89500000,0.0,0.0,0.0,0.0,0.0,73.28,89200000,,,,H
498,2003/04,,stade-rennais,rc-strasbourg,0.0,0.0,0.0,0.0,0.0,73.39,253175000,0.0,0.0,0.0,0.0,0.0,69.0,72100000,,,,D
499,2003/04,,toulouse-fc,aj-auxerre,0.0,0.0,0.0,0.0,0.0,68.76,60900000,0.0,0.0,0.0,0.0,0.0,0.0,0,,,,A
500,2003/04,,paris-saint-germain,rc-lens,0.0,0.0,0.0,0.0,0.0,0.0,0,0.0,0.0,0.0,0.0,0.0,72.84,82750000,,,,A
501,2003/04,,fc-nantes,paris-saint-germain,0.0,0.0,0.0,0.0,0.0,69.58,54600000,0.0,0.0,0.0,0.0,0.0,0.0,0,,,,A
502,2003/04,,stade-rennais,losc-lille,0.0,0.0,0.0,0.0,0.0,73.39,253175000,0.0,0.0,0.0,0.0,0.0,72.18,86050000,,,,D
503,2003/04,,olympique-de-marseille,olympique-lyonnais,0.0,0.0,0.0,0.0,0.0,73.85,58850000,0.0,0.0,0.0,0.0,0.0,72.74,89500000,,,,A
504,2003/04,,olympique-lyonnais,rc-strasbourg,0.0,0.0,0.0,0.0,0.0,72.74,89500000,0.0,0.0,0.0,0.0,0.0,69.0,72100000,,,,H
505,2003/04,,losc-lille,olympique-de-marseille,0.0,0.0,0.0,0.0,0.0,72.18,86050000,0.0,0.0,0.0,0.0,0.0,73.85,58850000,,,,A
506,2003/04,,fc-metz,aj-auxerre,0.0,0.0,0.0,0.0,0.0,67.29,41450000,0.0,0.0,0.0,0.0,0.0,0.0,0,,,,A
507,2003/04,,as-monaco,rc-lens,0.0,0.0,0.0,0.0,0.0,73.63,257100000,0.0,0.0,0.0,0.0,0.0,72.84,82750000,,,,H
508,2003/04,,paris-saint-germain,ogc-nice,0.0,0.0,0.0,0.0,0.0,0.0,0,0.0,0.0,0.0,0.0,0.0,73.28,89200000,,,,D
509,2003/04,,fc-nantes,as-monaco,0.0,0.0,0.0,0.0,0.0,69.58,54600000,0.0,0.0,0.0,0.0,0.0,73.63,257100000,,,,A
510,2003/04,,ogc-nice,fc-metz,0.0,0.0,0.0,0.0,0.0,73.28,89200000,0.0,0.0,0.0,0.0,0.0,67.29,41450000,,,,D
511,2003/04,,stade-rennais,olympique-lyonnais,0.0,0.0,0.0,0.0,0.0,73.39,253175000,0.0,0.0,0.0,0.0,0.0,72.74,89500000,,,,H
512,2003/04,,rc-strasbourg,losc-lille,0.0,0.0,0.0,0.0,0.0,69.0,72100000,0.0,0.0,0.0,0.0,0.0,72.18,86050000,,,,D
513,2003/04,,olympique-de-marseille,paris-saint-germain,0.0,0.0,0.0,0.0,0.0,73.85,58850000,0.0,0.0,0.0,0.0,0.0,0.0,0,,,,A
514,2003/04,,losc-lille,fc-nantes,0.0,0.0,0.0,0.0,0.0,72.18,86050000,0.0,0.0,0.0,0.0,0.0,69.58,54600000,,,,H
515,2003/04,,paris-saint-germain,rc-strasbourg,0.0,0.0,0.0,0.0,0.0,0.0,0,0.0,0.0,0.0,0.0,0.0,69.0,72100000,,,,H
516,2003/04,,toulouse-fc,rc-lens,0.0,0.0,0.0,0.0,0.0,68.76,60900000,0.0,0.0,0.0,0.0,0.0,72.84,82750000,,,,A
517,2003/04,,olympique-lyonnais,fc-metz,0.0,0.0,0.0,0.0,0.0,72.74,89500000,0.0,0.0,0.0,0.0,0.0,67.29,41450000,,,,H
518,2003/04,,olympique-de-marseille,as-monaco,0.0,0.0,0.0,0.0,0.0,73.85,58850000,0.0,0.0,0.0,0.0,0.0,73.63,257100000,,,,A
519,2003/04,,fc-nantes,toulouse-fc,0.0,0.0,0.0,0.0,0.0,69.58,54600000,0.0,0.0,0.0,0.0,0.0,68.76,60900000,,,,D
520,2003/04,,stade-rennais,paris-saint-germain,0.0,0.0,0.0,0.0,0.0,73.39,253175000,0.0,0.0,0.0,0.0,0.0,0.0,0,,,,D
521,2003/04,,aj-auxerre,rc-lens,0.0,0.0,0.0,0.0,0.0,0.0,0,0.0,0.0,0.0,0.0,0.0,72.84,82750000,,,,H
522,2003/04,,fc-metz,stade-rennais,0.0,0.0,0.0,0.0,0.0,67.29,41450000,0.0,0.0,0.0,0.0,0.0,73.39,253175000,,,,D
523,2003/04,,toulouse-fc,ogc-nice,0.0,0.0,0.0,0.0,0.0,68.76,60900000,0.0,0.0,0.0,0.0,0.0,73.28,89200000,,,,D
524,2003/04,,as-monaco,rc-strasbourg,0.0,0.0,0.0,0.0,0.0,73.63,257100000,0.0,0.0,0.0,0.0,0.0,69.0,72100000,,,,H
525,2003/04,,olympique-lyonnais,paris-saint-germain,0.0,0.0,0.0,0.0,0.0,72.74,89500000,0.0,0.0,0.0,0.0,0.0,0.0,0,,,,D
526,2003/04,,olympique-de-marseille,toulouse-fc,0.0,0.0,0.0,0.0,0.0,73.85,58850000,0.0,0.0,0.0,0.0,0.0,68.76,60900000,,,,H
527,2003/04,,fc-nantes,aj-auxerre,0.0,0.0,0.0,0.0,0.0,69.58,54600000,0.0,0.0,0.0,0.0,0.0,0.0,0,,,,H
528,2003/04,,stade-rennais,as-monaco,0.0,0.0,0.0,0.0,0.0,73.39,253175000,0.0,0.0,0.0,0.0,0.0,73.63,257100000,,,,H
529,2003/04,,as-monaco,olympique-lyonnais,0.0,0.0,0.0,0.0,0.0,73.63,257100000,0.0,0.0,0.0,0.0,0.0,72.74,89500000,,,,H
530,2003/04,,aj-auxerre,olympique-de-marseille,0.0,0.0,0.0,0.0,0.0,0.0,0,0.0,0.0,0.0,0.0,0.0,73.85,58850000,,,,H
531,2003/04,,rc-lens,fc-nantes,0.0,0.0,0.0,0.0,0.0,72.84,82750000,0.0,0.0,0.0,0.0,0.0,69.58,54600000,,,,D
532,2003/04,,paris-saint-germain,losc-lille,0.0,0.0,0.0,0.0,0.0,0.0,0,0.0,0.0,0.0,0.0,0.0,72.18,86050000,,,,H
533,2003/04,,toulouse-fc,stade-rennais,0.0,0.0,0.0,0.0,0.0,68.76,60900000,0.0,0.0,0.0,0.0,0.0,73.39,253175000,,,,H
534,2003/04,,losc-lille,toulouse-fc,0.0,0.0,0.0,0.0,0.0,72.18,86050000,0.0,0.0,0.0,0.0,0.0,68.76,60900000,,,,A
535,2003/04,,paris-saint-germain,fc-metz,0.0,0.0,0.0,0.0,0.0,0.0,0,0.0,0.0,0.0,0.0,0.0,67.29,41450000,,,,D
536,2003/04,,rc-strasbourg,aj-auxerre,0.0,0.0,0.0,0.0,0.0,69.0,72100000,0.0,0.0,0.0,0.0,0.0,0.0,0,,,,A
537,2003/04,,olympique-de-marseille,rc-lens,0.0,0.0,0.0,0.0,0.0,73.85,58850000,0.0,0.0,0.0,0.0,0.0,72.84,82750000,,,,H
538,2003/04,,as-monaco,ogc-nice,0.0,0.0,0.0,0.0,0.0,73.63,257100000,0.0,0.0,0.0,0.0,0.0,73.28,89200000,,,,D
539,2003/04,,fc-metz,olympique-de-marseille,0.0,0.0,0.0,0.0,0.0,67.29,41450000,0.0,0.0,0.0,0.0,0.0,73.85,58850000,,,,D
540,2003/04,,as-monaco,paris-saint-germain,0.0,0.0,0.0,0.0,0.0,73.63,257100000,0.0,0.0,0.0,0.0,0.0,0.0,0,,,,D
541,2003/04,,rc-lens,rc-strasbourg,0.0,0.0,0.0,0.0,0.0,72.84,82750000,0.0,0.0,0.0,0.0,0.0,69.0,72100000,,,,H
542,2003/04,,fc-metz,losc-lille,0.0,0.0,0.0,0.0,0.0,67.29,41450000,0.0,0.0,0.0,0.0,0.0,72.18,86050000,,,,A
543,2003/04,,toulouse-fc,olympique-lyonnais,0.0,0.0,0.0,0.0,0.0,68.76,60900000,0.0,0.0,0.0,0.0,0.0,72.74,89500000,,,,A
544,2003/04,,fc-metz,as-monaco,0.0,0.0,0.0,0.0,0.0,67.29,41450000,0.0,0.0,0.0,0.0,0.0,73.63,257100000,,,,A
545,2003/04,,ogc-nice,rc-lens,0.0,0.0,0.0,0.0,0.0,73.28,89200000,0.0,0.0,0.0,0.0,0.0,72.84,82750000,,,,H
546,2003/04,,stade-rennais,aj-auxerre,0.0,0.0,0.0,0.0,0.0,73.39,253175000,0.0,0.0,0.0,0.0,0.0,0.0,0,,,,A
547,2003/04,,rc-lens,stade-rennais,0.0,0.0,0.0,0.0,0.0,72.84,82750000,0.0,0.0,0.0,0.0,0.0,73.39,253175000,,,,H
548,2003/04,,as-monaco,losc-lille,0.0,0.0,0.0,0.0,0.0,73.63,257100000,0.0,0.0,0.0,0.0,0.0,72.18,86050000,,,,A
549,2003/04,,fc-nantes,ogc-nice,0.0,0.0,0.0,0.0,0.0,69.58,54600000,0.0,0.0,0.0,0.0,0.0,73.28,89200000,,,,H
550,2003/04,,toulouse-fc,paris-saint-germain,0.0,0.0,0.0,0.0,0.0,68.76,60900000,0.0,0.0,0.0,0.0,0.0,0.0,0,,,,A
551,2003/04,,aj-auxerre,olympique-lyonnais,0.0,0.0,0.0,0.0,0.0,0.0,0,0.0,0.0,0.0,0.0,0.0,72.74,89500000,,,,A
552,2003/04,,losc-lille,ogc-nice,0.0,0.0,0.0,0.0,0.0,72.18,86050000,0.0,0.0,0.0,0.0,0.0,73.28,89200000,,,,A
553,2003/04,,fc-metz,toulouse-fc,0.0,0.0,0.0,0.0,0.0,67.29,41450000,0.0,0.0,0.0,0.0,0.0,68.76,60900000,,,,A
554,2003/04,,olympique-de-marseille,fc-nantes,0.0,0.0,0.0,0.0,0.0,73.85,58850000,0.0,0.0,0.0,0.0,0.0,69.58,54600000,,,,D
555,2003/04,,rc-lens,olympique-lyonnais,0.0,0.0,0.0,0.0,0.0,72.84,82750000,0.0,0.0,0.0,0.0,0.0,72.74,89500000,,,,D
556,2003/04,,fc-nantes,rc-strasbourg,0.0,0.0,0.0,0.0,0.0,69.58,54600000,0.0,0.0,0.0,0.0,0.0,69.0,72100000,,,,D
557,2003/04,,toulouse-fc,as-monaco,0.0,0.0,0.0,0.0,0.0,68.76,60900000,0.0,0.0,0.0,0.0,0.0,73.63,257100000,,,,D
558,2003/04,,aj-auxerre,paris-saint-germain,0.0,0.0,0.0,0.0,0.0,0.0,0,0.0,0.0,0.0,0.0,0.0,0.0,0,,,,D
559,2003/04,,ogc-nice,olympique-de-marseille,0.0,0.0,0.0,0.0,0.0,73.28,89200000,0.0,0.0,0.0,0.0,0.0,73.85,58850000,,,,D
560,2003/04,,losc-lille,aj-auxerre,0.0,0.0,0.0,0.0,0.0,72.18,86050000,0.0,0.0,0.0,0.0,0.0,0.0,0,,,,H
561,2003/04,,fc-metz,rc-lens,0.0,0.0,0.0,0.0,0.0,67.29,41450000,0.0,0.0,0.0,0.0,0.0,72.84,82750000,,,,A
562,2003/04,,stade-rennais,fc-nantes,0.0,0.0,0.0,0.0,0.0,73.39,253175000,0.0,0.0,0.0,0.0,0.0,69.58,54600000,,,,A
563,2003/04,,rc-strasbourg,ogc-nice,0.0,0.0,0.0,0.0,0.0,69.0,72100000,0.0,0.0,0.0,0.0,0.0,73.28,89200000,,,,D
564,2003/04,,fc-nantes,fc-metz,0.0,0.0,0.0,0.0,0.0,69.58,54600000,0.0,0.0,0.0,0.0,0.0,67.29,41450000,,,,D
565,2003/04,,ogc-nice,stade-rennais,0.0,0.0,0.0,0.0,0.0,73.28,89200000,0.0,0.0,0.0,0.0,0.0,73.39,253175000,,,,H
566,2003/04,,aj-auxerre,as-monaco,0.0,0.0,0.0,0.0,0.0,0.0,0,0.0,0.0,0.0,0.0,0.0,73.63,257100000,,,,D
567,2003/04,,olympique-de-marseille,rc-strasbourg,0.0,0.0,0.0,0.0,0.0,73.85,58850000,0.0,0.0,0.0,0.0,0.0,69.0,72100000,,,,H
568,2003/04,,losc-lille,rc-lens,0.0,0.0,0.0,0.0,0.0,72.18,86050000,0.0,0.0,0.0,0.0,0.0,72.84,82750000,,,,D
569,2003/04,,olympique-lyonnais,fc-nantes,0.0,0.0,0.0,0.0,0.0,72.74,89500000,0.0,0.0,0.0,0.0,0.0,69.58,54600000,,,,H
570,2003/04,,fc-metz,rc-strasbourg,0.0,0.0,0.0,0.0,0.0,67.29,41450000,0.0,0.0,0.0,0.0,0.0,69.0,72100000,,,,H
571,2003/04,,stade-rennais,olympique-de-marseille,0.0,0.0,0.0,0.0,0.0,73.39,253175000,0.0,0.0,0.0,0.0,0.0,73.85,58850000,,,,H
572,2003/04,,ogc-nice,olympique-lyonnais,0.0,0.0,0.0,0.0,0.0,73.28,89200000,0.0,0.0,0.0,0.0,0.0,72.74,89500000,,,,A
573,2003/04,,rc-strasbourg,stade-rennais,0.0,0.0,0.0,0.0,0.0,69.0,72100000,0.0,0.0,0.0,0.0,0.0,73.39,253175000,,,,A
574,2003/04,,aj-auxerre,toulouse-fc,0.0,0.0,0.0,0.0,0.0,0.0,0,0.0,0.0,0.0,0.0,0.0,68.76,60900000,,,,H
575,2003/04,,rc-lens,paris-saint-germain,0.0,0.0,0.0,0.0,0.0,72.84,82750000,0.0,0.0,0.0,0.0,0.0,0.0,0,,,,H
576,2003/04,,losc-lille,stade-rennais,0.0,0.0,0.0,0.0,0.0,72.18,86050000,0.0,0.0,0.0,0.0,0.0,73.39,253175000,,,,H
577,2003/04,,olympique-lyonnais,olympique-de-marseille,0.0,0.0,0.0,0.0,0.0,72.74,89500000,0.0,0.0,0.0,0.0,0.0,73.85,58850000,,,,A
578,2003/04,,paris-saint-germain,fc-nantes,0.0,0.0,0.0,0.0,0.0,0.0,0,0.0,0.0,0.0,0.0,0.0,69.58,54600000,,,,H
579,2003/04,,aj-auxerre,fc-metz,0.0,0.0,0.0,0.0,0.0,0.0,0,0.0,0.0,0.0,0.0,0.0,67.29,41450000,,,,H
580,2003/04,,rc-lens,as-monaco,0.0,0.0,0.0,0.0,0.0,72.84,82750000,0.0,0.0,0.0,0.0,0.0,73.63,257100000,,,,D
581,2003/04,,ogc-nice,paris-saint-germain,0.0,0.0,0.0,0.0,0.0,73.28,89200000,0.0,0.0,0.0,0.0,0.0,0.0,0,,,,A
582,2003/04,,rc-strasbourg,olympique-lyonnais,0.0,0.0,0.0,0.0,0.0,69.0,72100000,0.0,0.0,0.0,0.0,0.0,72.74,89500000,,,,A
583,2003/04,,olympique-de-marseille,losc-lille,0.0,0.0,0.0,0.0,0.0,73.85,58850000,0.0,0.0,0.0,0.0,0.0,72.18,86050000,,,,H
584,2003/04,,losc-lille,rc-strasbourg,0.0,0.0,0.0,0.0,0.0,72.18,86050000,0.0,0.0,0.0,0.0,0.0,69.0,72100000,,,,A
585,2003/04,,olympique-lyonnais,stade-rennais,0.0,0.0,0.0,0.0,0.0,72.74,89500000,0.0,0.0,0.0,0.0,0.0,73.39,253175000,,,,H
586,2003/04,,fc-metz,ogc-nice,0.0,0.0,0.0,0.0,0.0,67.29,41450000,0.0,0.0,0.0,0.0,0.0,73.28,89200000,,,,H
587,2003/04,,as-monaco,fc-nantes,0.0,0.0,0.0,0.0,0.0,73.63,257100000,0.0,0.0,0.0,0.0,0.0,69.58,54600000,,,,A
588,2003/04,,paris-saint-germain,olympique-de-marseille,0.0,0.0,0.0,0.0,0.0,0.0,0,0.0,0.0,0.0,0.0,0.0,73.85,58850000,,,,H
589,2003/04,,ogc-nice,as-monaco,0.0,0.0,0.0,0.0,0.0,73.28,89200000,0.0,0.0,0.0,0.0,0.0,73.63,257100000,,,,A
590,2003/04,,rc-lens,toulouse-fc,0.0,0.0,0.0,0.0,0.0,72.84,82750000,0.0,0.0,0.0,0.0,0.0,68.76,60900000,,,,D
591,2003/04,,olympique-de-marseille,fc-metz,0.0,0.0,0.0,0.0,0.0,73.85,58850000,0.0,0.0,0.0,0.0,0.0,67.29,41450000,,,,A
592,2003/04,,fc-nantes,losc-lille,0.0,0.0,0.0,0.0,0.0,69.58,54600000,0.0,0.0,0.0,0.0,0.0,72.18,86050000,,,,H
593,2003/04,,rc-strasbourg,paris-saint-germain,0.0,0.0,0.0,0.0,0.0,69.0,72100000,0.0,0.0,0.0,0.0,0.0,0.0,0,,,,D
594,2003/04,,fc-metz,olympique-lyonnais,0.0,0.0,0.0,0.0,0.0,67.29,41450000,0.0,0.0,0.0,0.0,0.0,72.74,89500000,,,,A
595,2003/04,,paris-saint-germain,stade-rennais,0.0,0.0,0.0,0.0,0.0,0.0,0,0.0,0.0,0.0,0.0,0.0,73.39,253175000,,,,H
596,2003/04,,toulouse-fc,fc-nantes,0.0,0.0,0.0,0.0,0.0,68.76,60900000,0.0,0.0,0.0,0.0,0.0,69.58,54600000,,,,A
597,2003/04,,as-monaco,olympique-de-marseille,0.0,0.0,0.0,0.0,0.0,73.63,257100000,0.0,0.0,0.0,0.0,0.0,73.85,58850000,,,,H
598,2003/04,,rc-lens,aj-auxerre,0.0,0.0,0.0,0.0,0.0,72.84,82750000,0.0,0.0,0.0,0.0,0.0,0.0,0,,,,A
599,2003/04,,ogc-nice,toulouse-fc,0.0,0.0,0.0,0.0,0.0,73.28,89200000,0.0,0.0,0.0,0.0,0.0,68.76,60900000,,,,D
600,2003/04,,stade-rennais,fc-metz,0.0,0.0,0.0,0.0,0.0,73.39,253175000,0.0,0.0,0.0,0.0,0.0,67.29,41450000,,,,D
601,2003/04,,rc-strasbourg,as-monaco,0.0,0.0,0.0,0.0,0.0,69.0,72100000,0.0,0.0,0.0,0.0,0.0,73.63,257100000,,,,D
602,2003/04,,aj-auxerre,fc-nantes,0.0,0.0,0.0,0.0,0.0,0.0,0,0.0,0.0,0.0,0.0,0.0,69.58,54600000,,,,H
603,2003/04,,as-monaco,stade-rennais,0.0,0.0,0.0,0.0,0.0,73.63,257100000,0.0,0.0,0.0,0.0,0.0,73.39,253175000,,,,A
604,2003/04,,paris-saint-germain,olympique-lyonnais,0.0,0.0,0.0,0.0,0.0,0.0,0,0.0,0.0,0.0,0.0,0.0,72.74,89500000,,,,H
605,2003/04,,toulouse-fc,olympique-de-marseille,0.0,0.0,0.0,0.0,0.0,68.76,60900000,0.0,0.0,0.0,0.0,0.0,73.85,58850000,,,,H
606,2003/04,,olympique-lyonnais,losc-lille,0.0,0.0,0.0,0.0,0.0,72.74,89500000,0.0,0.0,0.0,0.0,0.0,72.18,86050000,,,,H
607,2003/04,,ogc-nice,aj-auxerre,0.0,0.0,0.0,0.0,0.0,73.28,89200000,0.0,0.0,0.0,0.0,0.0,0.0,0,,,,D
608,2003/04,,rc-strasbourg,toulouse-fc,0.0,0.0,0.0,0.0,0.0,69.0,72100000,0.0,0.0,0.0,0.0,0.0,68.76,60900000,,,,D
609,2004/05,,ogc-nice,olympique-lyonnais,0.0,0.0,0.0,0.0,0.0,73.28,89200000,0.0,0.0,0.0,0.0,0.0,72.74,89500000,,,,A
610,2004/05,,losc-lille,aj-auxerre,0.0,0.0,0.0,0.0,0.0,72.18,86050000,0.0,0.0,0.0,0.0,0.0,0.0,0,,,,H
611,2004/05,,fc-metz,fc-nantes,0.0,0.0,0.0,0.0,0.0,67.29,41450000,0.0,0.0,0.0,0.0,0.0,69.58,54600000,,,,H
612,2004/05,,stade-rennais,paris-saint-germain,0.0,0.0,0.0,0.0,0.0,73.39,253175000,0.0,0.0,0.0,0.0,0.0,0.0,0,,,,H
613,2004/05,,toulouse-fc,rc-lens,0.0,0.0,0.0,0.0,0.0,68.76,60900000,0.0,0.0,0.0,0.0,0.0,72.84,82750000,,,,D
614,2004/05,,aj-auxerre,stade-rennais,0.0,0.0,0.0,0.0,0.0,0.0,0,0.0,0.0,0.0,0.0,0.0,73.39,253175000,,,,H
615,2004/05,,rc-strasbourg,toulouse-fc,0.0,0.0,0.0,0.0,0.0,69.0,72100000,0.0,0.0,0.0,0.0,0.0,68.76,60900000,,,,A
616,2004/05,,olympique-de-marseille,losc-lille,0.0,0.0,0.0,0.0,0.0,73.85,58850000,0.0,0.0,0.0,0.0,0.0,72.18,86050000,,,,H
617,2004/05,,ogc-nice,olympique-de-marseille,0.0,0.0,0.0,0.0,0.0,73.28,89200000,0.0,0.0,0.0,0.0,0.0,73.85,58850000,,,,D
618,2004/05,,stade-rennais,fc-nantes,0.0,0.0,0.0,0.0,0.0,73.39,253175000,0.0,0.0,0.0,0.0,0.0,69.58,54600000,,,,H
619,2004/05,,toulouse-fc,paris-saint-germain,0.0,0.0,0.0,0.0,0.0,68.76,60900000,0.0,0.0,0.0,0.0,0.0,0.0,0,,,,H
620,2004/05,,fc-metz,olympique-lyonnais,0.0,0.0,0.0,0.0,0.0,67.29,41450000,0.0,0.0,0.0,0.0,0.0,72.74,89500000,,,,D
621,2004/05,,rc-lens,as-monaco,0.0,0.0,0.0,0.0,0.0,72.84,82750000,0.0,0.0,0.0,0.0,0.0,73.63,257100000,,,,D
622,2004/05,,olympique-lyonnais,losc-lille,0.0,0.0,0.0,0.0,0.0,72.74,89500000,0.0,0.0,0.0,0.0,0.0,72.18,86050000,,,,H
623,2004/05,,olympique-de-marseille,fc-metz,0.0,0.0,0.0,0.0,0.0,73.85,58850000,0.0,0.0,0.0,0.0,0.0,67.29,41450000,,,,A
624,2004/05,,fc-nantes,toulouse-fc,0.0,0.0,0.0,0.0,0.0,69.58,54600000,0.0,0.0,0.0,0.0,0.0,68.76,60900000,,,,D
625,2004/05,,losc-lille,ogc-nice,0.0,0.0,0.0,0.0,0.0,72.18,86050000,0.0,0.0,0.0,0.0,0.0,73.28,89200000,,,,H
626,2004/05,,as-monaco,rc-strasbourg,0.0,0.0,0.0,0.0,0.0,73.63,257100000,0.0,0.0,0.0,0.0,0.0,69.0,72100000,,,,H
627,2004/05,,stade-rennais,olympique-lyonnais,0.0,0.0,0.0,0.0,0.0,73.39,253175000,0.0,0.0,0.0,0.0,0.0,72.74,89500000,,,,A
628,2004/05,,olympique-de-marseille,toulouse-fc,0.0,0.0,0.0,0.0,0.0,73.85,58850000,0.0,0.0,0.0,0.0,0.0,68.76,60900000,,,,H
629,2004/05,,rc-strasbourg,rc-lens,0.0,0.0,0.0,0.0,0.0,69.0,72100000,0.0,0.0,0.0,0.0,0.0,72.84,82750000,,,,D
630,2004/05,,aj-auxerre,fc-metz,0.0,0.0,0.0,0.0,0.0,0.0,0,0.0,0.0,0.0,0.0,0.0,67.29,41450000,,,,H
631,2004/05,,paris-saint-germain,as-monaco,0.0,0.0,0.0,0.0,0.0,0.0,0,0.0,0.0,0.0,0.0,0.0,73.63,257100000,,,,A
632,2004/05,,toulouse-fc,olympique-lyonnais,0.0,0.0,0.0,0.0,0.0,68.76,60900000,0.0,0.0,0.0,0.0,0.0,72.74,89500000,,,,A
633,2004/05,,rc-lens,paris-saint-germain,0.0,0.0,0.0,0.0,0.0,72.84,82750000,0.0,0.0,0.0,0.0,0.0,0.0,0,,,,D
634,2004/05,,fc-metz,ogc-nice,0.0,0.0,0.0,0.0,0.0,67.29,41450000,0.0,0.0,0.0,0.0,0.0,73.28,89200000,,,,D
635,2004/05,,as-monaco,fc-nantes,0.0,0.0,0.0,0.0,0.0,73.63,257100000,0.0,0.0,0.0,0.0,0.0,69.58,54600000,,,,H
636,2004/05,,stade-rennais,olympique-de-marseille,0.0,0.0,0.0,0.0,0.0,73.39,253175000,0.0,0.0,0.0,0.0,0.0,73.85,58850000,,,,H
637,2004/05,,losc-lille,fc-metz,0.0,0.0,0.0,0.0,0.0,72.18,86050000,0.0,0.0,0.0,0.0,0.0,67.29,41450000,,,,H
638,2004/05,,olympique-lyonnais,as-monaco,0.0,0.0,0.0,0.0,0.0,72.74,89500000,0.0,0.0,0.0,0.0,0.0,73.63,257100000,,,,D
639,2004/05,,ogc-nice,stade-rennais,0.0,0.0,0.0,0.0,0.0,73.28,89200000,0.0,0.0,0.0,0.0,0.0,73.39,253175000,,,,H
640,2004/05,,paris-saint-germain,rc-strasbourg,0.0,0.0,0.0,0.0,0.0,0.0,0,0.0,0.0,0.0,0.0,0.0,69.0,72100000,,,,H
641,2004/05,,fc-nantes,rc-lens,0.0,0.0,0.0,0.0,0.0,69.58,54600000,0.0,0.0,0.0,0.0,0.0,72.84,82750000,,,,H
642,2004/05,,as-monaco,ogc-nice,0.0,0.0,0.0,0.0,0.0,73.63,257100000,0.0,0.0,0.0,0.0,0.0,73.28,89200000,,,,A
643,2004/05,,rc-strasbourg,fc-nantes,0.0,0.0,0.0,0.0,0.0,69.0,72100000,0.0,0.0,0.0,0.0,0.0,69.58,54600000,,,,A
644,2004/05,,stade-rennais,losc-lille,0.0,0.0,0.0,0.0,0.0,73.39,253175000,0.0,0.0,0.0,0.0,0.0,72.18,86050000,,,,A
645,2004/05,,toulouse-fc,aj-auxerre,0.0,0.0,0.0,0.0,0.0,68.76,60900000,0.0,0.0,0.0,0.0,0.0,0.0,0,,,,A
646,2004/05,,aj-auxerre,rc-lens,0.0,0.0,0.0,0.0,0.0,0.0,0,0.0,0.0,0.0,0.0,0.0,72.84,82750000,,,,H
647,2004/05,,fc-metz,as-monaco,0.0,0.0,0.0,0.0,0.0,67.29,41450000,0.0,0.0,0.0,0.0,0.0,73.63,257100000,,,,D
648,2004/05,,fc-nantes,paris-saint-germain,0.0,0.0,0.0,0.0,0.0,69.58,54600000,0.0,0.0,0.0,0.0,0.0,0.0,0,,,,H
649,2004/05,,ogc-nice,toulouse-fc,0.0,0.0,0.0,0.0,0.0,73.28,89200000,0.0,0.0,0.0,0.0,0.0,68.76,60900000,,,,H
650,2004/05,,stade-rennais,fc-metz,0.0,0.0,0.0,0.0,0.0,73.39,253175000,0.0,0.0,0.0,0.0,0.0,67.29,41450000,,,,H
651,2004/05,,rc-strasbourg,ogc-nice,0.0,0.0,0.0,0.0,0.0,69.0,72100000,0.0,0.0,0.0,0.0,0.0,73.28,89200000,,,,H
652,2004/05,,rc-lens,olympique-de-marseille,0.0,0.0,0.0,0.0,0.0,72.84,82750000,0.0,0.0,0.0,0.0,0.0,73.85,58850000,,,,D
653,2004/05,,as-monaco,aj-auxerre,0.0,0.0,0.0,0.0,0.0,73.63,257100000,0.0,0.0,0.0,0.0,0.0,0.0,0,,,,D
654,2004/05,,toulouse-fc,losc-lille,0.0,0.0,0.0,0.0,0.0,68.76,60900000,0.0,0.0,0.0,0.0,0.0,72.18,86050000,,,,H
655,2004/05,,olympique-de-marseille,as-monaco,0.0,0.0,0.0,0.0,0.0,73.85,58850000,0.0,0.0,0.0,0.0,0.0,73.63,257100000,,,,D
656,2004/05,,aj-auxerre,paris-saint-germain,0.0,0.0,0.0,0.0,0.0,0.0,0,0.0,0.0,0.0,0.0,0.0,0.0,0,,,,D
657,2004/05,,olympique-lyonnais,rc-strasbourg,0.0,0.0,0.0,0.0,0.0,72.74,89500000,0.0,0.0,0.0,0.0,0.0,69.0,72100000,,,,H
658,2004/05,,rc-lens,olympique-lyonnais,0.0,0.0,0.0,0.0,0.0,72.84,82750000,0.0,0.0,0.0,0.0,0.0,72.74,89500000,,,,A
659,2004/05,,toulouse-fc,fc-metz,0.0,0.0,0.0,0.0,0.0,68.76,60900000,0.0,0.0,0.0,0.0,0.0,67.29,41450000,,,,D
660,2004/05,,fc-nantes,aj-auxerre,0.0,0.0,0.0,0.0,0.0,69.58,54600000,0.0,0.0,0.0,0.0,0.0,0.0,0,,,,D
661,2004/05,,paris-saint-germain,olympique-de-marseille,0.0,0.0,0.0,0.0,0.0,0.0,0,0.0,0.0,0.0,0.0,0.0,73.85,58850000,,,,H
662,2004/05,,olympique-lyonnais,fc-nantes,0.0,0.0,0.0,0.0,0.0,72.74,89500000,0.0,0.0,0.0,0.0,0.0,69.58,54600000,,,,H
663,2004/05,,olympique-de-marseille,rc-strasbourg,0.0,0.0,0.0,0.0,0.0,73.85,58850000,0.0,0.0,0.0,0.0,0.0,69.0,72100000,,,,H
664,2004/05,,ogc-nice,rc-lens,0.0,0.0,0.0,0.0,0.0,73.28,89200000,0.0,0.0,0.0,0.0,0.0,72.84,82750000,,,,D
665,2004/05,,stade-rennais,toulouse-fc,0.0,0.0,0.0,0.0,0.0,73.39,253175000,0.0,0.0,0.0,0.0,0.0,68.76,60900000,,,,D
666,2004/05,,losc-lille,as-monaco,0.0,0.0,0.0,0.0,0.0,72.18,86050000,0.0,0.0,0.0,0.0,0.0,73.63,257100000,,,,D
667,2004/05,,paris-saint-germain,olympique-lyonnais,0.0,0.0,0.0,0.0,0.0,0.0,0,0.0,0.0,0.0,0.0,0.0,72.74,89500000,,,,D
668,2004/05,,rc-lens,losc-lille,0.0,0.0,0.0,0.0,0.0,72.84,82750000,0.0,0.0,0.0,0.0,0.0,72.18,86050000,,,,D
669,2004/05,,rc-strasbourg,aj-auxerre,0.0,0.0,0.0,0.0,0.0,69.0,72100000,0.0,0.0,0.0,0.0,0.0,0.0,0,,,,H
670,2004/05,,olympique-lyonnais,aj-auxerre,0.0,0.0,0.0,0.0,0.0,72.74,89500000,0.0,0.0,0.0,0.0,0.0,0.0,0,,,,H
671,2004/05,,olympique-de-marseille,fc-nantes,0.0,0.0,0.0,0.0,0.0,73.85,58850000,0.0,0.0,0.0,0.0,0.0,69.58,54600000,,,,H
672,2004/05,,toulouse-fc,as-monaco,0.0,0.0,0.0,0.0,0.0,68.76,60900000,0.0,0.0,0.0,0.0,0.0,73.63,257100000,,,,D
673,2004/05,,losc-lille,rc-strasbourg,0.0,0.0,0.0,0.0,0.0,72.18,86050000,0.0,0.0,0.0,0.0,0.0,69.0,72100000,,,,D
674,2004/05,,ogc-nice,paris-saint-germain,0.0,0.0,0.0,0.0,0.0,73.28,89200000,0.0,0.0,0.0,0.0,0.0,0.0,0,,,,D
675,2004/05,,as-monaco,stade-rennais,0.0,0.0,0.0,0.0,0.0,73.63,257100000,0.0,0.0,0.0,0.0,0.0,73.39,253175000,,,,H
676,2004/05,,rc-lens,fc-metz,0.0,0.0,0.0,0.0,0.0,72.84,82750000,0.0,0.0,0.0,0.0,0.0,67.29,41450000,,,,H
677,2004/05,,fc-nantes,ogc-nice,0.0,0.0,0.0,0.0,0.0,69.58,54600000,0.0,0.0,0.0,0.0,0.0,73.28,89200000,,,,A
678,2004/05,,paris-saint-germain,losc-lille,0.0,0.0,0.0,0.0,0.0,0.0,0,0.0,0.0,0.0,0.0,0.0,72.18,86050000,,,,D
679,2004/05,,losc-lille,fc-nantes,0.0,0.0,0.0,0.0,0.0,72.18,86050000,0.0,0.0,0.0,0.0,0.0,69.58,54600000,,,,H
680,2004/05,,olympique-de-marseille,aj-auxerre,0.0,0.0,0.0,0.0,0.0,73.85,58850000,0.0,0.0,0.0,0.0,0.0,0.0,0,,,,A
681,2004/05,,fc-metz,rc-strasbourg,0.0,0.0,0.0,0.0,0.0,67.29,41450000,0.0,0.0,0.0,0.0,0.0,69.0,72100000,,,,H
682,2004/05,,stade-rennais,rc-lens,0.0,0.0,0.0,0.0,0.0,73.39,253175000,0.0,0.0,0.0,0.0,0.0,72.84,82750000,,,,H
683,2004/05,,olympique-lyonnais,olympique-de-marseille,0.0,0.0,0.0,0.0,0.0,72.74,89500000,0.0,0.0,0.0,0.0,0.0,73.85,58850000,,,,D
684,2004/05,,aj-auxerre,ogc-nice,0.0,0.0,0.0,0.0,0.0,0.0,0,0.0,0.0,0.0,0.0,0.0,73.28,89200000,,,,H
685,2004/05,,paris-saint-germain,fc-metz,0.0,0.0,0.0,0.0,0.0,0.0,0,0.0,0.0,0.0,0.0,0.0,67.29,41450000,,,,H
686,2004/05,,rc-strasbourg,stade-rennais,0.0,0.0,0.0,0.0,0.0,69.0,72100000,0.0,0.0,0.0,0.0,0.0,73.39,253175000,,,,H
687,2004/05,,losc-lille,olympique-de-marseille,0.0,0.0,0.0,0.0,0.0,72.18,86050000,0.0,0.0,0.0,0.0,0.0,73.85,58850000,,,,A
688,2004/05,,stade-rennais,aj-auxerre,0.0,0.0,0.0,0.0,0.0,73.39,253175000,0.0,0.0,0.0,0.0,0.0,0.0,0,,,,H
689,2004/05,,toulouse-fc,rc-strasbourg,0.0,0.0,0.0,0.0,0.0,68.76,60900000,0.0,0.0,0.0,0.0,0.0,69.0,72100000,,,,H
690,2004/05,,olympique-lyonnais,fc-metz,0.0,0.0,0.0,0.0,0.0,72.74,89500000,0.0,0.0,0.0,0.0,0.0,67.29,41450000,,,,H
691,2004/05,,fc-nantes,stade-rennais,0.0,0.0,0.0,0.0,0.0,69.58,54600000,0.0,0.0,0.0,0.0,0.0,73.39,253175000,,,,H
692,2004/05,,paris-saint-germain,toulouse-fc,0.0,0.0,0.0,0.0,0.0,0.0,0,0.0,0.0,0.0,0.0,0.0,68.76,60900000,,,,D
693,2004/05,,olympique-de-marseille,ogc-nice,0.0,0.0,0.0,0.0,0.0,73.85,58850000,0.0,0.0,0.0,0.0,0.0,73.28,89200000,,,,H
694,2004/05,,fc-metz,olympique-de-marseille,0.0,0.0,0.0,0.0,0.0,67.29,41450000,0.0,0.0,0.0,0.0,0.0,73.85,58850000,,,,A
695,2004/05,,as-monaco,rc-lens,0.0,0.0,0.0,0.0,0.0,73.63,257100000,0.0,0.0,0.0,0.0,0.0,72.84,82750000,,,,H
696,2004/05,,toulouse-fc,fc-nantes,0.0,0.0,0.0,0.0,0.0,68.76,60900000,0.0,0.0,0.0,0.0,0.0,69.58,54600000,,,,H
697,2004/05,,losc-lille,olympique-lyonnais,0.0,0.0,0.0,0.0,0.0,72.18,86050000,0.0,0.0,0.0,0.0,0.0,72.74,89500000,,,,H
698,2004/05,,olympique-lyonnais,stade-rennais,0.0,0.0,0.0,0.0,0.0,72.74,89500000,0.0,0.0,0.0,0.0,0.0,73.39,253175000,,,,H
699,2004/05,,ogc-nice,losc-lille,0.0,0.0,0.0,0.0,0.0,73.28,89200000,0.0,0.0,0.0,0.0,0.0,72.18,86050000,,,,D
700,2004/05,,rc-lens,rc-strasbourg,0.0,0.0,0.0,0.0,0.0,72.84,82750000,0.0,0.0,0.0,0.0,0.0,69.0,72100000,,,,H
701,2004/05,,fc-metz,aj-auxerre,0.0,0.0,0.0,0.0,0.0,67.29,41450000,0.0,0.0,0.0,0.0,0.0,0.0,0,,,,H
702,2004/05,,toulouse-fc,olympique-de-marseille,0.0,0.0,0.0,0.0,0.0,68.76,60900000,0.0,0.0,0.0,0.0,0.0,73.85,58850000,,,,A
703,2004/05,,as-monaco,paris-saint-germain,0.0,0.0,0.0,0.0,0.0,73.63,257100000,0.0,0.0,0.0,0.0,0.0,0.0,0,,,,H
704,2004/05,,olympique-lyonnais,toulouse-fc,0.0,0.0,0.0,0.0,0.0,72.74,89500000,0.0,0.0,0.0,0.0,0.0,68.76,60900000,,,,H
705,2004/05,,olympique-de-marseille,stade-rennais,0.0,0.0,0.0,0.0,0.0,73.85,58850000,0.0,0.0,0.0,0.0,0.0,73.39,253175000,,,,H
706,2004/05,,fc-nantes,as-monaco,0.0,0.0,0.0,0.0,0.0,69.58,54600000,0.0,0.0,0.0,0.0,0.0,73.63,257100000,,,,D
707,2004/05,,ogc-nice,fc-metz,0.0,0.0,0.0,0.0,0.0,73.28,89200000,0.0,0.0,0.0,0.0,0.0,67.29,41450000,,,,D
708,2004/05,,paris-saint-germain,rc-lens,0.0,0.0,0.0,0.0,0.0,0.0,0,0.0,0.0,0.0,0.0,0.0,72.84,82750000,,,,A
709,2004/05,,as-monaco,olympique-lyonnais,0.0,0.0,0.0,0.0,0.0,73.63,257100000,0.0,0.0,0.0,0.0,0.0,72.74,89500000,,,,D
710,2004/05,,rc-lens,fc-nantes,0.0,0.0,0.0,0.0,0.0,72.84,82750000,0.0,0.0,0.0,0.0,0.0,69.58,54600000,,,,H
711,2004/05,,stade-rennais,ogc-nice,0.0,0.0,0.0,0.0,0.0,73.39,253175000,0.0,0.0,0.0,0.0,0.0,73.28,89200000,,,,H
712,2004/05,,rc-strasbourg,paris-saint-germain,0.0,0.0,0.0,0.0,0.0,69.0,72100000,0.0,0.0,0.0,0.0,0.0,0.0,0,,,,H
713,2004/05,,fc-metz,losc-lille,0.0,0.0,0.0,0.0,0.0,67.29,41450000,0.0,0.0,0.0,0.0,0.0,72.18,86050000,,,,D
714,2004/05,,fc-nantes,rc-strasbourg,0.0,0.0,0.0,0.0,0.0,69.58,54600000,0.0,0.0,0.0,0.0,0.0,69.0,72100000,,,,H
715,2004/05,,ogc-nice,as-monaco,0.0,0.0,0.0,0.0,0.0,73.28,89200000,0.0,0.0,0.0,0.0,0.0,73.63,257100000,,,,H
716,2004/05,,losc-lille,stade-rennais,0.0,0.0,0.0,0.0,0.0,72.18,86050000,0.0,0.0,0.0,0.0,0.0,73.39,253175000,,,,D
717,2004/05,,rc-lens,aj-auxerre,0.0,0.0,0.0,0.0,0.0,72.84,82750000,0.0,0.0,0.0,0.0,0.0,0.0,0,,,,H
718,2004/05,,as-monaco,fc-metz,0.0,0.0,0.0,0.0,0.0,73.63,257100000,0.0,0.0,0.0,0.0,0.0,67.29,41450000,,,,D
719,2004/05,,paris-saint-germain,fc-nantes,0.0,0.0,0.0,0.0,0.0,0.0,0,0.0,0.0,0.0,0.0,0.0,69.58,54600000,,,,H
720,2004/05,,toulouse-fc,ogc-nice,0.0,0.0,0.0,0.0,0.0,68.76,60900000,0.0,0.0,0.0,0.0,0.0,73.28,89200000,,,,H
721,2004/05,,olympique-de-marseille,rc-lens,0.0,0.0,0.0,0.0,0.0,73.85,58850000,0.0,0.0,0.0,0.0,0.0,72.84,82750000,,,,H
722,2004/05,,fc-metz,stade-rennais,0.0,0.0,0.0,0.0,0.0,67.29,41450000,0.0,0.0,0.0,0.0,0.0,73.39,253175000,,,,D
723,2004/05,,ogc-nice,rc-strasbourg,0.0,0.0,0.0,0.0,0.0,73.28,89200000,0.0,0.0,0.0,0.0,0.0,69.0,72100000,,,,D
724,2004/05,,aj-auxerre,as-monaco,0.0,0.0,0.0,0.0,0.0,0.0,0,0.0,0.0,0.0,0.0,0.0,73.63,257100000,,,,D
725,2004/05,,losc-lille,toulouse-fc,0.0,0.0,0.0,0.0,0.0,72.18,86050000,0.0,0.0,0.0,0.0,0.0,68.76,60900000,,,,D
726,2004/05,,rc-strasbourg,as-monaco,0.0,0.0,0.0,0.0,0.0,69.0,72100000,0.0,0.0,0.0,0.0,0.0,73.63,257100000,,,,D
727,2004/05,,rc-strasbourg,olympique-lyonnais,0.0,0.0,0.0,0.0,0.0,69.0,72100000,0.0,0.0,0.0,0.0,0.0,72.74,89500000,,,,A
728,2004/05,,as-monaco,olympique-de-marseille,0.0,0.0,0.0,0.0,0.0,73.63,257100000,0.0,0.0,0.0,0.0,0.0,73.85,58850000,,,,H
729,2004/05,,paris-saint-germain,aj-auxerre,0.0,0.0,0.0,0.0,0.0,0.0,0,0.0,0.0,0.0,0.0,0.0,0.0,0,,,,H
730,2004/05,,aj-auxerre,fc-nantes,0.0,0.0,0.0,0.0,0.0,0.0,0,0.0,0.0,0.0,0.0,0.0,69.58,54600000,,,,H
731,2004/05,,olympique-lyonnais,rc-lens,0.0,0.0,0.0,0.0,0.0,72.74,89500000,0.0,0.0,0.0,0.0,0.0,72.84,82750000,,,,H
732,2004/05,,fc-metz,toulouse-fc,0.0,0.0,0.0,0.0,0.0,67.29,41450000,0.0,0.0,0.0,0.0,0.0,68.76,60900000,,,,A
733,2004/05,,olympique-de-marseille,paris-saint-germain,0.0,0.0,0.0,0.0,0.0,73.85,58850000,0.0,0.0,0.0,0.0,0.0,0.0,0,,,,D
734,2004/05,,rc-lens,ogc-nice,0.0,0.0,0.0,0.0,0.0,72.84,82750000,0.0,0.0,0.0,0.0,0.0,73.28,89200000,,,,D
735,2004/05,,fc-nantes,olympique-lyonnais,0.0,0.0,0.0,0.0,0.0,69.58,54600000,0.0,0.0,0.0,0.0,0.0,72.74,89500000,,,,D
736,2004/05,,rc-strasbourg,olympique-de-marseille,0.0,0.0,0.0,0.0,0.0,69.0,72100000,0.0,0.0,0.0,0.0,0.0,73.85,58850000,,,,H
737,2004/05,,toulouse-fc,stade-rennais,0.0,0.0,0.0,0.0,0.0,68.76,60900000,0.0,0.0,0.0,0.0,0.0,73.39,253175000,,,,A
738,2004/05,,losc-lille,rc-lens,0.0,0.0,0.0,0.0,0.0,72.18,86050000,0.0,0.0,0.0,0.0,0.0,72.84,82750000,,,,H
739,2004/05,,aj-auxerre,rc-strasbourg,0.0,0.0,0.0,0.0,0.0,0.0,0,0.0,0.0,0.0,0.0,0.0,69.0,72100000,,,,D
740,2004/05,,olympique-lyonnais,paris-saint-germain,0.0,0.0,0.0,0.0,0.0,72.74,89500000,0.0,0.0,0.0,0.0,0.0,0.0,0,,,,A
741,2004/05,,paris-saint-germain,ogc-nice,0.0,0.0,0.0,0.0,0.0,0.0,0,0.0,0.0,0.0,0.0,0.0,73.28,89200000,,,,H
742,2004/05,,as-monaco,toulouse-fc,0.0,0.0,0.0,0.0,0.0,73.63,257100000,0.0,0.0,0.0,0.0,0.0,68.76,60900000,,,,H
743,2004/05,,fc-nantes,olympique-de-marseille,0.0,0.0,0.0,0.0,0.0,69.58,54600000,0.0,0.0,0.0,0.0,0.0,73.85,58850000,,,,D
744,2004/05,,rc-strasbourg,losc-lille,0.0,0.0,0.0,0.0,0.0,69.0,72100000,0.0,0.0,0.0,0.0,0.0,72.18,86050000,,,,A
745,2004/05,,aj-auxerre,olympique-lyonnais,0.0,0.0,0.0,0.0,0.0,0.0,0,0.0,0.0,0.0,0.0,0.0,72.74,89500000,,,,A
746,2004/05,,aj-auxerre,toulouse-fc,0.0,0.0,0.0,0.0,0.0,0.0,0,0.0,0.0,0.0,0.0,0.0,68.76,60900000,,,,H
747,2004/05,,as-monaco,losc-lille,0.0,0.0,0.0,0.0,0.0,73.63,257100000,0.0,0.0,0.0,0.0,0.0,72.18,86050000,,,,H
748,2004/05,,losc-lille,paris-saint-germain,0.0,0.0,0.0,0.0,0.0,72.18,86050000,0.0,0.0,0.0,0.0,0.0,0.0,0,,,,H
749,2004/05,,fc-metz,rc-lens,0.0,0.0,0.0,0.0,0.0,67.29,41450000,0.0,0.0,0.0,0.0,0.0,72.84,82750000,,,,D
750,2004/05,,ogc-nice,fc-nantes,0.0,0.0,0.0,0.0,0.0,73.28,89200000,0.0,0.0,0.0,0.0,0.0,69.58,54600000,,,,D
751,2004/05,,stade-rennais,as-monaco,0.0,0.0,0.0,0.0,0.0,73.39,253175000,0.0,0.0,0.0,0.0,0.0,73.63,257100000,,,,D
752,2004/05,,aj-auxerre,olympique-de-marseille,0.0,0.0,0.0,0.0,0.0,0.0,0,0.0,0.0,0.0,0.0,0.0,73.85,58850000,,,,D
753,2004/05,,rc-lens,stade-rennais,0.0,0.0,0.0,0.0,0.0,72.84,82750000,0.0,0.0,0.0,0.0,0.0,73.39,253175000,,,,H
754,2004/05,,fc-nantes,losc-lille,0.0,0.0,0.0,0.0,0.0,69.58,54600000,0.0,0.0,0.0,0.0,0.0,72.18,86050000,,,,A
755,2004/05,,rc-strasbourg,fc-metz,0.0,0.0,0.0,0.0,0.0,69.0,72100000,0.0,0.0,0.0,0.0,0.0,67.29,41450000,,,,H
756,2004/05,,olympique-de-marseille,olympique-lyonnais,0.0,0.0,0.0,0.0,0.0,73.85,58850000,0.0,0.0,0.0,0.0,0.0,72.74,89500000,,,,A
757,2004/05,,fc-metz,paris-saint-germain,0.0,0.0,0.0,0.0,0.0,67.29,41450000,0.0,0.0,0.0,0.0,0.0,0.0,0,,,,H
758,2004/05,,ogc-nice,aj-auxerre,0.0,0.0,0.0,0.0,0.0,73.28,89200000,0.0,0.0,0.0,0.0,0.0,0.0,0,,,,H
759,2004/05,,stade-rennais,rc-strasbourg,0.0,0.0,0.0,0.0,0.0,73.39,253175000,0.0,0.0,0.0,0.0,0.0,69.0,72100000,,,,H
760,2004/05,,aj-auxerre,losc-lille,0.0,0.0,0.0,0.0,0.0,0.0,0,0.0,0.0,0.0,0.0,0.0,72.18,86050000,,,,A
761,2004/05,,rc-lens,toulouse-fc,0.0,0.0,0.0,0.0,0.0,72.84,82750000,0.0,0.0,0.0,0.0,0.0,68.76,60900000,,,,H
762,2004/05,,olympique-lyonnais,ogc-nice,0.0,0.0,0.0,0.0,0.0,72.74,89500000,0.0,0.0,0.0,0.0,0.0,73.28,89200000,,,,D
763,2004/05,,fc-nantes,fc-metz,0.0,0.0,0.0,0.0,0.0,69.58,54600000,0.0,0.0,0.0,0.0,0.0,67.29,41450000,,,,H
764,2004/05,,paris-saint-germain,stade-rennais,0.0,0.0,0.0,0.0,0.0,0.0,0,0.0,0.0,0.0,0.0,0.0,73.39,253175000,,,,H
765,2005/06,,paris-saint-germain,fc-metz,0.0,0.0,0.0,0.0,0.0,0.0,0,0.0,0.0,0.0,0.0,0.0,67.29,41450000,,,,H
766,2005/06,,losc-lille,stade-rennais,0.0,0.0,0.0,0.0,0.0,72.18,86050000,0.0,0.0,0.0,0.0,0.0,73.39,253175000,,,,H
767,2005/06,,fc-nantes,rc-lens,0.0,0.0,0.0,0.0,0.0,69.58,54600000,0.0,0.0,0.0,0.0,0.0,72.84,82750000,,,,H
768,2005/06,,rc-strasbourg,aj-auxerre,0.0,0.0,0.0,0.0,0.0,69.0,72100000,0.0,0.0,0.0,0.0,0.0,0.0,0,,,,D
769,2005/06,,rc-lens,olympique-de-marseille,0.0,0.0,0.0,0.0,0.0,72.84,82750000,0.0,0.0,0.0,0.0,0.0,73.85,58850000,,,,H
770,2005/06,,as-monaco,aj-auxerre,0.0,0.0,0.0,0.0,0.0,73.63,257100000,0.0,0.0,0.0,0.0,0.0,0.0,0,,,,A
771,2005/06,,toulouse-fc,ogc-nice,0.0,0.0,0.0,0.0,0.0,68.76,60900000,0.0,0.0,0.0,0.0,0.0,73.28,89200000,,,,A
772,2005/06,,olympique-lyonnais,rc-strasbourg,0.0,0.0,0.0,0.0,0.0,72.74,89500000,0.0,0.0,0.0,0.0,0.0,69.0,72100000,,,,H
773,2005/06,,stade-rennais,fc-nantes,0.0,0.0,0.0,0.0,0.0,73.39,253175000,0.0,0.0,0.0,0.0,0.0,69.58,54600000,,,,A
774,2005/06,,paris-saint-germain,toulouse-fc,0.0,0.0,0.0,0.0,0.0,0.0,0,0.0,0.0,0.0,0.0,0.0,68.76,60900000,,,,H
775,2005/06,,olympique-de-marseille,olympique-lyonnais,0.0,0.0,0.0,0.0,0.0,73.85,58850000,0.0,0.0,0.0,0.0,0.0,72.74,89500000,,,,D
776,2005/06,,rc-strasbourg,as-monaco,0.0,0.0,0.0,0.0,0.0,69.0,72100000,0.0,0.0,0.0,0.0,0.0,73.63,257100000,,,,A
777,2005/06,,rc-lens,aj-auxerre,0.0,0.0,0.0,0.0,0.0,72.84,82750000,0.0,0.0,0.0,0.0,0.0,0.0,0,,,,H
778,2005/06,,fc-metz,rc-strasbourg,0.0,0.0,0.0,0.0,0.0,67.29,41450000,0.0,0.0,0.0,0.0,0.0,69.0,72100000,,,,D
779,2005/06,,ogc-nice,fc-nantes,0.0,0.0,0.0,0.0,0.0,73.28,89200000,0.0,0.0,0.0,0.0,0.0,69.58,54600000,,,,D
780,2005/06,,stade-rennais,olympique-de-marseille,0.0,0.0,0.0,0.0,0.0,73.39,253175000,0.0,0.0,0.0,0.0,0.0,73.85,58850000,,,,H
781,2005/06,,losc-lille,toulouse-fc,0.0,0.0,0.0,0.0,0.0,72.18,86050000,0.0,0.0,0.0,0.0,0.0,68.76,60900000,,,,D
782,2005/06,,fc-nantes,fc-metz,0.0,0.0,0.0,0.0,0.0,69.58,54600000,0.0,0.0,0.0,0.0,0.0,67.29,41450000,,,,D
783,2005/06,,paris-saint-germain,ogc-nice,0.0,0.0,0.0,0.0,0.0,0.0,0,0.0,0.0,0.0,0.0,0.0,73.28,89200000,,,,A
784,2005/06,,aj-auxerre,olympique-lyonnais,0.0,0.0,0.0,0.0,0.0,0.0,0,0.0,0.0,0.0,0.0,0.0,72.74,89500000,,,,A
785,2005/06,,as-monaco,rc-lens,0.0,0.0,0.0,0.0,0.0,73.63,257100000,0.0,0.0,0.0,0.0,0.0,72.84,82750000,,,,D
786,2005/06,,olympique-lyonnais,as-monaco,0.0,0.0,0.0,0.0,0.0,72.74,89500000,0.0,0.0,0.0,0.0,0.0,73.63,257100000,,,,H
787,2005/06,,fc-metz,losc-lille,0.0,0.0,0.0,0.0,0.0,67.29,41450000,0.0,0.0,0.0,0.0,0.0,72.18,86050000,,,,A
788,2005/06,,paris-saint-germain,rc-strasbourg,0.0,0.0,0.0,0.0,0.0,0.0,0,0.0,0.0,0.0,0.0,0.0,69.0,72100000,,,,H
789,2005/06,,stade-rennais,aj-auxerre,0.0,0.0,0.0,0.0,0.0,73.39,253175000,0.0,0.0,0.0,0.0,0.0,0.0,0,,,,H
790,2005/06,,losc-lille,ogc-nice,0.0,0.0,0.0,0.0,0.0,72.18,86050000,0.0,0.0,0.0,0.0,0.0,73.28,89200000,,,,H
791,2005/06,,fc-nantes,toulouse-fc,0.0,0.0,0.0,0.0,0.0,69.58,54600000,0.0,0.0,0.0,0.0,0.0,68.76,60900000,,,,H
792,2005/06,,as-monaco,stade-rennais,0.0,0.0,0.0,0.0,0.0,73.63,257100000,0.0,0.0,0.0,0.0,0.0,73.39,253175000,,,,A
793,2005/06,,rc-strasbourg,rc-lens,0.0,0.0,0.0,0.0,0.0,69.0,72100000,0.0,0.0,0.0,0.0,0.0,72.84,82750000,,,,D
794,2005/06,,fc-metz,aj-auxerre,0.0,0.0,0.0,0.0,0.0,67.29,41450000,0.0,0.0,0.0,0.0,0.0,0.0,0,,,,A
795,2005/06,,paris-saint-germain,losc-lille,0.0,0.0,0.0,0.0,0.0,0.0,0,0.0,0.0,0.0,0.0,0.0,72.18,86050000,,,,H
796,2005/06,,toulouse-fc,olympique-de-marseille,0.0,0.0,0.0,0.0,0.0,68.76,60900000,0.0,0.0,0.0,0.0,0.0,73.85,58850000,,,,H
797,2005/06,,olympique-lyonnais,rc-lens,0.0,0.0,0.0,0.0,0.0,72.74,89500000,0.0,0.0,0.0,0.0,0.0,72.84,82750000,,,,D
798,2005/06,,olympique-de-marseille,fc-metz,0.0,0.0,0.0,0.0,0.0,73.85,58850000,0.0,0.0,0.0,0.0,0.0,67.29,41450000,,,,H
799,2005/06,,as-monaco,ogc-nice,0.0,0.0,0.0,0.0,0.0,73.63,257100000,0.0,0.0,0.0,0.0,0.0,73.28,89200000,,,,D
800,2005/06,,rc-strasbourg,toulouse-fc,0.0,0.0,0.0,0.0,0.0,69.0,72100000,0.0,0.0,0.0,0.0,0.0,68.76,60900000,,,,A
801,2005/06,,rc-lens,stade-rennais,0.0,0.0,0.0,0.0,0.0,72.84,82750000,0.0,0.0,0.0,0.0,0.0,73.39,253175000,,,,D
802,2005/06,,fc-nantes,olympique-lyonnais,0.0,0.0,0.0,0.0,0.0,69.58,54600000,0.0,0.0,0.0,0.0,0.0,72.74,89500000,,,,A
803,2005/06,,paris-saint-germain,fc-nantes,0.0,0.0,0.0,0.0,0.0,0.0,0,0.0,0.0,0.0,0.0,0.0,69.58,54600000,,,,H
804,2005/06,,losc-lille,as-monaco,0.0,0.0,0.0,0.0,0.0,72.18,86050000,0.0,0.0,0.0,0.0,0.0,73.63,257100000,,,,A
805,2005/06,,ogc-nice,olympique-de-marseille,0.0,0.0,0.0,0.0,0.0,73.28,89200000,0.0,0.0,0.0,0.0,0.0,73.85,58850000,,,,A
806,2005/06,,stade-rennais,olympique-lyonnais,0.0,0.0,0.0,0.0,0.0,73.39,253175000,0.0,0.0,0.0,0.0,0.0,72.74,89500000,,,,A
807,2005/06,,toulouse-fc,aj-auxerre,0.0,0.0,0.0,0.0,0.0,68.76,60900000,0.0,0.0,0.0,0.0,0.0,0.0,0,,,,H
808,2005/06,,rc-lens,ogc-nice,0.0,0.0,0.0,0.0,0.0,72.84,82750000,0.0,0.0,0.0,0.0,0.0,73.28,89200000,,,,D
809,2005/06,,as-monaco,fc-metz,0.0,0.0,0.0,0.0,0.0,73.63,257100000,0.0,0.0,0.0,0.0,0.0,67.29,41450000,,,,H
810,2005/06,,rc-strasbourg,stade-rennais,0.0,0.0,0.0,0.0,0.0,69.0,72100000,0.0,0.0,0.0,0.0,0.0,73.39,253175000,,,,A
811,2005/06,,olympique-de-marseille,paris-saint-germain,0.0,0.0,0.0,0.0,0.0,73.85,58850000,0.0,0.0,0.0,0.0,0.0,0.0,0,,,,H
812,2005/06,,losc-lille,fc-nantes,0.0,0.0,0.0,0.0,0.0,72.18,86050000,0.0,0.0,0.0,0.0,0.0,69.58,54600000,,,,H
813,2005/06,,fc-metz,olympique-lyonnais,0.0,0.0,0.0,0.0,0.0,67.29,41450000,0.0,0.0,0.0,0.0,0.0,72.74,89500000,,,,A
814,2005/06,,ogc-nice,aj-auxerre,0.0,0.0,0.0,0.0,0.0,73.28,89200000,0.0,0.0,0.0,0.0,0.0,0.0,0,,,,H
815,2005/06,,rc-lens,toulouse-fc,0.0,0.0,0.0,0.0,0.0,72.84,82750000,0.0,0.0,0.0,0.0,0.0,68.76,60900000,,,,H
816,2005/06,,olympique-de-marseille,losc-lille,0.0,0.0,0.0,0.0,0.0,73.85,58850000,0.0,0.0,0.0,0.0,0.0,72.18,86050000,,,,D
817,2005/06,,stade-rennais,fc-metz,0.0,0.0,0.0,0.0,0.0,73.39,253175000,0.0,0.0,0.0,0.0,0.0,67.29,41450000,,,,H
818,2005/06,,aj-auxerre,paris-saint-germain,0.0,0.0,0.0,0.0,0.0,0.0,0,0.0,0.0,0.0,0.0,0.0,0.0,0,,,,H
819,2005/06,,toulouse-fc,olympique-lyonnais,0.0,0.0,0.0,0.0,0.0,68.76,60900000,0.0,0.0,0.0,0.0,0.0,72.74,89500000,,,,A
820,2005/06,,losc-lille,rc-strasbourg,0.0,0.0,0.0,0.0,0.0,72.18,86050000,0.0,0.0,0.0,0.0,0.0,69.0,72100000,,,,H
821,2005/06,,paris-saint-germain,as-monaco,0.0,0.0,0.0,0.0,0.0,0.0,0,0.0,0.0,0.0,0.0,0.0,73.63,257100000,,,,D
822,2005/06,,aj-auxerre,losc-lille,0.0,0.0,0.0,0.0,0.0,0.0,0,0.0,0.0,0.0,0.0,0.0,72.18,86050000,,,,H
823,2005/06,,rc-lens,fc-metz,0.0,0.0,0.0,0.0,0.0,72.84,82750000,0.0,0.0,0.0,0.0,0.0,67.29,41450000,,,,D
824,2005/06,,olympique-de-marseille,fc-nantes,0.0,0.0,0.0,0.0,0.0,73.85,58850000,0.0,0.0,0.0,0.0,0.0,69.58,54600000,,,,H
825,2005/06,,rc-strasbourg,ogc-nice,0.0,0.0,0.0,0.0,0.0,69.0,72100000,0.0,0.0,0.0,0.0,0.0,73.28,89200000,,,,D
826,2005/06,,stade-rennais,toulouse-fc,0.0,0.0,0.0,0.0,0.0,73.39,253175000,0.0,0.0,0.0,0.0,0.0,68.76,60900000,,,,H
827,2005/06,,ogc-nice,olympique-lyonnais,0.0,0.0,0.0,0.0,0.0,73.28,89200000,0.0,0.0,0.0,0.0,0.0,72.74,89500000,,,,D
828,2005/06,,olympique-de-marseille,as-monaco,0.0,0.0,0.0,0.0,0.0,73.85,58850000,0.0,0.0,0.0,0.0,0.0,73.63,257100000,,,,H
829,2005/06,,fc-nantes,rc-strasbourg,0.0,0.0,0.0,0.0,0.0,69.58,54600000,0.0,0.0,0.0,0.0,0.0,69.0,72100000,,,,H
830,2005/06,,paris-saint-germain,rc-lens,0.0,0.0,0.0,0.0,0.0,0.0,0,0.0,0.0,0.0,0.0,0.0,72.84,82750000,,,,A
831,2005/06,,aj-auxerre,fc-nantes,0.0,0.0,0.0,0.0,0.0,0.0,0,0.0,0.0,0.0,0.0,0.0,69.58,54600000,,,,H
832,2005/06,,olympique-lyonnais,paris-saint-germain,0.0,0.0,0.0,0.0,0.0,72.74,89500000,0.0,0.0,0.0,0.0,0.0,0.0,0,,,,H
833,2005/06,,fc-metz,toulouse-fc,0.0,0.0,0.0,0.0,0.0,67.29,41450000,0.0,0.0,0.0,0.0,0.0,68.76,60900000,,,,D
834,2005/06,,stade-rennais,ogc-nice,0.0,0.0,0.0,0.0,0.0,73.39,253175000,0.0,0.0,0.0,0.0,0.0,73.28,89200000,,,,H
835,2005/06,,losc-lille,rc-lens,0.0,0.0,0.0,0.0,0.0,72.18,86050000,0.0,0.0,0.0,0.0,0.0,72.84,82750000,,,,D
836,2005/06,,olympique-de-marseille,aj-auxerre,0.0,0.0,0.0,0.0,0.0,73.85,58850000,0.0,0.0,0.0,0.0,0.0,0.0,0,,,,H
837,2005/06,,paris-saint-germain,stade-rennais,0.0,0.0,0.0,0.0,0.0,0.0,0,0.0,0.0,0.0,0.0,0.0,73.39,253175000,,,,H
838,2005/06,,fc-nantes,as-monaco,0.0,0.0,0.0,0.0,0.0,69.58,54600000,0.0,0.0,0.0,0.0,0.0,73.63,257100000,,,,D
839,2005/06,,olympique-lyonnais,losc-lille,0.0,0.0,0.0,0.0,0.0,72.74,89500000,0.0,0.0,0.0,0.0,0.0,72.18,86050000,,,,A
840,2005/06,,fc-metz,ogc-nice,0.0,0.0,0.0,0.0,0.0,67.29,41450000,0.0,0.0,0.0,0.0,0.0,73.28,89200000,,,,H
841,2005/06,,rc-strasbourg,olympique-de-marseille,0.0,0.0,0.0,0.0,0.0,69.0,72100000,0.0,0.0,0.0,0.0,0.0,73.85,58850000,,,,A
842,2005/06,,as-monaco,toulouse-fc,0.0,0.0,0.0,0.0,0.0,73.63,257100000,0.0,0.0,0.0,0.0,0.0,68.76,60900000,,,,H
843,2005/06,,olympique-de-marseille,rc-lens,0.0,0.0,0.0,0.0,0.0,73.85,58850000,0.0,0.0,0.0,0.0,0.0,72.84,82750000,,,,D
844,2005/06,,fc-nantes,stade-rennais,0.0,0.0,0.0,0.0,0.0,69.58,54600000,0.0,0.0,0.0,0.0,0.0,73.39,253175000,,,,A
845,2005/06,,ogc-nice,toulouse-fc,0.0,0.0,0.0,0.0,0.0,73.28,89200000,0.0,0.0,0.0,0.0,0.0,68.76,60900000,,,,H
846,2005/06,,rc-strasbourg,olympique-lyonnais,0.0,0.0,0.0,0.0,0.0,69.0,72100000,0.0,0.0,0.0,0.0,0.0,72.74,89500000,,,,A
847,2005/06,,aj-auxerre,as-monaco,0.0,0.0,0.0,0.0,0.0,0.0,0,0.0,0.0,0.0,0.0,0.0,73.63,257100000,,,,H
848,2005/06,,olympique-lyonnais,olympique-de-marseille,0.0,0.0,0.0,0.0,0.0,72.74,89500000,0.0,0.0,0.0,0.0,0.0,73.85,58850000,,,,H
849,2005/06,,as-monaco,rc-strasbourg,0.0,0.0,0.0,0.0,0.0,73.63,257100000,0.0,0.0,0.0,0.0,0.0,69.0,72100000,,,,D
850,2005/06,,toulouse-fc,paris-saint-germain,0.0,0.0,0.0,0.0,0.0,68.76,60900000,0.0,0.0,0.0,0.0,0.0,0.0,0,,,,H
851,2005/06,,aj-auxerre,rc-lens,0.0,0.0,0.0,0.0,0.0,0.0,0,0.0,0.0,0.0,0.0,0.0,72.84,82750000,,,,H
852,2005/06,,fc-nantes,ogc-nice,0.0,0.0,0.0,0.0,0.0,69.58,54600000,0.0,0.0,0.0,0.0,0.0,73.28,89200000,,,,D
853,2005/06,,rc-strasbourg,fc-metz,0.0,0.0,0.0,0.0,0.0,69.0,72100000,0.0,0.0,0.0,0.0,0.0,67.29,41450000,,,,H
854,2005/06,,olympique-de-marseille,stade-rennais,0.0,0.0,0.0,0.0,0.0,73.85,58850000,0.0,0.0,0.0,0.0,0.0,73.39,253175000,,,,H
855,2005/06,,fc-metz,fc-nantes,0.0,0.0,0.0,0.0,0.0,67.29,41450000,0.0,0.0,0.0,0.0,0.0,69.58,54600000,,,,A
856,2005/06,,ogc-nice,paris-saint-germain,0.0,0.0,0.0,0.0,0.0,73.28,89200000,0.0,0.0,0.0,0.0,0.0,0.0,0,,,,H
857,2005/06,,toulouse-fc,losc-lille,0.0,0.0,0.0,0.0,0.0,68.76,60900000,0.0,0.0,0.0,0.0,0.0,72.18,86050000,,,,D
858,2005/06,,rc-lens,as-monaco,0.0,0.0,0.0,0.0,0.0,72.84,82750000,0.0,0.0,0.0,0.0,0.0,73.63,257100000,,,,D
859,2005/06,,olympique-lyonnais,aj-auxerre,0.0,0.0,0.0,0.0,0.0,72.74,89500000,0.0,0.0,0.0,0.0,0.0,0.0,0,,,,D
860,2005/06,,aj-auxerre,stade-rennais,0.0,0.0,0.0,0.0,0.0,0.0,0,0.0,0.0,0.0,0.0,0.0,73.39,253175000,,,,H
861,2005/06,,losc-lille,fc-metz,0.0,0.0,0.0,0.0,0.0,72.18,86050000,0.0,0.0,0.0,0.0,0.0,67.29,41450000,,,,H
862,2005/06,,rc-lens,rc-strasbourg,0.0,0.0,0.0,0.0,0.0,72.84,82750000,0.0,0.0,0.0,0.0,0.0,69.0,72100000,,,,H
863,2005/06,,ogc-nice,losc-lille,0.0,0.0,0.0,0.0,0.0,73.28,89200000,0.0,0.0,0.0,0.0,0.0,72.18,86050000,,,,H
864,2005/06,,stade-rennais,as-monaco,0.0,0.0,0.0,0.0,0.0,73.39,253175000,0.0,0.0,0.0,0.0,0.0,73.63,257100000,,,,A
865,2005/06,,toulouse-fc,fc-nantes,0.0,0.0,0.0,0.0,0.0,68.76,60900000,0.0,0.0,0.0,0.0,0.0,69.58,54600000,,,,H
866,2005/06,,rc-strasbourg,paris-saint-germain,0.0,0.0,0.0,0.0,0.0,69.0,72100000,0.0,0.0,0.0,0.0,0.0,0.0,0,,,,D
867,2005/06,,aj-auxerre,fc-metz,0.0,0.0,0.0,0.0,0.0,0.0,0,0.0,0.0,0.0,0.0,0.0,67.29,41450000,,,,D
868,2005/06,,rc-lens,olympique-lyonnais,0.0,0.0,0.0,0.0,0.0,72.84,82750000,0.0,0.0,0.0,0.0,0.0,72.74,89500000,,,,D
869,2005/06,,losc-lille,paris-saint-germain,0.0,0.0,0.0,0.0,0.0,72.18,86050000,0.0,0.0,0.0,0.0,0.0,0.0,0,,,,D
870,2005/06,,olympique-de-marseille,toulouse-fc,0.0,0.0,0.0,0.0,0.0,73.85,58850000,0.0,0.0,0.0,0.0,0.0,68.76,60900000,,,,D
871,2005/06,,olympique-lyonnais,fc-nantes,0.0,0.0,0.0,0.0,0.0,72.74,89500000,0.0,0.0,0.0,0.0,0.0,69.58,54600000,,,,H
872,2005/06,,ogc-nice,as-monaco,0.0,0.0,0.0,0.0,0.0,73.28,89200000,0.0,0.0,0.0,0.0,0.0,73.63,257100000,,,,H
873,2005/06,,stade-rennais,rc-lens,0.0,0.0,0.0,0.0,0.0,73.39,253175000,0.0,0.0,0.0,0.0,0.0,72.84,82750000,,,,H
874,2005/06,,toulouse-fc,rc-strasbourg,0.0,0.0,0.0,0.0,0.0,68.76,60900000,0.0,0.0,0.0,0.0,0.0,69.0,72100000,,,,A
875,2005/06,,fc-metz,olympique-de-marseille,0.0,0.0,0.0,0.0,0.0,67.29,41450000,0.0,0.0,0.0,0.0,0.0,73.85,58850000,,,,H
876,2005/06,,aj-auxerre,toulouse-fc,0.0,0.0,0.0,0.0,0.0,0.0,0,0.0,0.0,0.0,0.0,0.0,68.76,60900000,,,,H
877,2005/06,,olympique-lyonnais,stade-rennais,0.0,0.0,0.0,0.0,0.0,72.74,89500000,0.0,0.0,0.0,0.0,0.0,73.39,253175000,,,,A
878,2005/06,,fc-nantes,paris-saint-germain,0.0,0.0,0.0,0.0,0.0,69.58,54600000,0.0,0.0,0.0,0.0,0.0,0.0,0,,,,D
879,2005/06,,olympique-de-marseille,ogc-nice,0.0,0.0,0.0,0.0,0.0,73.85,58850000,0.0,0.0,0.0,0.0,0.0,73.28,89200000,,,,H
880,2005/06,,as-monaco,losc-lille,0.0,0.0,0.0,0.0,0.0,73.63,257100000,0.0,0.0,0.0,0.0,0.0,72.18,86050000,,,,A
881,2005/06,,fc-metz,as-monaco,0.0,0.0,0.0,0.0,0.0,67.29,41450000,0.0,0.0,0.0,0.0,0.0,73.63,257100000,,,,H
882,2005/06,,ogc-nice,rc-lens,0.0,0.0,0.0,0.0,0.0,73.28,89200000,0.0,0.0,0.0,0.0,0.0,72.84,82750000,,,,D
883,2005/06,,stade-rennais,rc-strasbourg,0.0,0.0,0.0,0.0,0.0,73.39,253175000,0.0,0.0,0.0,0.0,0.0,69.0,72100000,,,,H
884,2005/06,,paris-saint-germain,olympique-de-marseille,0.0,0.0,0.0,0.0,0.0,0.0,0,0.0,0.0,0.0,0.0,0.0,73.85,58850000,,,,D
885,2005/06,,aj-auxerre,ogc-nice,0.0,0.0,0.0,0.0,0.0,0.0,0,0.0,0.0,0.0,0.0,0.0,73.28,89200000,,,,H
886,2005/06,,olympique-lyonnais,fc-metz,0.0,0.0,0.0,0.0,0.0,72.74,89500000,0.0,0.0,0.0,0.0,0.0,67.29,41450000,,,,H
887,2005/06,,fc-nantes,losc-lille,0.0,0.0,0.0,0.0,0.0,69.58,54600000,0.0,0.0,0.0,0.0,0.0,72.18,86050000,,,,D
888,2005/06,,fc-metz,stade-rennais,0.0,0.0,0.0,0.0,0.0,67.29,41450000,0.0,0.0,0.0,0.0,0.0,73.39,253175000,,,,A
889,2005/06,,toulouse-fc,rc-lens,0.0,0.0,0.0,0.0,0.0,68.76,60900000,0.0,0.0,0.0,0.0,0.0,72.84,82750000,,,,D
890,2005/06,,losc-lille,olympique-de-marseille,0.0,0.0,0.0,0.0,0.0,72.18,86050000,0.0,0.0,0.0,0.0,0.0,73.85,58850000,,,,D
891,2005/06,,paris-saint-germain,aj-auxerre,0.0,0.0,0.0,0.0,0.0,0.0,0,0.0,0.0,0.0,0.0,0.0,0.0,0,,,,H
892,2005/06,,olympique-lyonnais,toulouse-fc,0.0,0.0,0.0,0.0,0.0,72.74,89500000,0.0,0.0,0.0,0.0,0.0,68.76,60900000,,,,D
893,2005/06,,rc-strasbourg,losc-lille,0.0,0.0,0.0,0.0,0.0,69.0,72100000,0.0,0.0,0.0,0.0,0.0,72.18,86050000,,,,D
894,2005/06,,as-monaco,paris-saint-germain,0.0,0.0,0.0,0.0,0.0,73.63,257100000,0.0,0.0,0.0,0.0,0.0,0.0,0,,,,D
895,2005/06,,losc-lille,aj-auxerre,0.0,0.0,0.0,0.0,0.0,72.18,86050000,0.0,0.0,0.0,0.0,0.0,0.0,0,,,,D
896,2005/06,,fc-metz,rc-lens,0.0,0.0,0.0,0.0,0.0,67.29,41450000,0.0,0.0,0.0,0.0,0.0,72.84,82750000,,,,A
897,2005/06,,fc-nantes,olympique-de-marseille,0.0,0.0,0.0,0.0,0.0,69.58,54600000,0.0,0.0,0.0,0.0,0.0,73.85,58850000,,,,A
898,2005/06,,ogc-nice,rc-strasbourg,0.0,0.0,0.0,0.0,0.0,73.28,89200000,0.0,0.0,0.0,0.0,0.0,69.0,72100000,,,,H
899,2005/06,,toulouse-fc,stade-rennais,0.0,0.0,0.0,0.0,0.0,68.76,60900000,0.0,0.0,0.0,0.0,0.0,73.39,253175000,,,,A
900,2005/06,,rc-lens,paris-saint-germain,0.0,0.0,0.0,0.0,0.0,72.84,82750000,0.0,0.0,0.0,0.0,0.0,0.0,0,,,,D
901,2005/06,,olympique-lyonnais,ogc-nice,0.0,0.0,0.0,0.0,0.0,72.74,89500000,0.0,0.0,0.0,0.0,0.0,73.28,89200000,,,,H
902,2005/06,,as-monaco,olympique-de-marseille,0.0,0.0,0.0,0.0,0.0,73.63,257100000,0.0,0.0,0.0,0.0,0.0,73.85,58850000,,,,H
903,2005/06,,rc-strasbourg,fc-nantes,0.0,0.0,0.0,0.0,0.0,69.0,72100000,0.0,0.0,0.0,0.0,0.0,69.58,54600000,,,,A
904,2005/06,,toulouse-fc,fc-metz,0.0,0.0,0.0,0.0,0.0,68.76,60900000,0.0,0.0,0.0,0.0,0.0,67.29,41450000,,,,H
905,2005/06,,fc-nantes,aj-auxerre,0.0,0.0,0.0,0.0,0.0,69.58,54600000,0.0,0.0,0.0,0.0,0.0,0.0,0,,,,H
906,2005/06,,ogc-nice,stade-rennais,0.0,0.0,0.0,0.0,0.0,73.28,89200000,0.0,0.0,0.0,0.0,0.0,73.39,253175000,,,,H
907,2005/06,,paris-saint-germain,olympique-lyonnais,0.0,0.0,0.0,0.0,0.0,0.0,0,0.0,0.0,0.0,0.0,0.0,72.74,89500000,,,,A
908,2005/06,,as-monaco,olympique-lyonnais,0.0,0.0,0.0,0.0,0.0,73.63,257100000,0.0,0.0,0.0,0.0,0.0,72.74,89500000,,,,H
909,2005/06,,rc-lens,losc-lille,0.0,0.0,0.0,0.0,0.0,72.84,82750000,0.0,0.0,0.0,0.0,0.0,72.18,86050000,,,,H
910,2005/06,,as-monaco,fc-nantes,0.0,0.0,0.0,0.0,0.0,73.63,257100000,0.0,0.0,0.0,0.0,0.0,69.58,54600000,,,,D
911,2005/06,,aj-auxerre,olympique-de-marseille,0.0,0.0,0.0,0.0,0.0,0.0,0,0.0,0.0,0.0,0.0,0.0,73.85,58850000,,,,A
912,2005/06,,stade-rennais,paris-saint-germain,0.0,0.0,0.0,0.0,0.0,73.39,253175000,0.0,0.0,0.0,0.0,0.0,0.0,0,,,,D
913,2005/06,,losc-lille,olympique-lyonnais,0.0,0.0,0.0,0.0,0.0,72.18,86050000,0.0,0.0,0.0,0.0,0.0,72.74,89500000,,,,H
914,2005/06,,olympique-de-marseille,rc-strasbourg,0.0,0.0,0.0,0.0,0.0,73.85,58850000,0.0,0.0,0.0,0.0,0.0,69.0,72100000,,,,D
915,2005/06,,ogc-nice,fc-metz,0.0,0.0,0.0,0.0,0.0,73.28,89200000,0.0,0.0,0.0,0.0,0.0,67.29,41450000,,,,H
916,2005/06,,toulouse-fc,as-monaco,0.0,0.0,0.0,0.0,0.0,68.76,60900000,0.0,0.0,0.0,0.0,0.0,73.63,257100000,,,,D
917,2005/06,,aj-auxerre,rc-strasbourg,0.0,0.0,0.0,0.0,0.0,0.0,0,0.0,0.0,0.0,0.0,0.0,69.0,72100000,,,,H
918,2005/06,,rc-lens,fc-nantes,0.0,0.0,0.0,0.0,0.0,72.84,82750000,0.0,0.0,0.0,0.0,0.0,69.58,54600000,,,,H
919,2005/06,,fc-metz,paris-saint-germain,0.0,0.0,0.0,0.0,0.0,67.29,41450000,0.0,0.0,0.0,0.0,0.0,0.0,0,,,,H
920,2005/06,,stade-rennais,losc-lille,0.0,0.0,0.0,0.0,0.0,73.39,253175000,0.0,0.0,0.0,0.0,0.0,72.18,86050000,,,,D
921,2006/07,,fc-nantes,olympique-lyonnais,0.0,0.0,0.0,0.0,0.0,69.58,54600000,0.0,0.0,0.0,0.0,0.0,72.74,89500000,,,,A
922,2006/07,,paris-saint-germain,fc-lorient,0.0,0.0,0.0,0.0,0.0,0.0,0,0.0,0.0,0.0,0.0,0.0,70.23,70850000,,,,A
923,2006/07,,stade-rennais,losc-lille,0.0,0.0,0.0,0.0,0.0,73.39,253175000,0.0,0.0,0.0,0.0,0.0,72.18,86050000,,,,A
924,2006/07,,losc-lille,rc-lens,0.0,0.0,0.0,0.0,0.0,72.18,86050000,0.0,0.0,0.0,0.0,0.0,72.84,82750000,,,,H
925,2006/07,,olympique-lyonnais,toulouse-fc,0.0,0.0,0.0,0.0,0.0,72.74,89500000,0.0,0.0,0.0,0.0,0.0,68.76,60900000,,,,D
926,2006/07,,olympique-de-marseille,stade-rennais,0.0,0.0,0.0,0.0,0.0,73.85,58850000,0.0,0.0,0.0,0.0,0.0,73.39,253175000,,,,H
927,2006/07,,ogc-nice,fc-nantes,0.0,0.0,0.0,0.0,0.0,73.28,89200000,0.0,0.0,0.0,0.0,0.0,69.58,54600000,,,,D
928,2006/07,,aj-auxerre,olympique-de-marseille,0.0,0.0,0.0,0.0,0.0,0.0,0,0.0,0.0,0.0,0.0,0.0,73.85,58850000,,,,A
929,2006/07,,rc-lens,fc-lorient,0.0,0.0,0.0,0.0,0.0,72.84,82750000,0.0,0.0,0.0,0.0,0.0,70.23,70850000,,,,D
930,2006/07,,paris-saint-germain,losc-lille,0.0,0.0,0.0,0.0,0.0,0.0,0,0.0,0.0,0.0,0.0,0.0,72.18,86050000,,,,H
931,2006/07,,stade-rennais,as-monaco,0.0,0.0,0.0,0.0,0.0,73.39,253175000,0.0,0.0,0.0,0.0,0.0,73.63,257100000,,,,D
932,2006/07,,toulouse-fc,ogc-nice,0.0,0.0,0.0,0.0,0.0,68.76,60900000,0.0,0.0,0.0,0.0,0.0,73.28,89200000,,,,H
933,2006/07,,fc-lorient,fc-nantes,0.0,0.0,0.0,0.0,0.0,70.23,70850000,0.0,0.0,0.0,0.0,0.0,69.58,54600000,,,,H
934,2006/07,,ogc-nice,olympique-lyonnais,0.0,0.0,0.0,0.0,0.0,73.28,89200000,0.0,0.0,0.0,0.0,0.0,72.74,89500000,,,,A
935,2006/07,,aj-auxerre,as-monaco,0.0,0.0,0.0,0.0,0.0,0.0,0,0.0,0.0,0.0,0.0,0.0,73.63,257100000,,,,H
936,2006/07,,fc-nantes,losc-lille,0.0,0.0,0.0,0.0,0.0,69.58,54600000,0.0,0.0,0.0,0.0,0.0,72.18,86050000,,,,D
937,2006/07,,paris-saint-germain,olympique-de-marseille,0.0,0.0,0.0,0.0,0.0,0.0,0,0.0,0.0,0.0,0.0,0.0,73.85,58850000,,,,A
938,2006/07,,losc-lille,toulouse-fc,0.0,0.0,0.0,0.0,0.0,72.18,86050000,0.0,0.0,0.0,0.0,0.0,68.76,60900000,,,,A
939,2006/07,,fc-lorient,olympique-lyonnais,0.0,0.0,0.0,0.0,0.0,70.23,70850000,0.0,0.0,0.0,0.0,0.0,72.74,89500000,,,,A
940,2006/07,,as-monaco,paris-saint-germain,0.0,0.0,0.0,0.0,0.0,73.63,257100000,0.0,0.0,0.0,0.0,0.0,0.0,0,,,,A
941,2006/07,,olympique-lyonnais,losc-lille,0.0,0.0,0.0,0.0,0.0,72.74,89500000,0.0,0.0,0.0,0.0,0.0,72.18,86050000,,,,H
942,2006/07,,toulouse-fc,fc-lorient,0.0,0.0,0.0,0.0,0.0,68.76,60900000,0.0,0.0,0.0,0.0,0.0,70.23,70850000,,,,D
943,2006/07,,rc-lens,as-monaco,0.0,0.0,0.0,0.0,0.0,72.84,82750000,0.0,0.0,0.0,0.0,0.0,73.63,257100000,,,,H
944,2006/07,,fc-nantes,olympique-de-marseille,0.0,0.0,0.0,0.0,0.0,69.58,54600000,0.0,0.0,0.0,0.0,0.0,73.85,58850000,,,,H
945,2006/07,,losc-lille,ogc-nice,0.0,0.0,0.0,0.0,0.0,72.18,86050000,0.0,0.0,0.0,0.0,0.0,73.28,89200000,,,,H
946,2006/07,,aj-auxerre,fc-nantes,0.0,0.0,0.0,0.0,0.0,0.0,0,0.0,0.0,0.0,0.0,0.0,69.58,54600000,,,,H
947,2006/07,,olympique-de-marseille,toulouse-fc,0.0,0.0,0.0,0.0,0.0,73.85,58850000,0.0,0.0,0.0,0.0,0.0,68.76,60900000,,,,H
948,2006/07,,ogc-nice,fc-lorient,0.0,0.0,0.0,0.0,0.0,73.28,89200000,0.0,0.0,0.0,0.0,0.0,70.23,70850000,,,,H
949,2006/07,,stade-rennais,aj-auxerre,0.0,0.0,0.0,0.0,0.0,73.39,253175000,0.0,0.0,0.0,0.0,0.0,0.0,0,,,,H
950,2006/07,,rc-lens,olympique-de-marseille,0.0,0.0,0.0,0.0,0.0,72.84,82750000,0.0,0.0,0.0,0.0,0.0,73.85,58850000,,,,D
951,2006/07,,losc-lille,fc-lorient,0.0,0.0,0.0,0.0,0.0,72.18,86050000,0.0,0.0,0.0,0.0,0.0,70.23,70850000,,,,H
952,2006/07,,as-monaco,toulouse-fc,0.0,0.0,0.0,0.0,0.0,73.63,257100000,0.0,0.0,0.0,0.0,0.0,68.76,60900000,,,,A
953,2006/07,,stade-rennais,ogc-nice,0.0,0.0,0.0,0.0,0.0,73.39,253175000,0.0,0.0,0.0,0.0,0.0,73.28,89200000,,,,H
954,2006/07,,aj-auxerre,paris-saint-germain,0.0,0.0,0.0,0.0,0.0,0.0,0,0.0,0.0,0.0,0.0,0.0,0.0,0,,,,D
955,2006/07,,olympique-de-marseille,olympique-lyonnais,0.0,0.0,0.0,0.0,0.0,73.85,58850000,0.0,0.0,0.0,0.0,0.0,72.74,89500000,,,,A
956,2006/07,,rc-lens,aj-auxerre,0.0,0.0,0.0,0.0,0.0,72.84,82750000,0.0,0.0,0.0,0.0,0.0,0.0,0,,,,H
957,2006/07,,fc-nantes,as-monaco,0.0,0.0,0.0,0.0,0.0,69.58,54600000,0.0,0.0,0.0,0.0,0.0,73.63,257100000,,,,H
958,2006/07,,paris-saint-germain,stade-rennais,0.0,0.0,0.0,0.0,0.0,0.0,0,0.0,0.0,0.0,0.0,0.0,73.39,253175000,,,,H
959,2006/07,,ogc-nice,olympique-de-marseille,0.0,0.0,0.0,0.0,0.0,73.28,89200000,0.0,0.0,0.0,0.0,0.0,73.85,58850000,,,,H
960,2006/07,,olympique-de-marseille,fc-lorient,0.0,0.0,0.0,0.0,0.0,73.85,58850000,0.0,0.0,0.0,0.0,0.0,70.23,70850000,,,,A
961,2006/07,,as-monaco,ogc-nice,0.0,0.0,0.0,0.0,0.0,73.63,257100000,0.0,0.0,0.0,0.0,0.0,73.28,89200000,,,,D
962,2006/07,,stade-rennais,olympique-lyonnais,0.0,0.0,0.0,0.0,0.0,73.39,253175000,0.0,0.0,0.0,0.0,0.0,72.74,89500000,,,,H
963,2006/07,,paris-saint-germain,rc-lens,0.0,0.0,0.0,0.0,0.0,0.0,0,0.0,0.0,0.0,0.0,0.0,72.84,82750000,,,,A
964,2006/07,,rc-lens,stade-rennais,0.0,0.0,0.0,0.0,0.0,72.84,82750000,0.0,0.0,0.0,0.0,0.0,73.39,253175000,,,,D
965,2006/07,,losc-lille,olympique-de-marseille,0.0,0.0,0.0,0.0,0.0,72.18,86050000,0.0,0.0,0.0,0.0,0.0,73.85,58850000,,,,H
966,2006/07,,rc-lens,fc-nantes,0.0,0.0,0.0,0.0,0.0,72.84,82750000,0.0,0.0,0.0,0.0,0.0,69.58,54600000,,,,H
967,2006/07,,as-monaco,fc-lorient,0.0,0.0,0.0,0.0,0.0,73.63,257100000,0.0,0.0,0.0,0.0,0.0,70.23,70850000,,,,D
968,2006/07,,aj-auxerre,toulouse-fc,0.0,0.0,0.0,0.0,0.0,0.0,0,0.0,0.0,0.0,0.0,0.0,68.76,60900000,,,,H
969,2006/07,,losc-lille,as-monaco,0.0,0.0,0.0,0.0,0.0,72.18,86050000,0.0,0.0,0.0,0.0,0.0,73.63,257100000,,,,D
970,2006/07,,toulouse-fc,stade-rennais,0.0,0.0,0.0,0.0,0.0,68.76,60900000,0.0,0.0,0.0,0.0,0.0,73.39,253175000,,,,H
971,2006/07,,olympique-lyonnais,aj-auxerre,0.0,0.0,0.0,0.0,0.0,72.74,89500000,0.0,0.0,0.0,0.0,0.0,0.0,0,,,,H
972,2006/07,,fc-nantes,paris-saint-germain,0.0,0.0,0.0,0.0,0.0,69.58,54600000,0.0,0.0,0.0,0.0,0.0,0.0,0,,,,D
973,2006/07,,aj-auxerre,ogc-nice,0.0,0.0,0.0,0.0,0.0,0.0,0,0.0,0.0,0.0,0.0,0.0,73.28,89200000,,,,D
974,2006/07,,stade-rennais,fc-nantes,0.0,0.0,0.0,0.0,0.0,73.39,253175000,0.0,0.0,0.0,0.0,0.0,69.58,54600000,,,,H
975,2006/07,,olympique-de-marseille,as-monaco,0.0,0.0,0.0,0.0,0.0,73.85,58850000,0.0,0.0,0.0,0.0,0.0,73.63,257100000,,,,H
976,2006/07,,toulouse-fc,rc-lens,0.0,0.0,0.0,0.0,0.0,68.76,60900000,0.0,0.0,0.0,0.0,0.0,72.84,82750000,,,,A
977,2006/07,,olympique-lyonnais,paris-saint-germain,0.0,0.0,0.0,0.0,0.0,72.74,89500000,0.0,0.0,0.0,0.0,0.0,0.0,0,,,,H
978,2006/07,,aj-auxerre,fc-lorient,0.0,0.0,0.0,0.0,0.0,0.0,0,0.0,0.0,0.0,0.0,0.0,70.23,70850000,,,,H
979,2006/07,,rc-lens,olympique-lyonnais,0.0,0.0,0.0,0.0,0.0,72.84,82750000,0.0,0.0,0.0,0.0,0.0,72.74,89500000,,,,A
980,2006/07,,paris-saint-germain,ogc-nice,0.0,0.0,0.0,0.0,0.0,0.0,0,0.0,0.0,0.0,0.0,0.0,73.28,89200000,,,,D
981,2006/07,,losc-lille,aj-auxerre,0.0,0.0,0.0,0.0,0.0,72.18,86050000,0.0,0.0,0.0,0.0,0.0,0.0,0,,,,D
982,2006/07,,fc-lorient,stade-rennais,0.0,0.0,0.0,0.0,0.0,70.23,70850000,0.0,0.0,0.0,0.0,0.0,73.39,253175000,,,,D
983,2006/07,,olympique-lyonnais,as-monaco,0.0,0.0,0.0,0.0,0.0,72.74,89500000,0.0,0.0,0.0,0.0,0.0,73.63,257100000,,,,D
984,2006/07,,ogc-nice,rc-lens,0.0,0.0,0.0,0.0,0.0,73.28,89200000,0.0,0.0,0.0,0.0,0.0,72.84,82750000,,,,A
985,2006/07,,toulouse-fc,fc-nantes,0.0,0.0,0.0,0.0,0.0,68.76,60900000,0.0,0.0,0.0,0.0,0.0,69.58,54600000,,,,A
986,2006/07,,rc-lens,losc-lille,0.0,0.0,0.0,0.0,0.0,72.84,82750000,0.0,0.0,0.0,0.0,0.0,72.18,86050000,,,,D
987,2006/07,,fc-nantes,ogc-nice,0.0,0.0,0.0,0.0,0.0,69.58,54600000,0.0,0.0,0.0,0.0,0.0,73.28,89200000,,,,H
988,2006/07,,toulouse-fc,olympique-lyonnais,0.0,0.0,0.0,0.0,0.0,68.76,60900000,0.0,0.0,0.0,0.0,0.0,72.74,89500000,,,,H
989,2006/07,,stade-rennais,olympique-de-marseille,0.0,0.0,0.0,0.0,0.0,73.39,253175000,0.0,0.0,0.0,0.0,0.0,73.85,58850000,,,,A
990,2006/07,,paris-saint-germain,toulouse-fc,0.0,0.0,0.0,0.0,0.0,0.0,0,0.0,0.0,0.0,0.0,0.0,68.76,60900000,,,,D
991,2006/07,,losc-lille,paris-saint-germain,0.0,0.0,0.0,0.0,0.0,72.18,86050000,0.0,0.0,0.0,0.0,0.0,0.0,0,,,,H
992,2006/07,,fc-lorient,rc-lens,0.0,0.0,0.0,0.0,0.0,70.23,70850000,0.0,0.0,0.0,0.0,0.0,72.84,82750000,,,,H
993,2006/07,,olympique-de-marseille,aj-auxerre,0.0,0.0,0.0,0.0,0.0,73.85,58850000,0.0,0.0,0.0,0.0,0.0,0.0,0,,,,H
994,2006/07,,as-monaco,stade-rennais,0.0,0.0,0.0,0.0,0.0,73.63,257100000,0.0,0.0,0.0,0.0,0.0,73.39,253175000,,,,A
995,2006/07,,ogc-nice,toulouse-fc,0.0,0.0,0.0,0.0,0.0,73.28,89200000,0.0,0.0,0.0,0.0,0.0,68.76,60900000,,,,A
996,2006/07,,olympique-lyonnais,ogc-nice,0.0,0.0,0.0,0.0,0.0,72.74,89500000,0.0,0.0,0.0,0.0,0.0,73.28,89200000,,,,D
997,2006/07,,fc-nantes,fc-lorient,0.0,0.0,0.0,0.0,0.0,69.58,54600000,0.0,0.0,0.0,0.0,0.0,70.23,70850000,,,,A
998,2006/07,,losc-lille,fc-nantes,0.0,0.0,0.0,0.0,0.0,72.18,86050000,0.0,0.0,0.0,0.0,0.0,69.58,54600000,,,,D
999,2006/07,,as-monaco,aj-auxerre,0.0,0.0,0.0,0.0,0.0,73.63,257100000,0.0,0.0,0.0,0.0,0.0,0.0,0,,,,H
1000,2006/07,,olympique-de-marseille,paris-saint-germain,0.0,0.0,0.0,0.0,0.0,73.85,58850000,0.0,0.0,0.0,0.0,0.0,0.0,0,,,,D
1001,2006/07,,olympique-lyonnais,fc-lorient,0.0,0.0,0.0,0.0,0.0,72.74,89500000,0.0,0.0,0.0,0.0,0.0,70.23,70850000,,,,H
1002,2006/07,,paris-saint-germain,as-monaco,0.0,0.0,0.0,0.0,0.0,0.0,0,0.0,0.0,0.0,0.0,0.0,73.63,257100000,,,,H
1003,2006/07,,toulouse-fc,losc-lille,0.0,0.0,0.0,0.0,0.0,68.76,60900000,0.0,0.0,0.0,0.0,0.0,72.18,86050000,,,,H
1004,2006/07,,losc-lille,olympique-lyonnais,0.0,0.0,0.0,0.0,0.0,72.18,86050000,0.0,0.0,0.0,0.0,0.0,72.74,89500000,,,,A
1005,2006/07,,fc-lorient,toulouse-fc,0.0,0.0,0.0,0.0,0.0,70.23,70850000,0.0,0.0,0.0,0.0,0.0,68.76,60900000,,,,A
1006,2006/07,,olympique-de-marseille,fc-nantes,0.0,0.0,0.0,0.0,0.0,73.85,58850000,0.0,0.0,0.0,0.0,0.0,69.58,54600000,,,,D
1007,2006/07,,as-monaco,rc-lens,0.0,0.0,0.0,0.0,0.0,73.63,257100000,0.0,0.0,0.0,0.0,0.0,72.84,82750000,,,,D
1008,2006/07,,fc-nantes,aj-auxerre,0.0,0.0,0.0,0.0,0.0,69.58,54600000,0.0,0.0,0.0,0.0,0.0,0.0,0,,,,D
1009,2006/07,,ogc-nice,losc-lille,0.0,0.0,0.0,0.0,0.0,73.28,89200000,0.0,0.0,0.0,0.0,0.0,72.18,86050000,,,,H
1010,2006/07,,toulouse-fc,olympique-de-marseille,0.0,0.0,0.0,0.0,0.0,68.76,60900000,0.0,0.0,0.0,0.0,0.0,73.85,58850000,,,,H
1011,2006/07,,aj-auxerre,stade-rennais,0.0,0.0,0.0,0.0,0.0,0.0,0,0.0,0.0,0.0,0.0,0.0,73.39,253175000,,,,H
1012,2006/07,,fc-lorient,ogc-nice,0.0,0.0,0.0,0.0,0.0,70.23,70850000,0.0,0.0,0.0,0.0,0.0,73.28,89200000,,,,D
1013,2006/07,,olympique-de-marseille,rc-lens,0.0,0.0,0.0,0.0,0.0,73.85,58850000,0.0,0.0,0.0,0.0,0.0,72.84,82750000,,,,A
1014,2006/07,,fc-lorient,losc-lille,0.0,0.0,0.0,0.0,0.0,70.23,70850000,0.0,0.0,0.0,0.0,0.0,72.18,86050000,,,,D
1015,2006/07,,ogc-nice,stade-rennais,0.0,0.0,0.0,0.0,0.0,73.28,89200000,0.0,0.0,0.0,0.0,0.0,73.39,253175000,,,,D
1016,2006/07,,toulouse-fc,as-monaco,0.0,0.0,0.0,0.0,0.0,68.76,60900000,0.0,0.0,0.0,0.0,0.0,73.63,257100000,,,,D
1017,2006/07,,olympique-lyonnais,olympique-de-marseille,0.0,0.0,0.0,0.0,0.0,72.74,89500000,0.0,0.0,0.0,0.0,0.0,73.85,58850000,,,,D
1018,2006/07,,paris-saint-germain,aj-auxerre,0.0,0.0,0.0,0.0,0.0,0.0,0,0.0,0.0,0.0,0.0,0.0,0.0,0,,,,A
1019,2006/07,,olympique-de-marseille,ogc-nice,0.0,0.0,0.0,0.0,0.0,73.85,58850000,0.0,0.0,0.0,0.0,0.0,73.28,89200000,,,,H
1020,2006/07,,as-monaco,fc-nantes,0.0,0.0,0.0,0.0,0.0,73.63,257100000,0.0,0.0,0.0,0.0,0.0,69.58,54600000,,,,H
1021,2006/07,,aj-auxerre,rc-lens,0.0,0.0,0.0,0.0,0.0,0.0,0,0.0,0.0,0.0,0.0,0.0,72.84,82750000,,,,H
1022,2006/07,,stade-rennais,paris-saint-germain,0.0,0.0,0.0,0.0,0.0,73.39,253175000,0.0,0.0,0.0,0.0,0.0,0.0,0,,,,H
1023,2006/07,,fc-lorient,olympique-de-marseille,0.0,0.0,0.0,0.0,0.0,70.23,70850000,0.0,0.0,0.0,0.0,0.0,73.85,58850000,,,,H
1024,2006/07,,rc-lens,paris-saint-germain,0.0,0.0,0.0,0.0,0.0,72.84,82750000,0.0,0.0,0.0,0.0,0.0,0.0,0,,,,A
1025,2006/07,,ogc-nice,as-monaco,0.0,0.0,0.0,0.0,0.0,73.28,89200000,0.0,0.0,0.0,0.0,0.0,73.63,257100000,,,,D
1026,2006/07,,stade-rennais,rc-lens,0.0,0.0,0.0,0.0,0.0,73.39,253175000,0.0,0.0,0.0,0.0,0.0,72.84,82750000,,,,H
1027,2006/07,,olympique-de-marseille,losc-lille,0.0,0.0,0.0,0.0,0.0,73.85,58850000,0.0,0.0,0.0,0.0,0.0,72.18,86050000,,,,H
1028,2006/07,,fc-lorient,as-monaco,0.0,0.0,0.0,0.0,0.0,70.23,70850000,0.0,0.0,0.0,0.0,0.0,73.63,257100000,,,,D
1029,2006/07,,fc-nantes,rc-lens,0.0,0.0,0.0,0.0,0.0,69.58,54600000,0.0,0.0,0.0,0.0,0.0,72.84,82750000,,,,D
1030,2006/07,,toulouse-fc,aj-auxerre,0.0,0.0,0.0,0.0,0.0,68.76,60900000,0.0,0.0,0.0,0.0,0.0,0.0,0,,,,H
1031,2006/07,,olympique-lyonnais,stade-rennais,0.0,0.0,0.0,0.0,0.0,72.74,89500000,0.0,0.0,0.0,0.0,0.0,73.39,253175000,,,,D
1032,2006/07,,as-monaco,losc-lille,0.0,0.0,0.0,0.0,0.0,73.63,257100000,0.0,0.0,0.0,0.0,0.0,72.18,86050000,,,,H
1033,2006/07,,paris-saint-germain,fc-nantes,0.0,0.0,0.0,0.0,0.0,0.0,0,0.0,0.0,0.0,0.0,0.0,69.58,54600000,,,,H
1034,2006/07,,stade-rennais,toulouse-fc,0.0,0.0,0.0,0.0,0.0,73.39,253175000,0.0,0.0,0.0,0.0,0.0,68.76,60900000,,,,H
1035,2006/07,,aj-auxerre,olympique-lyonnais,0.0,0.0,0.0,0.0,0.0,0.0,0,0.0,0.0,0.0,0.0,0.0,72.74,89500000,,,,D
1036,2006/07,,fc-nantes,stade-rennais,0.0,0.0,0.0,0.0,0.0,69.58,54600000,0.0,0.0,0.0,0.0,0.0,73.39,253175000,,,,A
1037,2006/07,,ogc-nice,aj-auxerre,0.0,0.0,0.0,0.0,0.0,73.28,89200000,0.0,0.0,0.0,0.0,0.0,0.0,0,,,,D
1038,2006/07,,toulouse-fc,paris-saint-germain,0.0,0.0,0.0,0.0,0.0,68.76,60900000,0.0,0.0,0.0,0.0,0.0,0.0,0,,,,A
1039,2006/07,,rc-lens,toulouse-fc,0.0,0.0,0.0,0.0,0.0,72.84,82750000,0.0,0.0,0.0,0.0,0.0,68.76,60900000,,,,H
1040,2006/07,,paris-saint-germain,olympique-lyonnais,0.0,0.0,0.0,0.0,0.0,0.0,0,0.0,0.0,0.0,0.0,0.0,72.74,89500000,,,,D
1041,2006/07,,as-monaco,olympique-de-marseille,0.0,0.0,0.0,0.0,0.0,73.63,257100000,0.0,0.0,0.0,0.0,0.0,73.85,58850000,,,,A
1042,2006/07,,fc-lorient,aj-auxerre,0.0,0.0,0.0,0.0,0.0,70.23,70850000,0.0,0.0,0.0,0.0,0.0,0.0,0,,,,H
1043,2006/07,,olympique-lyonnais,rc-lens,0.0,0.0,0.0,0.0,0.0,72.74,89500000,0.0,0.0,0.0,0.0,0.0,72.84,82750000,,,,H
1044,2006/07,,ogc-nice,paris-saint-germain,0.0,0.0,0.0,0.0,0.0,73.28,89200000,0.0,0.0,0.0,0.0,0.0,0.0,0,,,,H
1045,2006/07,,aj-auxerre,losc-lille,0.0,0.0,0.0,0.0,0.0,0.0,0,0.0,0.0,0.0,0.0,0.0,72.18,86050000,,,,H
1046,2006/07,,rc-lens,ogc-nice,0.0,0.0,0.0,0.0,0.0,72.84,82750000,0.0,0.0,0.0,0.0,0.0,73.28,89200000,,,,D
1047,2006/07,,as-monaco,olympique-lyonnais,0.0,0.0,0.0,0.0,0.0,73.63,257100000,0.0,0.0,0.0,0.0,0.0,72.74,89500000,,,,H
1048,2006/07,,fc-nantes,toulouse-fc,0.0,0.0,0.0,0.0,0.0,69.58,54600000,0.0,0.0,0.0,0.0,0.0,68.76,60900000,,,,D
1049,2006/07,,stade-rennais,fc-lorient,0.0,0.0,0.0,0.0,0.0,73.39,253175000,0.0,0.0,0.0,0.0,0.0,70.23,70850000,,,,H
1050,2006/07,,losc-lille,stade-rennais,0.0,0.0,0.0,0.0,0.0,72.18,86050000,0.0,0.0,0.0,0.0,0.0,73.39,253175000,,,,D
1051,2006/07,,fc-lorient,paris-saint-germain,0.0,0.0,0.0,0.0,0.0,70.23,70850000,0.0,0.0,0.0,0.0,0.0,0.0,0,,,,A
1052,2006/07,,olympique-lyonnais,fc-nantes,0.0,0.0,0.0,0.0,0.0,72.74,89500000,0.0,0.0,0.0,0.0,0.0,69.58,54600000,,,,H
1053,2007/08,,losc-lille,fc-lorient,0.0,0.0,0.0,0.0,0.0,72.18,86050000,0.0,0.0,0.0,0.0,0.0,70.23,70850000,,,,D
1054,2007/08,,rc-strasbourg,olympique-de-marseille,0.0,0.0,0.0,0.0,0.0,69.0,72100000,0.0,0.0,0.0,0.0,0.0,73.85,58850000,,,,D
1055,2007/08,,olympique-lyonnais,aj-auxerre,0.0,0.0,0.0,0.0,0.0,72.74,89500000,0.0,0.0,0.0,0.0,0.0,0.0,0,,,,H
1056,2007/08,,fc-lorient,as-monaco,0.0,0.0,0.0,0.0,0.0,70.23,70850000,0.0,0.0,0.0,0.0,0.0,73.63,257100000,,,,H
1057,2007/08,,olympique-de-marseille,stade-rennais,0.0,0.0,0.0,0.0,0.0,73.85,58850000,0.0,0.0,0.0,0.0,0.0,73.39,253175000,,,,D
1058,2007/08,,ogc-nice,rc-strasbourg,0.0,0.0,0.0,0.0,0.0,73.28,89200000,0.0,0.0,0.0,0.0,0.0,69.0,72100000,,,,H
1059,2007/08,,toulouse-fc,olympique-lyonnais,0.0,0.0,0.0,0.0,0.0,68.76,60900000,0.0,0.0,0.0,0.0,0.0,72.74,89500000,,,,H
1060,2007/08,,rc-lens,paris-saint-germain,0.0,0.0,0.0,0.0,0.0,72.84,82750000,0.0,0.0,0.0,0.0,0.0,0.0,0,,,,D
1061,2007/08,,fc-metz,losc-lille,0.0,0.0,0.0,0.0,0.0,67.29,41450000,0.0,0.0,0.0,0.0,0.0,72.18,86050000,,,,A
1062,2007/08,,as-monaco,fc-metz,0.0,0.0,0.0,0.0,0.0,73.63,257100000,0.0,0.0,0.0,0.0,0.0,67.29,41450000,,,,H
1063,2007/08,,paris-saint-germain,fc-lorient,0.0,0.0,0.0,0.0,0.0,0.0,0,0.0,0.0,0.0,0.0,0.0,70.23,70850000,,,,A
1064,2007/08,,rc-strasbourg,aj-auxerre,0.0,0.0,0.0,0.0,0.0,69.0,72100000,0.0,0.0,0.0,0.0,0.0,0.0,0,,,,H
1065,2007/08,,fc-lorient,olympique-lyonnais,0.0,0.0,0.0,0.0,0.0,70.23,70850000,0.0,0.0,0.0,0.0,0.0,72.74,89500000,,,,H
1066,2007/08,,fc-metz,paris-saint-germain,0.0,0.0,0.0,0.0,0.0,67.29,41450000,0.0,0.0,0.0,0.0,0.0,0.0,0,,,,D
1067,2007/08,,toulouse-fc,rc-strasbourg,0.0,0.0,0.0,0.0,0.0,68.76,60900000,0.0,0.0,0.0,0.0,0.0,69.0,72100000,,,,A
1068,2007/08,,ogc-nice,stade-rennais,0.0,0.0,0.0,0.0,0.0,73.28,89200000,0.0,0.0,0.0,0.0,0.0,73.39,253175000,,,,D
1069,2007/08,,ogc-nice,toulouse-fc,0.0,0.0,0.0,0.0,0.0,73.28,89200000,0.0,0.0,0.0,0.0,0.0,68.76,60900000,,,,D
1070,2007/08,,stade-rennais,fc-metz,0.0,0.0,0.0,0.0,0.0,73.39,253175000,0.0,0.0,0.0,0.0,0.0,67.29,41450000,,,,H
1071,2007/08,,rc-strasbourg,rc-lens,0.0,0.0,0.0,0.0,0.0,69.0,72100000,0.0,0.0,0.0,0.0,0.0,72.84,82750000,,,,H
1072,2007/08,,paris-saint-germain,losc-lille,0.0,0.0,0.0,0.0,0.0,0.0,0,0.0,0.0,0.0,0.0,0.0,72.18,86050000,,,,D
1073,2007/08,,aj-auxerre,stade-rennais,0.0,0.0,0.0,0.0,0.0,0.0,0,0.0,0.0,0.0,0.0,0.0,73.39,253175000,,,,A
1074,2007/08,,losc-lille,as-monaco,0.0,0.0,0.0,0.0,0.0,72.18,86050000,0.0,0.0,0.0,0.0,0.0,73.63,257100000,,,,A
1075,2007/08,,olympique-de-marseille,ogc-nice,0.0,0.0,0.0,0.0,0.0,73.85,58850000,0.0,0.0,0.0,0.0,0.0,73.28,89200000,,,,A
1076,2007/08,,stade-rennais,losc-lille,0.0,0.0,0.0,0.0,0.0,73.39,253175000,0.0,0.0,0.0,0.0,0.0,72.18,86050000,,,,D
1077,2007/08,,rc-strasbourg,fc-lorient,0.0,0.0,0.0,0.0,0.0,69.0,72100000,0.0,0.0,0.0,0.0,0.0,70.23,70850000,,,,D
1078,2007/08,,toulouse-fc,aj-auxerre,0.0,0.0,0.0,0.0,0.0,68.76,60900000,0.0,0.0,0.0,0.0,0.0,0.0,0,,,,H
1079,2007/08,,ogc-nice,rc-lens,0.0,0.0,0.0,0.0,0.0,73.28,89200000,0.0,0.0,0.0,0.0,0.0,72.84,82750000,,,,H
1080,2007/08,,paris-saint-germain,olympique-de-marseille,0.0,0.0,0.0,0.0,0.0,0.0,0,0.0,0.0,0.0,0.0,0.0,73.85,58850000,,,,D
1081,2007/08,,aj-auxerre,ogc-nice,0.0,0.0,0.0,0.0,0.0,0.0,0,0.0,0.0,0.0,0.0,0.0,73.28,89200000,,,,H
1082,2007/08,,olympique-de-marseille,toulouse-fc,0.0,0.0,0.0,0.0,0.0,73.85,58850000,0.0,0.0,0.0,0.0,0.0,68.76,60900000,,,,A
1083,2007/08,,fc-metz,olympique-lyonnais,0.0,0.0,0.0,0.0,0.0,67.29,41450000,0.0,0.0,0.0,0.0,0.0,72.74,89500000,,,,A
1084,2007/08,,fc-lorient,stade-rennais,0.0,0.0,0.0,0.0,0.0,70.23,70850000,0.0,0.0,0.0,0.0,0.0,73.39,253175000,,,,A
1085,2007/08,,as-monaco,paris-saint-germain,0.0,0.0,0.0,0.0,0.0,73.63,257100000,0.0,0.0,0.0,0.0,0.0,0.0,0,,,,A
1086,2007/08,,aj-auxerre,olympique-de-marseille,0.0,0.0,0.0,0.0,0.0,0.0,0,0.0,0.0,0.0,0.0,0.0,73.85,58850000,,,,H
1087,2007/08,,toulouse-fc,rc-lens,0.0,0.0,0.0,0.0,0.0,68.76,60900000,0.0,0.0,0.0,0.0,0.0,72.84,82750000,,,,D
1088,2007/08,,olympique-lyonnais,losc-lille,0.0,0.0,0.0,0.0,0.0,72.74,89500000,0.0,0.0,0.0,0.0,0.0,72.18,86050000,,,,D
1089,2007/08,,olympique-lyonnais,rc-lens,0.0,0.0,0.0,0.0,0.0,72.74,89500000,0.0,0.0,0.0,0.0,0.0,72.84,82750000,,,,H
1090,2007/08,,rc-lens,aj-auxerre,0.0,0.0,0.0,0.0,0.0,72.84,82750000,0.0,0.0,0.0,0.0,0.0,0.0,0,,,,H
1091,2007/08,,fc-metz,rc-strasbourg,0.0,0.0,0.0,0.0,0.0,67.29,41450000,0.0,0.0,0.0,0.0,0.0,69.0,72100000,,,,A
1092,2007/08,,paris-saint-germain,stade-rennais,0.0,0.0,0.0,0.0,0.0,0.0,0,0.0,0.0,0.0,0.0,0.0,73.39,253175000,,,,A
1093,2007/08,,aj-auxerre,fc-lorient,0.0,0.0,0.0,0.0,0.0,0.0,0,0.0,0.0,0.0,0.0,0.0,70.23,70850000,,,,H
1094,2007/08,,olympique-lyonnais,as-monaco,0.0,0.0,0.0,0.0,0.0,72.74,89500000,0.0,0.0,0.0,0.0,0.0,73.63,257100000,,,,H
1095,2007/08,,ogc-nice,fc-metz,0.0,0.0,0.0,0.0,0.0,73.28,89200000,0.0,0.0,0.0,0.0,0.0,67.29,41450000,,,,H
1096,2007/08,,olympique-de-marseille,rc-lens,0.0,0.0,0.0,0.0,0.0,73.85,58850000,0.0,0.0,0.0,0.0,0.0,72.84,82750000,,,,H
1097,2007/08,,losc-lille,rc-strasbourg,0.0,0.0,0.0,0.0,0.0,72.18,86050000,0.0,0.0,0.0,0.0,0.0,69.0,72100000,,,,A
1098,2007/08,,fc-lorient,ogc-nice,0.0,0.0,0.0,0.0,0.0,70.23,70850000,0.0,0.0,0.0,0.0,0.0,73.28,89200000,,,,D
1099,2007/08,,rc-lens,stade-rennais,0.0,0.0,0.0,0.0,0.0,72.84,82750000,0.0,0.0,0.0,0.0,0.0,73.39,253175000,,,,A
1100,2007/08,,paris-saint-germain,olympique-lyonnais,0.0,0.0,0.0,0.0,0.0,0.0,0,0.0,0.0,0.0,0.0,0.0,72.74,89500000,,,,A
1101,2007/08,,aj-auxerre,losc-lille,0.0,0.0,0.0,0.0,0.0,0.0,0,0.0,0.0,0.0,0.0,0.0,72.18,86050000,,,,A
1102,2007/08,,olympique-de-marseille,fc-lorient,0.0,0.0,0.0,0.0,0.0,73.85,58850000,0.0,0.0,0.0,0.0,0.0,70.23,70850000,,,,D
1103,2007/08,,stade-rennais,as-monaco,0.0,0.0,0.0,0.0,0.0,73.39,253175000,0.0,0.0,0.0,0.0,0.0,73.63,257100000,,,,A
1104,2007/08,,rc-strasbourg,paris-saint-germain,0.0,0.0,0.0,0.0,0.0,69.0,72100000,0.0,0.0,0.0,0.0,0.0,0.0,0,,,,A
1105,2007/08,,toulouse-fc,fc-metz,0.0,0.0,0.0,0.0,0.0,68.76,60900000,0.0,0.0,0.0,0.0,0.0,67.29,41450000,,,,D
1106,2007/08,,losc-lille,ogc-nice,0.0,0.0,0.0,0.0,0.0,72.18,86050000,0.0,0.0,0.0,0.0,0.0,73.28,89200000,,,,D
1107,2007/08,,fc-metz,rc-lens,0.0,0.0,0.0,0.0,0.0,67.29,41450000,0.0,0.0,0.0,0.0,0.0,72.84,82750000,,,,A
1108,2007/08,,as-monaco,rc-strasbourg,0.0,0.0,0.0,0.0,0.0,73.63,257100000,0.0,0.0,0.0,0.0,0.0,69.0,72100000,,,,H
1109,2007/08,,fc-lorient,toulouse-fc,0.0,0.0,0.0,0.0,0.0,70.23,70850000,0.0,0.0,0.0,0.0,0.0,68.76,60900000,,,,H
1110,2007/08,,olympique-lyonnais,olympique-de-marseille,0.0,0.0,0.0,0.0,0.0,72.74,89500000,0.0,0.0,0.0,0.0,0.0,73.85,58850000,,,,A
1111,2007/08,,rc-lens,fc-lorient,0.0,0.0,0.0,0.0,0.0,72.84,82750000,0.0,0.0,0.0,0.0,0.0,70.23,70850000,,,,D
1112,2007/08,,olympique-de-marseille,fc-metz,0.0,0.0,0.0,0.0,0.0,73.85,58850000,0.0,0.0,0.0,0.0,0.0,67.29,41450000,,,,H
1113,2007/08,,stade-rennais,olympique-lyonnais,0.0,0.0,0.0,0.0,0.0,73.39,253175000,0.0,0.0,0.0,0.0,0.0,72.74,89500000,,,,A
1114,2007/08,,toulouse-fc,as-monaco,0.0,0.0,0.0,0.0,0.0,68.76,60900000,0.0,0.0,0.0,0.0,0.0,73.63,257100000,,,,D
1115,2007/08,,ogc-nice,paris-saint-germain,0.0,0.0,0.0,0.0,0.0,73.28,89200000,0.0,0.0,0.0,0.0,0.0,0.0,0,,,,H
1116,2007/08,,losc-lille,olympique-de-marseille,0.0,0.0,0.0,0.0,0.0,72.18,86050000,0.0,0.0,0.0,0.0,0.0,73.85,58850000,,,,D
1117,2007/08,,fc-metz,aj-auxerre,0.0,0.0,0.0,0.0,0.0,67.29,41450000,0.0,0.0,0.0,0.0,0.0,0.0,0,,,,A
1118,2007/08,,as-monaco,ogc-nice,0.0,0.0,0.0,0.0,0.0,73.63,257100000,0.0,0.0,0.0,0.0,0.0,73.28,89200000,,,,D
1119,2007/08,,olympique-lyonnais,rc-strasbourg,0.0,0.0,0.0,0.0,0.0,72.74,89500000,0.0,0.0,0.0,0.0,0.0,69.0,72100000,,,,H
1120,2007/08,,olympique-de-marseille,as-monaco,0.0,0.0,0.0,0.0,0.0,73.85,58850000,0.0,0.0,0.0,0.0,0.0,73.63,257100000,,,,H
1121,2007/08,,rc-strasbourg,stade-rennais,0.0,0.0,0.0,0.0,0.0,69.0,72100000,0.0,0.0,0.0,0.0,0.0,73.39,253175000,,,,H
1122,2007/08,,toulouse-fc,losc-lille,0.0,0.0,0.0,0.0,0.0,68.76,60900000,0.0,0.0,0.0,0.0,0.0,72.18,86050000,,,,H
1123,2007/08,,aj-auxerre,paris-saint-germain,0.0,0.0,0.0,0.0,0.0,0.0,0,0.0,0.0,0.0,0.0,0.0,0.0,0,,,,A
1124,2007/08,,olympique-lyonnais,ogc-nice,0.0,0.0,0.0,0.0,0.0,72.74,89500000,0.0,0.0,0.0,0.0,0.0,73.28,89200000,,,,D
1125,2007/08,,as-monaco,rc-lens,0.0,0.0,0.0,0.0,0.0,73.63,257100000,0.0,0.0,0.0,0.0,0.0,72.84,82750000,,,,H
1126,2007/08,,paris-saint-germain,toulouse-fc,0.0,0.0,0.0,0.0,0.0,0.0,0,0.0,0.0,0.0,0.0,0.0,68.76,60900000,,,,A
1127,2007/08,,aj-auxerre,as-monaco,0.0,0.0,0.0,0.0,0.0,0.0,0,0.0,0.0,0.0,0.0,0.0,73.63,257100000,,,,H
1128,2007/08,,fc-lorient,fc-metz,0.0,0.0,0.0,0.0,0.0,70.23,70850000,0.0,0.0,0.0,0.0,0.0,67.29,41450000,,,,H
1129,2007/08,,toulouse-fc,stade-rennais,0.0,0.0,0.0,0.0,0.0,68.76,60900000,0.0,0.0,0.0,0.0,0.0,73.39,253175000,,,,D
1130,2007/08,,losc-lille,fc-metz,0.0,0.0,0.0,0.0,0.0,72.18,86050000,0.0,0.0,0.0,0.0,0.0,67.29,41450000,,,,D
1131,2007/08,,olympique-lyonnais,toulouse-fc,0.0,0.0,0.0,0.0,0.0,72.74,89500000,0.0,0.0,0.0,0.0,0.0,68.76,60900000,,,,H
1132,2007/08,,as-monaco,fc-lorient,0.0,0.0,0.0,0.0,0.0,73.63,257100000,0.0,0.0,0.0,0.0,0.0,70.23,70850000,,,,H
1133,2007/08,,rc-strasbourg,ogc-nice,0.0,0.0,0.0,0.0,0.0,69.0,72100000,0.0,0.0,0.0,0.0,0.0,73.28,89200000,,,,A
1134,2007/08,,paris-saint-germain,rc-lens,0.0,0.0,0.0,0.0,0.0,0.0,0,0.0,0.0,0.0,0.0,0.0,72.84,82750000,,,,H
1135,2007/08,,stade-rennais,olympique-de-marseille,0.0,0.0,0.0,0.0,0.0,73.39,253175000,0.0,0.0,0.0,0.0,0.0,73.85,58850000,,,,H
1136,2007/08,,aj-auxerre,rc-strasbourg,0.0,0.0,0.0,0.0,0.0,0.0,0,0.0,0.0,0.0,0.0,0.0,69.0,72100000,,,,D
1137,2007/08,,fc-lorient,paris-saint-germain,0.0,0.0,0.0,0.0,0.0,70.23,70850000,0.0,0.0,0.0,0.0,0.0,0.0,0,,,,H
1138,2007/08,,fc-metz,as-monaco,0.0,0.0,0.0,0.0,0.0,67.29,41450000,0.0,0.0,0.0,0.0,0.0,73.63,257100000,,,,A
1139,2007/08,,rc-lens,olympique-lyonnais,0.0,0.0,0.0,0.0,0.0,72.84,82750000,0.0,0.0,0.0,0.0,0.0,72.74,89500000,,,,H
1140,2007/08,,olympique-lyonnais,fc-lorient,0.0,0.0,0.0,0.0,0.0,72.74,89500000,0.0,0.0,0.0,0.0,0.0,70.23,70850000,,,,H
1141,2007/08,,paris-saint-germain,fc-metz,0.0,0.0,0.0,0.0,0.0,0.0,0,0.0,0.0,0.0,0.0,0.0,67.29,41450000,,,,H
1142,2007/08,,stade-rennais,ogc-nice,0.0,0.0,0.0,0.0,0.0,73.39,253175000,0.0,0.0,0.0,0.0,0.0,73.28,89200000,,,,D
1143,2007/08,,rc-strasbourg,toulouse-fc,0.0,0.0,0.0,0.0,0.0,69.0,72100000,0.0,0.0,0.0,0.0,0.0,68.76,60900000,,,,H
1144,2007/08,,rc-lens,rc-strasbourg,0.0,0.0,0.0,0.0,0.0,72.84,82750000,0.0,0.0,0.0,0.0,0.0,69.0,72100000,,,,D
1145,2007/08,,losc-lille,paris-saint-germain,0.0,0.0,0.0,0.0,0.0,72.18,86050000,0.0,0.0,0.0,0.0,0.0,0.0,0,,,,D
1146,2007/08,,fc-metz,stade-rennais,0.0,0.0,0.0,0.0,0.0,67.29,41450000,0.0,0.0,0.0,0.0,0.0,73.39,253175000,,,,D
1147,2007/08,,toulouse-fc,ogc-nice,0.0,0.0,0.0,0.0,0.0,68.76,60900000,0.0,0.0,0.0,0.0,0.0,73.28,89200000,,,,D
1148,2007/08,,as-monaco,losc-lille,0.0,0.0,0.0,0.0,0.0,73.63,257100000,0.0,0.0,0.0,0.0,0.0,72.18,86050000,,,,D
1149,2007/08,,stade-rennais,aj-auxerre,0.0,0.0,0.0,0.0,0.0,73.39,253175000,0.0,0.0,0.0,0.0,0.0,0.0,0,,,,A
1150,2007/08,,ogc-nice,olympique-de-marseille,0.0,0.0,0.0,0.0,0.0,73.28,89200000,0.0,0.0,0.0,0.0,0.0,73.85,58850000,,,,A
1151,2007/08,,aj-auxerre,toulouse-fc,0.0,0.0,0.0,0.0,0.0,0.0,0,0.0,0.0,0.0,0.0,0.0,68.76,60900000,,,,H
1152,2007/08,,rc-lens,ogc-nice,0.0,0.0,0.0,0.0,0.0,72.84,82750000,0.0,0.0,0.0,0.0,0.0,73.28,89200000,,,,D
1153,2007/08,,losc-lille,stade-rennais,0.0,0.0,0.0,0.0,0.0,72.18,86050000,0.0,0.0,0.0,0.0,0.0,73.39,253175000,,,,H
1154,2007/08,,fc-lorient,rc-strasbourg,0.0,0.0,0.0,0.0,0.0,70.23,70850000,0.0,0.0,0.0,0.0,0.0,69.0,72100000,,,,H
1155,2007/08,,olympique-de-marseille,paris-saint-germain,0.0,0.0,0.0,0.0,0.0,73.85,58850000,0.0,0.0,0.0,0.0,0.0,0.0,0,,,,H
1156,2007/08,,olympique-lyonnais,fc-metz,0.0,0.0,0.0,0.0,0.0,72.74,89500000,0.0,0.0,0.0,0.0,0.0,67.29,41450000,,,,H
1157,2007/08,,ogc-nice,aj-auxerre,0.0,0.0,0.0,0.0,0.0,73.28,89200000,0.0,0.0,0.0,0.0,0.0,0.0,0,,,,A
1158,2007/08,,paris-saint-germain,as-monaco,0.0,0.0,0.0,0.0,0.0,0.0,0,0.0,0.0,0.0,0.0,0.0,73.63,257100000,,,,D
1159,2007/08,,stade-rennais,fc-lorient,0.0,0.0,0.0,0.0,0.0,73.39,253175000,0.0,0.0,0.0,0.0,0.0,70.23,70850000,,,,H
1160,2007/08,,toulouse-fc,olympique-de-marseille,0.0,0.0,0.0,0.0,0.0,68.76,60900000,0.0,0.0,0.0,0.0,0.0,73.85,58850000,,,,D
1161,2007/08,,rc-lens,toulouse-fc,0.0,0.0,0.0,0.0,0.0,72.84,82750000,0.0,0.0,0.0,0.0,0.0,68.76,60900000,,,,D
1162,2007/08,,losc-lille,olympique-lyonnais,0.0,0.0,0.0,0.0,0.0,72.18,86050000,0.0,0.0,0.0,0.0,0.0,72.74,89500000,,,,A
1163,2007/08,,olympique-de-marseille,aj-auxerre,0.0,0.0,0.0,0.0,0.0,73.85,58850000,0.0,0.0,0.0,0.0,0.0,0.0,0,,,,H
1164,2007/08,,aj-auxerre,rc-lens,0.0,0.0,0.0,0.0,0.0,0.0,0,0.0,0.0,0.0,0.0,0.0,72.84,82750000,,,,D
1165,2007/08,,stade-rennais,paris-saint-germain,0.0,0.0,0.0,0.0,0.0,73.39,253175000,0.0,0.0,0.0,0.0,0.0,0.0,0,,,,H
1166,2007/08,,rc-strasbourg,fc-metz,0.0,0.0,0.0,0.0,0.0,69.0,72100000,0.0,0.0,0.0,0.0,0.0,67.29,41450000,,,,A
1167,2007/08,,rc-lens,losc-lille,0.0,0.0,0.0,0.0,0.0,72.84,82750000,0.0,0.0,0.0,0.0,0.0,72.18,86050000,,,,A
1168,2007/08,,fc-lorient,aj-auxerre,0.0,0.0,0.0,0.0,0.0,70.23,70850000,0.0,0.0,0.0,0.0,0.0,0.0,0,,,,D
1169,2007/08,,fc-metz,ogc-nice,0.0,0.0,0.0,0.0,0.0,67.29,41450000,0.0,0.0,0.0,0.0,0.0,73.28,89200000,,,,A
1170,2007/08,,as-monaco,olympique-lyonnais,0.0,0.0,0.0,0.0,0.0,73.63,257100000,0.0,0.0,0.0,0.0,0.0,72.74,89500000,,,,A
1171,2007/08,,rc-lens,olympique-de-marseille,0.0,0.0,0.0,0.0,0.0,72.84,82750000,0.0,0.0,0.0,0.0,0.0,73.85,58850000,,,,D
1172,2007/08,,ogc-nice,fc-lorient,0.0,0.0,0.0,0.0,0.0,73.28,89200000,0.0,0.0,0.0,0.0,0.0,70.23,70850000,,,,A
1173,2007/08,,rc-strasbourg,losc-lille,0.0,0.0,0.0,0.0,0.0,69.0,72100000,0.0,0.0,0.0,0.0,0.0,72.18,86050000,,,,A
1174,2007/08,,olympique-lyonnais,paris-saint-germain,0.0,0.0,0.0,0.0,0.0,72.74,89500000,0.0,0.0,0.0,0.0,0.0,0.0,0,,,,H
1175,2007/08,,stade-rennais,rc-lens,0.0,0.0,0.0,0.0,0.0,73.39,253175000,0.0,0.0,0.0,0.0,0.0,72.84,82750000,,,,H
1176,2007/08,,losc-lille,aj-auxerre,0.0,0.0,0.0,0.0,0.0,72.18,86050000,0.0,0.0,0.0,0.0,0.0,0.0,0,,,,A
1177,2007/08,,fc-lorient,olympique-de-marseille,0.0,0.0,0.0,0.0,0.0,70.23,70850000,0.0,0.0,0.0,0.0,0.0,73.85,58850000,,,,A
1178,2007/08,,fc-metz,toulouse-fc,0.0,0.0,0.0,0.0,0.0,67.29,41450000,0.0,0.0,0.0,0.0,0.0,68.76,60900000,,,,A
1179,2007/08,,as-monaco,stade-rennais,0.0,0.0,0.0,0.0,0.0,73.63,257100000,0.0,0.0,0.0,0.0,0.0,73.39,253175000,,,,A
1180,2007/08,,paris-saint-germain,rc-strasbourg,0.0,0.0,0.0,0.0,0.0,0.0,0,0.0,0.0,0.0,0.0,0.0,69.0,72100000,,,,H
1181,2007/08,,rc-lens,fc-metz,0.0,0.0,0.0,0.0,0.0,72.84,82750000,0.0,0.0,0.0,0.0,0.0,67.29,41450000,,,,D
1182,2007/08,,ogc-nice,losc-lille,0.0,0.0,0.0,0.0,0.0,73.28,89200000,0.0,0.0,0.0,0.0,0.0,72.18,86050000,,,,D
1183,2007/08,,rc-strasbourg,as-monaco,0.0,0.0,0.0,0.0,0.0,69.0,72100000,0.0,0.0,0.0,0.0,0.0,73.63,257100000,,,,A
1184,2007/08,,toulouse-fc,fc-lorient,0.0,0.0,0.0,0.0,0.0,68.76,60900000,0.0,0.0,0.0,0.0,0.0,70.23,70850000,,,,D
1185,2007/08,,olympique-de-marseille,olympique-lyonnais,0.0,0.0,0.0,0.0,0.0,73.85,58850000,0.0,0.0,0.0,0.0,0.0,72.74,89500000,,,,H
1186,2007/08,,fc-lorient,rc-lens,0.0,0.0,0.0,0.0,0.0,70.23,70850000,0.0,0.0,0.0,0.0,0.0,72.84,82750000,,,,H
1187,2007/08,,olympique-lyonnais,stade-rennais,0.0,0.0,0.0,0.0,0.0,72.74,89500000,0.0,0.0,0.0,0.0,0.0,73.39,253175000,,,,D
1188,2007/08,,fc-metz,olympique-de-marseille,0.0,0.0,0.0,0.0,0.0,67.29,41450000,0.0,0.0,0.0,0.0,0.0,73.85,58850000,,,,A
1189,2007/08,,as-monaco,toulouse-fc,0.0,0.0,0.0,0.0,0.0,73.63,257100000,0.0,0.0,0.0,0.0,0.0,68.76,60900000,,,,A
1190,2007/08,,paris-saint-germain,ogc-nice,0.0,0.0,0.0,0.0,0.0,0.0,0,0.0,0.0,0.0,0.0,0.0,73.28,89200000,,,,A
1191,2007/08,,aj-auxerre,fc-metz,0.0,0.0,0.0,0.0,0.0,0.0,0,0.0,0.0,0.0,0.0,0.0,67.29,41450000,,,,D
1192,2007/08,,ogc-nice,as-monaco,0.0,0.0,0.0,0.0,0.0,73.28,89200000,0.0,0.0,0.0,0.0,0.0,73.63,257100000,,,,A
1193,2007/08,,rc-strasbourg,olympique-lyonnais,0.0,0.0,0.0,0.0,0.0,69.0,72100000,0.0,0.0,0.0,0.0,0.0,72.74,89500000,,,,A
1194,2007/08,,olympique-de-marseille,losc-lille,0.0,0.0,0.0,0.0,0.0,73.85,58850000,0.0,0.0,0.0,0.0,0.0,72.18,86050000,,,,A
1195,2007/08,,losc-lille,toulouse-fc,0.0,0.0,0.0,0.0,0.0,72.18,86050000,0.0,0.0,0.0,0.0,0.0,68.76,60900000,,,,H
1196,2007/08,,paris-saint-germain,aj-auxerre,0.0,0.0,0.0,0.0,0.0,0.0,0,0.0,0.0,0.0,0.0,0.0,0.0,0,,,,H
1197,2007/08,,stade-rennais,rc-strasbourg,0.0,0.0,0.0,0.0,0.0,73.39,253175000,0.0,0.0,0.0,0.0,0.0,69.0,72100000,,,,H
1198,2007/08,,as-monaco,olympique-de-marseille,0.0,0.0,0.0,0.0,0.0,73.63,257100000,0.0,0.0,0.0,0.0,0.0,73.85,58850000,,,,A
1199,2007/08,,rc-lens,as-monaco,0.0,0.0,0.0,0.0,0.0,72.84,82750000,0.0,0.0,0.0,0.0,0.0,73.63,257100000,,,,D
1200,2007/08,,ogc-nice,olympique-lyonnais,0.0,0.0,0.0,0.0,0.0,73.28,89200000,0.0,0.0,0.0,0.0,0.0,72.74,89500000,,,,D
1201,2007/08,,toulouse-fc,paris-saint-germain,0.0,0.0,0.0,0.0,0.0,68.76,60900000,0.0,0.0,0.0,0.0,0.0,0.0,0,,,,D
1202,2007/08,,losc-lille,rc-lens,0.0,0.0,0.0,0.0,0.0,72.18,86050000,0.0,0.0,0.0,0.0,0.0,72.84,82750000,,,,H
1203,2007/08,,fc-metz,fc-lorient,0.0,0.0,0.0,0.0,0.0,67.29,41450000,0.0,0.0,0.0,0.0,0.0,70.23,70850000,,,,A
1204,2007/08,,as-monaco,aj-auxerre,0.0,0.0,0.0,0.0,0.0,73.63,257100000,0.0,0.0,0.0,0.0,0.0,0.0,0,,,,H
1205,2007/08,,stade-rennais,toulouse-fc,0.0,0.0,0.0,0.0,0.0,73.39,253175000,0.0,0.0,0.0,0.0,0.0,68.76,60900000,,,,H
1206,2007/08,,aj-auxerre,olympique-lyonnais,0.0,0.0,0.0,0.0,0.0,0.0,0,0.0,0.0,0.0,0.0,0.0,72.74,89500000,,,,A
1207,2007/08,,fc-lorient,losc-lille,0.0,0.0,0.0,0.0,0.0,70.23,70850000,0.0,0.0,0.0,0.0,0.0,72.18,86050000,,,,D
1208,2007/08,,olympique-de-marseille,rc-strasbourg,0.0,0.0,0.0,0.0,0.0,73.85,58850000,0.0,0.0,0.0,0.0,0.0,69.0,72100000,,,,H
1209,2008/09,,aj-auxerre,fc-nantes,0.0,0.0,0.0,0.0,0.0,0.0,0,0.0,0.0,0.0,0.0,0.0,69.58,54600000,,,,H
1210,2008/09,,as-monaco,paris-saint-germain,0.0,0.0,0.0,0.0,0.0,73.63,257100000,0.0,0.0,0.0,0.0,0.0,0.0,0,,,,H
1211,2008/09,,stade-rennais,olympique-de-marseille,0.0,0.0,0.0,0.0,0.0,73.39,253175000,0.0,0.0,0.0,0.0,0.0,73.85,58850000,,,,D
1212,2008/09,,olympique-lyonnais,toulouse-fc,0.0,0.0,0.0,0.0,0.0,72.74,89500000,0.0,0.0,0.0,0.0,0.0,68.76,60900000,,,,H
1213,2008/09,,fc-nantes,as-monaco,0.0,0.0,0.0,0.0,0.0,69.58,54600000,0.0,0.0,0.0,0.0,0.0,73.63,257100000,,,,D
1214,2008/09,,fc-lorient,olympique-lyonnais,0.0,0.0,0.0,0.0,0.0,70.23,70850000,0.0,0.0,0.0,0.0,0.0,72.74,89500000,,,,D
1215,2008/09,,olympique-de-marseille,aj-auxerre,0.0,0.0,0.0,0.0,0.0,73.85,58850000,0.0,0.0,0.0,0.0,0.0,0.0,0,,,,H
1216,2008/09,,aj-auxerre,ogc-nice,0.0,0.0,0.0,0.0,0.0,0.0,0,0.0,0.0,0.0,0.0,0.0,73.28,89200000,,,,A
1217,2008/09,,stade-rennais,losc-lille,0.0,0.0,0.0,0.0,0.0,73.39,253175000,0.0,0.0,0.0,0.0,0.0,72.18,86050000,,,,H
1218,2008/09,,fc-lorient,aj-auxerre,0.0,0.0,0.0,0.0,0.0,70.23,70850000,0.0,0.0,0.0,0.0,0.0,0.0,0,,,,A
1219,2008/09,,toulouse-fc,stade-rennais,0.0,0.0,0.0,0.0,0.0,68.76,60900000,0.0,0.0,0.0,0.0,0.0,73.39,253175000,,,,D
1220,2008/09,,olympique-lyonnais,ogc-nice,0.0,0.0,0.0,0.0,0.0,72.74,89500000,0.0,0.0,0.0,0.0,0.0,73.28,89200000,,,,H
1221,2008/09,,as-monaco,fc-lorient,0.0,0.0,0.0,0.0,0.0,73.63,257100000,0.0,0.0,0.0,0.0,0.0,70.23,70850000,,,,H
1222,2008/09,,paris-saint-germain,fc-nantes,0.0,0.0,0.0,0.0,0.0,0.0,0,0.0,0.0,0.0,0.0,0.0,69.58,54600000,,,,H
1223,2008/09,,losc-lille,aj-auxerre,0.0,0.0,0.0,0.0,0.0,72.18,86050000,0.0,0.0,0.0,0.0,0.0,0.0,0,,,,H
1224,2008/09,,olympique-de-marseille,as-monaco,0.0,0.0,0.0,0.0,0.0,73.85,58850000,0.0,0.0,0.0,0.0,0.0,73.63,257100000,,,,D
1225,2008/09,,stade-rennais,ogc-nice,0.0,0.0,0.0,0.0,0.0,73.39,253175000,0.0,0.0,0.0,0.0,0.0,73.28,89200000,,,,H
1226,2008/09,,as-monaco,losc-lille,0.0,0.0,0.0,0.0,0.0,73.63,257100000,0.0,0.0,0.0,0.0,0.0,72.18,86050000,,,,A
1227,2008/09,,toulouse-fc,aj-auxerre,0.0,0.0,0.0,0.0,0.0,68.76,60900000,0.0,0.0,0.0,0.0,0.0,0.0,0,,,,H
1228,2008/09,,stade-rennais,olympique-lyonnais,0.0,0.0,0.0,0.0,0.0,73.39,253175000,0.0,0.0,0.0,0.0,0.0,72.74,89500000,,,,H
1229,2008/09,,olympique-lyonnais,losc-lille,0.0,0.0,0.0,0.0,0.0,72.74,89500000,0.0,0.0,0.0,0.0,0.0,72.18,86050000,,,,D
1230,2008/09,,as-monaco,ogc-nice,0.0,0.0,0.0,0.0,0.0,73.63,257100000,0.0,0.0,0.0,0.0,0.0,73.28,89200000,,,,A
1231,2008/09,,paris-saint-germain,fc-lorient,0.0,0.0,0.0,0.0,0.0,0.0,0,0.0,0.0,0.0,0.0,0.0,70.23,70850000,,,,H
1232,2008/09,,aj-auxerre,stade-rennais,0.0,0.0,0.0,0.0,0.0,0.0,0,0.0,0.0,0.0,0.0,0.0,73.39,253175000,,,,D
1233,2008/09,,aj-auxerre,olympique-lyonnais,0.0,0.0,0.0,0.0,0.0,0.0,0,0.0,0.0,0.0,0.0,0.0,72.74,89500000,,,,D
1234,2008/09,,fc-lorient,fc-nantes,0.0,0.0,0.0,0.0,0.0,70.23,70850000,0.0,0.0,0.0,0.0,0.0,69.58,54600000,,,,H
1235,2008/09,,toulouse-fc,as-monaco,0.0,0.0,0.0,0.0,0.0,68.76,60900000,0.0,0.0,0.0,0.0,0.0,73.63,257100000,,,,D
1236,2008/09,,olympique-de-marseille,paris-saint-germain,0.0,0.0,0.0,0.0,0.0,73.85,58850000,0.0,0.0,0.0,0.0,0.0,0.0,0,,,,A
1237,2008/09,,fc-nantes,olympique-de-marseille,0.0,0.0,0.0,0.0,0.0,69.58,54600000,0.0,0.0,0.0,0.0,0.0,73.85,58850000,,,,D
1238,2008/09,,paris-saint-germain,toulouse-fc,0.0,0.0,0.0,0.0,0.0,0.0,0,0.0,0.0,0.0,0.0,0.0,68.76,60900000,,,,A
1239,2008/09,,losc-lille,fc-nantes,0.0,0.0,0.0,0.0,0.0,72.18,86050000,0.0,0.0,0.0,0.0,0.0,69.58,54600000,,,,H
1240,2008/09,,ogc-nice,paris-saint-germain,0.0,0.0,0.0,0.0,0.0,73.28,89200000,0.0,0.0,0.0,0.0,0.0,0.0,0,,,,H
1241,2008/09,,fc-lorient,ogc-nice,0.0,0.0,0.0,0.0,0.0,70.23,70850000,0.0,0.0,0.0,0.0,0.0,73.28,89200000,,,,A
1242,2008/09,,as-monaco,olympique-lyonnais,0.0,0.0,0.0,0.0,0.0,73.63,257100000,0.0,0.0,0.0,0.0,0.0,72.74,89500000,,,,A
1243,2008/09,,fc-nantes,toulouse-fc,0.0,0.0,0.0,0.0,0.0,69.58,54600000,0.0,0.0,0.0,0.0,0.0,68.76,60900000,,,,D
1244,2008/09,,paris-saint-germain,losc-lille,0.0,0.0,0.0,0.0,0.0,0.0,0,0.0,0.0,0.0,0.0,0.0,72.18,86050000,,,,H
1245,2008/09,,olympique-de-marseille,fc-lorient,0.0,0.0,0.0,0.0,0.0,73.85,58850000,0.0,0.0,0.0,0.0,0.0,70.23,70850000,,,,A
1246,2008/09,,ogc-nice,fc-nantes,0.0,0.0,0.0,0.0,0.0,73.28,89200000,0.0,0.0,0.0,0.0,0.0,69.58,54600000,,,,H
1247,2008/09,,stade-rennais,as-monaco,0.0,0.0,0.0,0.0,0.0,73.39,253175000,0.0,0.0,0.0,0.0,0.0,73.63,257100000,,,,H
1248,2008/09,,fc-lorient,toulouse-fc,0.0,0.0,0.0,0.0,0.0,70.23,70850000,0.0,0.0,0.0,0.0,0.0,68.76,60900000,,,,H
1249,2008/09,,paris-saint-germain,olympique-lyonnais,0.0,0.0,0.0,0.0,0.0,0.0,0,0.0,0.0,0.0,0.0,0.0,72.74,89500000,,,,H
1250,2008/09,,olympique-de-marseille,losc-lille,0.0,0.0,0.0,0.0,0.0,73.85,58850000,0.0,0.0,0.0,0.0,0.0,72.18,86050000,,,,D
1251,2008/09,,aj-auxerre,as-monaco,0.0,0.0,0.0,0.0,0.0,0.0,0,0.0,0.0,0.0,0.0,0.0,73.63,257100000,,,,A
1252,2008/09,,losc-lille,fc-lorient,0.0,0.0,0.0,0.0,0.0,72.18,86050000,0.0,0.0,0.0,0.0,0.0,70.23,70850000,,,,D
1253,2008/09,,stade-rennais,paris-saint-germain,0.0,0.0,0.0,0.0,0.0,73.39,253175000,0.0,0.0,0.0,0.0,0.0,0.0,0,,,,H
1254,2008/09,,toulouse-fc,olympique-de-marseille,0.0,0.0,0.0,0.0,0.0,68.76,60900000,0.0,0.0,0.0,0.0,0.0,73.85,58850000,,,,D
1255,2008/09,,losc-lille,toulouse-fc,0.0,0.0,0.0,0.0,0.0,72.18,86050000,0.0,0.0,0.0,0.0,0.0,68.76,60900000,,,,D
1256,2008/09,,olympique-de-marseille,ogc-nice,0.0,0.0,0.0,0.0,0.0,73.85,58850000,0.0,0.0,0.0,0.0,0.0,73.28,89200000,,,,H
1257,2008/09,,fc-nantes,olympique-lyonnais,0.0,0.0,0.0,0.0,0.0,69.58,54600000,0.0,0.0,0.0,0.0,0.0,72.74,89500000,,,,H
1258,2008/09,,aj-auxerre,paris-saint-germain,0.0,0.0,0.0,0.0,0.0,0.0,0,0.0,0.0,0.0,0.0,0.0,0.0,0,,,,A
1259,2008/09,,stade-rennais,fc-nantes,0.0,0.0,0.0,0.0,0.0,73.39,253175000,0.0,0.0,0.0,0.0,0.0,69.58,54600000,,,,D
1260,2008/09,,olympique-lyonnais,olympique-de-marseille,0.0,0.0,0.0,0.0,0.0,72.74,89500000,0.0,0.0,0.0,0.0,0.0,73.85,58850000,,,,D
1261,2008/09,,ogc-nice,losc-lille,0.0,0.0,0.0,0.0,0.0,73.28,89200000,0.0,0.0,0.0,0.0,0.0,72.18,86050000,,,,A
1262,2008/09,,fc-lorient,stade-rennais,0.0,0.0,0.0,0.0,0.0,70.23,70850000,0.0,0.0,0.0,0.0,0.0,73.39,253175000,,,,A
1263,2008/09,,toulouse-fc,ogc-nice,0.0,0.0,0.0,0.0,0.0,68.76,60900000,0.0,0.0,0.0,0.0,0.0,73.28,89200000,,,,D
1264,2008/09,,aj-auxerre,olympique-de-marseille,0.0,0.0,0.0,0.0,0.0,0.0,0,0.0,0.0,0.0,0.0,0.0,73.85,58850000,,,,A
1265,2008/09,,olympique-lyonnais,fc-lorient,0.0,0.0,0.0,0.0,0.0,72.74,89500000,0.0,0.0,0.0,0.0,0.0,70.23,70850000,,,,D
1266,2008/09,,as-monaco,fc-nantes,0.0,0.0,0.0,0.0,0.0,73.63,257100000,0.0,0.0,0.0,0.0,0.0,69.58,54600000,,,,A
1267,2008/09,,ogc-nice,aj-auxerre,0.0,0.0,0.0,0.0,0.0,73.28,89200000,0.0,0.0,0.0,0.0,0.0,0.0,0,,,,H
1268,2008/09,,losc-lille,stade-rennais,0.0,0.0,0.0,0.0,0.0,72.18,86050000,0.0,0.0,0.0,0.0,0.0,73.39,253175000,,,,H
1269,2008/09,,aj-auxerre,fc-lorient,0.0,0.0,0.0,0.0,0.0,0.0,0,0.0,0.0,0.0,0.0,0.0,70.23,70850000,,,,D
1270,2008/09,,stade-rennais,toulouse-fc,0.0,0.0,0.0,0.0,0.0,73.39,253175000,0.0,0.0,0.0,0.0,0.0,68.76,60900000,,,,D
1271,2008/09,,fc-lorient,as-monaco,0.0,0.0,0.0,0.0,0.0,70.23,70850000,0.0,0.0,0.0,0.0,0.0,73.63,257100000,,,,D
1272,2008/09,,fc-nantes,paris-saint-germain,0.0,0.0,0.0,0.0,0.0,69.58,54600000,0.0,0.0,0.0,0.0,0.0,0.0,0,,,,A
1273,2008/09,,ogc-nice,olympique-lyonnais,0.0,0.0,0.0,0.0,0.0,73.28,89200000,0.0,0.0,0.0,0.0,0.0,72.74,89500000,,,,A
1274,2008/09,,aj-auxerre,losc-lille,0.0,0.0,0.0,0.0,0.0,0.0,0,0.0,0.0,0.0,0.0,0.0,72.18,86050000,,,,H
1275,2008/09,,as-monaco,olympique-de-marseille,0.0,0.0,0.0,0.0,0.0,73.63,257100000,0.0,0.0,0.0,0.0,0.0,73.85,58850000,,,,A
1276,2008/09,,ogc-nice,stade-rennais,0.0,0.0,0.0,0.0,0.0,73.28,89200000,0.0,0.0,0.0,0.0,0.0,73.39,253175000,,,,A
1277,2008/09,,losc-lille,as-monaco,0.0,0.0,0.0,0.0,0.0,72.18,86050000,0.0,0.0,0.0,0.0,0.0,73.63,257100000,,,,H
1278,2008/09,,aj-auxerre,toulouse-fc,0.0,0.0,0.0,0.0,0.0,0.0,0,0.0,0.0,0.0,0.0,0.0,68.76,60900000,,,,D
1279,2008/09,,olympique-lyonnais,stade-rennais,0.0,0.0,0.0,0.0,0.0,72.74,89500000,0.0,0.0,0.0,0.0,0.0,73.39,253175000,,,,D
1280,2008/09,,losc-lille,olympique-lyonnais,0.0,0.0,0.0,0.0,0.0,72.18,86050000,0.0,0.0,0.0,0.0,0.0,72.74,89500000,,,,H
1281,2008/09,,fc-lorient,paris-saint-germain,0.0,0.0,0.0,0.0,0.0,70.23,70850000,0.0,0.0,0.0,0.0,0.0,0.0,0,,,,A
1282,2008/09,,ogc-nice,as-monaco,0.0,0.0,0.0,0.0,0.0,73.28,89200000,0.0,0.0,0.0,0.0,0.0,73.63,257100000,,,,D
1283,2008/09,,stade-rennais,aj-auxerre,0.0,0.0,0.0,0.0,0.0,73.39,253175000,0.0,0.0,0.0,0.0,0.0,0.0,0,,,,H
1284,2008/09,,as-monaco,toulouse-fc,0.0,0.0,0.0,0.0,0.0,73.63,257100000,0.0,0.0,0.0,0.0,0.0,68.76,60900000,,,,H
1285,2008/09,,fc-nantes,fc-lorient,0.0,0.0,0.0,0.0,0.0,69.58,54600000,0.0,0.0,0.0,0.0,0.0,70.23,70850000,,,,D
1286,2008/09,,olympique-lyonnais,aj-auxerre,0.0,0.0,0.0,0.0,0.0,72.74,89500000,0.0,0.0,0.0,0.0,0.0,0.0,0,,,,A
1287,2008/09,,paris-saint-germain,olympique-de-marseille,0.0,0.0,0.0,0.0,0.0,0.0,0,0.0,0.0,0.0,0.0,0.0,73.85,58850000,,,,A
1288,2008/09,,olympique-de-marseille,fc-nantes,0.0,0.0,0.0,0.0,0.0,73.85,58850000,0.0,0.0,0.0,0.0,0.0,69.58,54600000,,,,H
1289,2008/09,,toulouse-fc,paris-saint-germain,0.0,0.0,0.0,0.0,0.0,68.76,60900000,0.0,0.0,0.0,0.0,0.0,0.0,0,,,,H
1290,2008/09,,fc-nantes,losc-lille,0.0,0.0,0.0,0.0,0.0,69.58,54600000,0.0,0.0,0.0,0.0,0.0,72.18,86050000,,,,A
1291,2008/09,,paris-saint-germain,ogc-nice,0.0,0.0,0.0,0.0,0.0,0.0,0,0.0,0.0,0.0,0.0,0.0,73.28,89200000,,,,H
1292,2008/09,,ogc-nice,fc-lorient,0.0,0.0,0.0,0.0,0.0,73.28,89200000,0.0,0.0,0.0,0.0,0.0,70.23,70850000,,,,H
1293,2008/09,,toulouse-fc,fc-nantes,0.0,0.0,0.0,0.0,0.0,68.76,60900000,0.0,0.0,0.0,0.0,0.0,69.58,54600000,,,,H
1294,2008/09,,losc-lille,paris-saint-germain,0.0,0.0,0.0,0.0,0.0,72.18,86050000,0.0,0.0,0.0,0.0,0.0,0.0,0,,,,D
1295,2008/09,,olympique-lyonnais,as-monaco,0.0,0.0,0.0,0.0,0.0,72.74,89500000,0.0,0.0,0.0,0.0,0.0,73.63,257100000,,,,D
1296,2008/09,,as-monaco,stade-rennais,0.0,0.0,0.0,0.0,0.0,73.63,257100000,0.0,0.0,0.0,0.0,0.0,73.39,253175000,,,,H
1297,2008/09,,fc-nantes,ogc-nice,0.0,0.0,0.0,0.0,0.0,69.58,54600000,0.0,0.0,0.0,0.0,0.0,73.28,89200000,,,,H
1298,2008/09,,fc-lorient,olympique-de-marseille,0.0,0.0,0.0,0.0,0.0,70.23,70850000,0.0,0.0,0.0,0.0,0.0,73.85,58850000,,,,A
1299,2008/09,,olympique-lyonnais,paris-saint-germain,0.0,0.0,0.0,0.0,0.0,72.74,89500000,0.0,0.0,0.0,0.0,0.0,0.0,0,,,,D
1300,2008/09,,losc-lille,olympique-de-marseille,0.0,0.0,0.0,0.0,0.0,72.18,86050000,0.0,0.0,0.0,0.0,0.0,73.85,58850000,,,,A
1301,2008/09,,toulouse-fc,fc-lorient,0.0,0.0,0.0,0.0,0.0,68.76,60900000,0.0,0.0,0.0,0.0,0.0,70.23,70850000,,,,D
1302,2008/09,,fc-lorient,losc-lille,0.0,0.0,0.0,0.0,0.0,70.23,70850000,0.0,0.0,0.0,0.0,0.0,72.18,86050000,,,,H
1303,2008/09,,olympique-de-marseille,toulouse-fc,0.0,0.0,0.0,0.0,0.0,73.85,58850000,0.0,0.0,0.0,0.0,0.0,68.76,60900000,,,,D
1304,2008/09,,as-monaco,aj-auxerre,0.0,0.0,0.0,0.0,0.0,73.63,257100000,0.0,0.0,0.0,0.0,0.0,0.0,0,,,,A
1305,2008/09,,paris-saint-germain,stade-rennais,0.0,0.0,0.0,0.0,0.0,0.0,0,0.0,0.0,0.0,0.0,0.0,73.39,253175000,,,,A
1306,2008/09,,olympique-lyonnais,fc-nantes,0.0,0.0,0.0,0.0,0.0,72.74,89500000,0.0,0.0,0.0,0.0,0.0,69.58,54600000,,,,H
1307,2008/09,,ogc-nice,olympique-de-marseille,0.0,0.0,0.0,0.0,0.0,73.28,89200000,0.0,0.0,0.0,0.0,0.0,73.85,58850000,,,,A
1308,2008/09,,toulouse-fc,losc-lille,0.0,0.0,0.0,0.0,0.0,68.76,60900000,0.0,0.0,0.0,0.0,0.0,72.18,86050000,,,,D
1309,2008/09,,paris-saint-germain,aj-auxerre,0.0,0.0,0.0,0.0,0.0,0.0,0,0.0,0.0,0.0,0.0,0.0,0.0,0,,,,A
1310,2008/09,,losc-lille,ogc-nice,0.0,0.0,0.0,0.0,0.0,72.18,86050000,0.0,0.0,0.0,0.0,0.0,73.28,89200000,,,,D
1311,2008/09,,olympique-de-marseille,olympique-lyonnais,0.0,0.0,0.0,0.0,0.0,73.85,58850000,0.0,0.0,0.0,0.0,0.0,72.74,89500000,,,,A
1312,2008/09,,fc-nantes,stade-rennais,0.0,0.0,0.0,0.0,0.0,69.58,54600000,0.0,0.0,0.0,0.0,0.0,73.39,253175000,,,,D
1313,2008/09,,ogc-nice,toulouse-fc,0.0,0.0,0.0,0.0,0.0,73.28,89200000,0.0,0.0,0.0,0.0,0.0,68.76,60900000,,,,A
1314,2008/09,,stade-rennais,fc-lorient,0.0,0.0,0.0,0.0,0.0,73.39,253175000,0.0,0.0,0.0,0.0,0.0,70.23,70850000,,,,H
1315,2008/09,,olympique-de-marseille,stade-rennais,0.0,0.0,0.0,0.0,0.0,73.85,58850000,0.0,0.0,0.0,0.0,0.0,73.39,253175000,,,,H
1316,2008/09,,fc-nantes,aj-auxerre,0.0,0.0,0.0,0.0,0.0,69.58,54600000,0.0,0.0,0.0,0.0,0.0,0.0,0,,,,H
1317,2008/09,,paris-saint-germain,as-monaco,0.0,0.0,0.0,0.0,0.0,0.0,0,0.0,0.0,0.0,0.0,0.0,73.63,257100000,,,,D
1318,2008/09,,toulouse-fc,olympique-lyonnais,0.0,0.0,0.0,0.0,0.0,68.76,60900000,0.0,0.0,0.0,0.0,0.0,72.74,89500000,,,,D
1319,2009/10,,as-monaco,toulouse-fc,0.0,0.0,0.0,0.0,0.0,73.63,257100000,0.0,0.0,0.0,0.0,0.0,68.76,60900000,,,,H
1320,2009/10,,losc-lille,fc-lorient,0.0,0.0,0.0,0.0,0.0,72.18,86050000,0.0,0.0,0.0,0.0,0.0,70.23,70850000,,,,A
1321,2009/10,,rc-lens,aj-auxerre,0.0,0.0,0.0,0.0,0.0,72.84,82750000,0.0,0.0,0.0,0.0,0.0,0.0,0,,,,H
1322,2009/10,,olympique-de-marseille,losc-lille,0.0,0.0,0.0,0.0,0.0,73.85,58850000,0.0,0.0,0.0,0.0,0.0,72.18,86050000,,,,H
1323,2009/10,,ogc-nice,stade-rennais,0.0,0.0,0.0,0.0,0.0,73.28,89200000,0.0,0.0,0.0,0.0,0.0,73.39,253175000,,,,D
1324,2009/10,,aj-auxerre,olympique-lyonnais,0.0,0.0,0.0,0.0,0.0,0.0,0,0.0,0.0,0.0,0.0,0.0,72.74,89500000,,,,A
1325,2009/10,,as-monaco,fc-lorient,0.0,0.0,0.0,0.0,0.0,73.63,257100000,0.0,0.0,0.0,0.0,0.0,70.23,70850000,,,,H
1326,2009/10,,stade-rennais,olympique-de-marseille,0.0,0.0,0.0,0.0,0.0,73.39,253175000,0.0,0.0,0.0,0.0,0.0,73.85,58850000,,,,D
1327,2009/10,,losc-lille,toulouse-fc,0.0,0.0,0.0,0.0,0.0,72.18,86050000,0.0,0.0,0.0,0.0,0.0,68.76,60900000,,,,D
1328,2009/10,,rc-lens,stade-rennais,0.0,0.0,0.0,0.0,0.0,72.84,82750000,0.0,0.0,0.0,0.0,0.0,73.39,253175000,,,,D
1329,2009/10,,paris-saint-germain,losc-lille,0.0,0.0,0.0,0.0,0.0,0.0,0,0.0,0.0,0.0,0.0,0.0,72.18,86050000,,,,H
1330,2009/10,,olympique-lyonnais,fc-lorient,0.0,0.0,0.0,0.0,0.0,72.74,89500000,0.0,0.0,0.0,0.0,0.0,70.23,70850000,,,,H
1331,2009/10,,aj-auxerre,ogc-nice,0.0,0.0,0.0,0.0,0.0,0.0,0,0.0,0.0,0.0,0.0,0.0,73.28,89200000,,,,H
1332,2009/10,,as-monaco,paris-saint-germain,0.0,0.0,0.0,0.0,0.0,73.63,257100000,0.0,0.0,0.0,0.0,0.0,0.0,0,,,,H
1333,2009/10,,ogc-nice,as-monaco,0.0,0.0,0.0,0.0,0.0,73.28,89200000,0.0,0.0,0.0,0.0,0.0,73.63,257100000,,,,A
1334,2009/10,,rc-lens,losc-lille,0.0,0.0,0.0,0.0,0.0,72.84,82750000,0.0,0.0,0.0,0.0,0.0,72.18,86050000,,,,D
1335,2009/10,,paris-saint-germain,olympique-lyonnais,0.0,0.0,0.0,0.0,0.0,0.0,0,0.0,0.0,0.0,0.0,0.0,72.74,89500000,,,,D
1336,2009/10,,fc-lorient,paris-saint-germain,0.0,0.0,0.0,0.0,0.0,70.23,70850000,0.0,0.0,0.0,0.0,0.0,0.0,0,,,,D
1337,2009/10,,olympique-lyonnais,toulouse-fc,0.0,0.0,0.0,0.0,0.0,72.74,89500000,0.0,0.0,0.0,0.0,0.0,68.76,60900000,,,,H
1338,2009/10,,losc-lille,ogc-nice,0.0,0.0,0.0,0.0,0.0,72.18,86050000,0.0,0.0,0.0,0.0,0.0,73.28,89200000,,,,D
1339,2009/10,,rc-lens,olympique-lyonnais,0.0,0.0,0.0,0.0,0.0,72.84,82750000,0.0,0.0,0.0,0.0,0.0,72.74,89500000,,,,A
1340,2009/10,,stade-rennais,aj-auxerre,0.0,0.0,0.0,0.0,0.0,73.39,253175000,0.0,0.0,0.0,0.0,0.0,0.0,0,,,,A
1341,2009/10,,olympique-de-marseille,as-monaco,0.0,0.0,0.0,0.0,0.0,73.85,58850000,0.0,0.0,0.0,0.0,0.0,73.63,257100000,,,,A
1342,2009/10,,toulouse-fc,fc-lorient,0.0,0.0,0.0,0.0,0.0,68.76,60900000,0.0,0.0,0.0,0.0,0.0,70.23,70850000,,,,A
1343,2009/10,,losc-lille,stade-rennais,0.0,0.0,0.0,0.0,0.0,72.18,86050000,0.0,0.0,0.0,0.0,0.0,73.39,253175000,,,,D
1344,2009/10,,fc-lorient,ogc-nice,0.0,0.0,0.0,0.0,0.0,70.23,70850000,0.0,0.0,0.0,0.0,0.0,73.28,89200000,,,,H
1345,2009/10,,as-monaco,rc-lens,0.0,0.0,0.0,0.0,0.0,73.63,257100000,0.0,0.0,0.0,0.0,0.0,72.84,82750000,,,,H
1346,2009/10,,toulouse-fc,paris-saint-germain,0.0,0.0,0.0,0.0,0.0,68.76,60900000,0.0,0.0,0.0,0.0,0.0,0.0,0,,,,H
1347,2009/10,,ogc-nice,olympique-lyonnais,0.0,0.0,0.0,0.0,0.0,73.28,89200000,0.0,0.0,0.0,0.0,0.0,72.74,89500000,,,,H
1348,2009/10,,aj-auxerre,losc-lille,0.0,0.0,0.0,0.0,0.0,0.0,0,0.0,0.0,0.0,0.0,0.0,72.18,86050000,,,,H
1349,2009/10,,rc-lens,toulouse-fc,0.0,0.0,0.0,0.0,0.0,72.84,82750000,0.0,0.0,0.0,0.0,0.0,68.76,60900000,,,,A
1350,2009/10,,rc-lens,fc-lorient,0.0,0.0,0.0,0.0,0.0,72.84,82750000,0.0,0.0,0.0,0.0,0.0,70.23,70850000,,,,D
1351,2009/10,,olympique-de-marseille,toulouse-fc,0.0,0.0,0.0,0.0,0.0,73.85,58850000,0.0,0.0,0.0,0.0,0.0,68.76,60900000,,,,D
1352,2009/10,,paris-saint-germain,ogc-nice,0.0,0.0,0.0,0.0,0.0,0.0,0,0.0,0.0,0.0,0.0,0.0,73.28,89200000,,,,A
1353,2009/10,,olympique-lyonnais,olympique-de-marseille,0.0,0.0,0.0,0.0,0.0,72.74,89500000,0.0,0.0,0.0,0.0,0.0,73.85,58850000,,,,D
1354,2009/10,,toulouse-fc,stade-rennais,0.0,0.0,0.0,0.0,0.0,68.76,60900000,0.0,0.0,0.0,0.0,0.0,73.39,253175000,,,,H
1355,2009/10,,olympique-de-marseille,paris-saint-germain,0.0,0.0,0.0,0.0,0.0,73.85,58850000,0.0,0.0,0.0,0.0,0.0,0.0,0,,,,H
1356,2009/10,,aj-auxerre,as-monaco,0.0,0.0,0.0,0.0,0.0,0.0,0,0.0,0.0,0.0,0.0,0.0,73.63,257100000,,,,H
1357,2009/10,,ogc-nice,toulouse-fc,0.0,0.0,0.0,0.0,0.0,73.28,89200000,0.0,0.0,0.0,0.0,0.0,68.76,60900000,,,,H
1358,2009/10,,rc-lens,olympique-de-marseille,0.0,0.0,0.0,0.0,0.0,72.84,82750000,0.0,0.0,0.0,0.0,0.0,73.85,58850000,,,,H
1359,2009/10,,paris-saint-germain,aj-auxerre,0.0,0.0,0.0,0.0,0.0,0.0,0,0.0,0.0,0.0,0.0,0.0,0.0,0,,,,H
1360,2009/10,,olympique-lyonnais,stade-rennais,0.0,0.0,0.0,0.0,0.0,72.74,89500000,0.0,0.0,0.0,0.0,0.0,73.39,253175000,,,,D
1361,2009/10,,ogc-nice,olympique-de-marseille,0.0,0.0,0.0,0.0,0.0,73.28,89200000,0.0,0.0,0.0,0.0,0.0,73.85,58850000,,,,A
1362,2009/10,,stade-rennais,fc-lorient,0.0,0.0,0.0,0.0,0.0,73.39,253175000,0.0,0.0,0.0,0.0,0.0,70.23,70850000,,,,H
1363,2009/10,,losc-lille,olympique-lyonnais,0.0,0.0,0.0,0.0,0.0,72.18,86050000,0.0,0.0,0.0,0.0,0.0,72.74,89500000,,,,H
1364,2009/10,,rc-lens,ogc-nice,0.0,0.0,0.0,0.0,0.0,72.84,82750000,0.0,0.0,0.0,0.0,0.0,73.28,89200000,,,,H
1365,2009/10,,fc-lorient,aj-auxerre,0.0,0.0,0.0,0.0,0.0,70.23,70850000,0.0,0.0,0.0,0.0,0.0,0.0,0,,,,D
1366,2009/10,,as-monaco,losc-lille,0.0,0.0,0.0,0.0,0.0,73.63,257100000,0.0,0.0,0.0,0.0,0.0,72.18,86050000,,,,A
1367,2009/10,,fc-lorient,olympique-de-marseille,0.0,0.0,0.0,0.0,0.0,70.23,70850000,0.0,0.0,0.0,0.0,0.0,73.85,58850000,,,,A
1368,2009/10,,as-monaco,stade-rennais,0.0,0.0,0.0,0.0,0.0,73.63,257100000,0.0,0.0,0.0,0.0,0.0,73.39,253175000,,,,H
1369,2009/10,,paris-saint-germain,rc-lens,0.0,0.0,0.0,0.0,0.0,0.0,0,0.0,0.0,0.0,0.0,0.0,72.84,82750000,,,,D
1370,2009/10,,stade-rennais,paris-saint-germain,0.0,0.0,0.0,0.0,0.0,73.39,253175000,0.0,0.0,0.0,0.0,0.0,0.0,0,,,,H
1371,2009/10,,aj-auxerre,toulouse-fc,0.0,0.0,0.0,0.0,0.0,0.0,0,0.0,0.0,0.0,0.0,0.0,68.76,60900000,,,,D
1372,2009/10,,as-monaco,olympique-lyonnais,0.0,0.0,0.0,0.0,0.0,73.63,257100000,0.0,0.0,0.0,0.0,0.0,72.74,89500000,,,,D
1373,2009/10,,olympique-de-marseille,aj-auxerre,0.0,0.0,0.0,0.0,0.0,73.85,58850000,0.0,0.0,0.0,0.0,0.0,0.0,0,,,,A
1374,2009/10,,losc-lille,paris-saint-germain,0.0,0.0,0.0,0.0,0.0,72.18,86050000,0.0,0.0,0.0,0.0,0.0,0.0,0,,,,H
1375,2009/10,,stade-rennais,rc-lens,0.0,0.0,0.0,0.0,0.0,73.39,253175000,0.0,0.0,0.0,0.0,0.0,72.84,82750000,,,,D
1376,2009/10,,fc-lorient,olympique-lyonnais,0.0,0.0,0.0,0.0,0.0,70.23,70850000,0.0,0.0,0.0,0.0,0.0,72.74,89500000,,,,A
1377,2009/10,,ogc-nice,aj-auxerre,0.0,0.0,0.0,0.0,0.0,73.28,89200000,0.0,0.0,0.0,0.0,0.0,0.0,0,,,,A
1378,2009/10,,paris-saint-germain,as-monaco,0.0,0.0,0.0,0.0,0.0,0.0,0,0.0,0.0,0.0,0.0,0.0,73.63,257100000,,,,A
1379,2009/10,,losc-lille,rc-lens,0.0,0.0,0.0,0.0,0.0,72.18,86050000,0.0,0.0,0.0,0.0,0.0,72.84,82750000,,,,H
1380,2009/10,,as-monaco,ogc-nice,0.0,0.0,0.0,0.0,0.0,73.63,257100000,0.0,0.0,0.0,0.0,0.0,73.28,89200000,,,,H
1381,2009/10,,olympique-lyonnais,paris-saint-germain,0.0,0.0,0.0,0.0,0.0,72.74,89500000,0.0,0.0,0.0,0.0,0.0,0.0,0,,,,H
1382,2009/10,,ogc-nice,losc-lille,0.0,0.0,0.0,0.0,0.0,73.28,89200000,0.0,0.0,0.0,0.0,0.0,72.18,86050000,,,,D
1383,2009/10,,paris-saint-germain,fc-lorient,0.0,0.0,0.0,0.0,0.0,0.0,0,0.0,0.0,0.0,0.0,0.0,70.23,70850000,,,,A
1384,2009/10,,toulouse-fc,olympique-lyonnais,0.0,0.0,0.0,0.0,0.0,68.76,60900000,0.0,0.0,0.0,0.0,0.0,72.74,89500000,,,,D
1385,2009/10,,olympique-lyonnais,rc-lens,0.0,0.0,0.0,0.0,0.0,72.74,89500000,0.0,0.0,0.0,0.0,0.0,72.84,82750000,,,,H
1386,2009/10,,as-monaco,olympique-de-marseille,0.0,0.0,0.0,0.0,0.0,73.63,257100000,0.0,0.0,0.0,0.0,0.0,73.85,58850000,,,,A
1387,2009/10,,aj-auxerre,stade-rennais,0.0,0.0,0.0,0.0,0.0,0.0,0,0.0,0.0,0.0,0.0,0.0,73.39,253175000,,,,H
1388,2009/10,,fc-lorient,toulouse-fc,0.0,0.0,0.0,0.0,0.0,70.23,70850000,0.0,0.0,0.0,0.0,0.0,68.76,60900000,,,,D
1389,2009/10,,rc-lens,as-monaco,0.0,0.0,0.0,0.0,0.0,72.84,82750000,0.0,0.0,0.0,0.0,0.0,73.63,257100000,,,,H
1390,2009/10,,ogc-nice,fc-lorient,0.0,0.0,0.0,0.0,0.0,73.28,89200000,0.0,0.0,0.0,0.0,0.0,70.23,70850000,,,,H
1391,2009/10,,paris-saint-germain,toulouse-fc,0.0,0.0,0.0,0.0,0.0,0.0,0,0.0,0.0,0.0,0.0,0.0,68.76,60900000,,,,H
1392,2009/10,,stade-rennais,losc-lille,0.0,0.0,0.0,0.0,0.0,73.39,253175000,0.0,0.0,0.0,0.0,0.0,72.18,86050000,,,,A
1393,2009/10,,olympique-lyonnais,ogc-nice,0.0,0.0,0.0,0.0,0.0,72.74,89500000,0.0,0.0,0.0,0.0,0.0,73.28,89200000,,,,H
1394,2009/10,,toulouse-fc,rc-lens,0.0,0.0,0.0,0.0,0.0,68.76,60900000,0.0,0.0,0.0,0.0,0.0,72.84,82750000,,,,H
1395,2009/10,,losc-lille,aj-auxerre,0.0,0.0,0.0,0.0,0.0,72.18,86050000,0.0,0.0,0.0,0.0,0.0,0.0,0,,,,A
1396,2009/10,,paris-saint-germain,olympique-de-marseille,0.0,0.0,0.0,0.0,0.0,0.0,0,0.0,0.0,0.0,0.0,0.0,73.85,58850000,,,,A
1397,2009/10,,rc-lens,paris-saint-germain,0.0,0.0,0.0,0.0,0.0,72.84,82750000,0.0,0.0,0.0,0.0,0.0,0.0,0,,,,D
1398,2009/10,,stade-rennais,as-monaco,0.0,0.0,0.0,0.0,0.0,73.39,253175000,0.0,0.0,0.0,0.0,0.0,73.63,257100000,,,,H
1399,2009/10,,olympique-de-marseille,fc-lorient,0.0,0.0,0.0,0.0,0.0,73.85,58850000,0.0,0.0,0.0,0.0,0.0,70.23,70850000,,,,D
1400,2009/10,,fc-lorient,rc-lens,0.0,0.0,0.0,0.0,0.0,70.23,70850000,0.0,0.0,0.0,0.0,0.0,72.84,82750000,,,,H
1401,2009/10,,toulouse-fc,olympique-de-marseille,0.0,0.0,0.0,0.0,0.0,68.76,60900000,0.0,0.0,0.0,0.0,0.0,73.85,58850000,,,,D
1402,2009/10,,ogc-nice,paris-saint-germain,0.0,0.0,0.0,0.0,0.0,73.28,89200000,0.0,0.0,0.0,0.0,0.0,0.0,0,,,,H
1403,2009/10,,stade-rennais,toulouse-fc,0.0,0.0,0.0,0.0,0.0,73.39,253175000,0.0,0.0,0.0,0.0,0.0,68.76,60900000,,,,H
1404,2009/10,,olympique-de-marseille,olympique-lyonnais,0.0,0.0,0.0,0.0,0.0,73.85,58850000,0.0,0.0,0.0,0.0,0.0,72.74,89500000,,,,H
1405,2009/10,,toulouse-fc,ogc-nice,0.0,0.0,0.0,0.0,0.0,68.76,60900000,0.0,0.0,0.0,0.0,0.0,73.28,89200000,,,,A
1406,2009/10,,as-monaco,aj-auxerre,0.0,0.0,0.0,0.0,0.0,73.63,257100000,0.0,0.0,0.0,0.0,0.0,0.0,0,,,,D
1407,2009/10,,stade-rennais,olympique-lyonnais,0.0,0.0,0.0,0.0,0.0,73.39,253175000,0.0,0.0,0.0,0.0,0.0,72.74,89500000,,,,A
1408,2009/10,,aj-auxerre,paris-saint-germain,0.0,0.0,0.0,0.0,0.0,0.0,0,0.0,0.0,0.0,0.0,0.0,0.0,0,,,,D
1409,2009/10,,olympique-de-marseille,rc-lens,0.0,0.0,0.0,0.0,0.0,73.85,58850000,0.0,0.0,0.0,0.0,0.0,72.84,82750000,,,,H
1410,2009/10,,fc-lorient,stade-rennais,0.0,0.0,0.0,0.0,0.0,70.23,70850000,0.0,0.0,0.0,0.0,0.0,73.39,253175000,,,,D
1411,2009/10,,olympique-lyonnais,losc-lille,0.0,0.0,0.0,0.0,0.0,72.74,89500000,0.0,0.0,0.0,0.0,0.0,72.18,86050000,,,,D
1412,2009/10,,olympique-de-marseille,ogc-nice,0.0,0.0,0.0,0.0,0.0,73.85,58850000,0.0,0.0,0.0,0.0,0.0,73.28,89200000,,,,H
1413,2009/10,,aj-auxerre,fc-lorient,0.0,0.0,0.0,0.0,0.0,0.0,0,0.0,0.0,0.0,0.0,0.0,70.23,70850000,,,,H
1414,2009/10,,ogc-nice,rc-lens,0.0,0.0,0.0,0.0,0.0,73.28,89200000,0.0,0.0,0.0,0.0,0.0,72.84,82750000,,,,D
1415,2009/10,,losc-lille,as-monaco,0.0,0.0,0.0,0.0,0.0,72.18,86050000,0.0,0.0,0.0,0.0,0.0,73.63,257100000,,,,H
1416,2009/10,,paris-saint-germain,stade-rennais,0.0,0.0,0.0,0.0,0.0,0.0,0,0.0,0.0,0.0,0.0,0.0,73.39,253175000,,,,D
1417,2009/10,,toulouse-fc,aj-auxerre,0.0,0.0,0.0,0.0,0.0,68.76,60900000,0.0,0.0,0.0,0.0,0.0,0.0,0,,,,A
1418,2009/10,,aj-auxerre,olympique-de-marseille,0.0,0.0,0.0,0.0,0.0,0.0,0,0.0,0.0,0.0,0.0,0.0,73.85,58850000,,,,D
1419,2009/10,,fc-lorient,as-monaco,0.0,0.0,0.0,0.0,0.0,70.23,70850000,0.0,0.0,0.0,0.0,0.0,73.63,257100000,,,,D
1420,2009/10,,olympique-lyonnais,aj-auxerre,0.0,0.0,0.0,0.0,0.0,72.74,89500000,0.0,0.0,0.0,0.0,0.0,0.0,0,,,,H
1421,2009/10,,olympique-de-marseille,stade-rennais,0.0,0.0,0.0,0.0,0.0,73.85,58850000,0.0,0.0,0.0,0.0,0.0,73.39,253175000,,,,H
1422,2009/10,,toulouse-fc,losc-lille,0.0,0.0,0.0,0.0,0.0,68.76,60900000,0.0,0.0,0.0,0.0,0.0,72.18,86050000,,,,A
1423,2009/10,,aj-auxerre,rc-lens,0.0,0.0,0.0,0.0,0.0,0.0,0,0.0,0.0,0.0,0.0,0.0,72.84,82750000,,,,D
1424,2009/10,,losc-lille,olympique-de-marseille,0.0,0.0,0.0,0.0,0.0,72.18,86050000,0.0,0.0,0.0,0.0,0.0,73.85,58850000,,,,H
1425,2009/10,,stade-rennais,ogc-nice,0.0,0.0,0.0,0.0,0.0,73.39,253175000,0.0,0.0,0.0,0.0,0.0,73.28,89200000,,,,D
1426,2009/10,,olympique-lyonnais,as-monaco,0.0,0.0,0.0,0.0,0.0,72.74,89500000,0.0,0.0,0.0,0.0,0.0,73.63,257100000,,,,H
1427,2009/10,,fc-lorient,losc-lille,0.0,0.0,0.0,0.0,0.0,70.23,70850000,0.0,0.0,0.0,0.0,0.0,72.18,86050000,,,,H
1428,2009/10,,toulouse-fc,as-monaco,0.0,0.0,0.0,0.0,0.0,68.76,60900000,0.0,0.0,0.0,0.0,0.0,73.63,257100000,,,,D
1429,2010/11,,aj-auxerre,fc-lorient,0.0,0.0,0.0,0.0,0.0,0.0,0,0.0,0.0,0.0,0.0,0.0,70.23,70850000,,,,D
1430,2010/11,,olympique-lyonnais,as-monaco,0.0,0.0,0.0,0.0,0.0,72.74,89500000,0.0,0.0,0.0,0.0,0.0,73.63,257100000,,,,D
1431,2010/11,,stade-rennais,losc-lille,0.0,0.0,0.0,0.0,0.0,73.39,253175000,0.0,0.0,0.0,0.0,0.0,72.18,86050000,,,,D
1432,2010/11,,toulouse-fc,stade-brestois-29,0.0,0.0,0.0,0.0,0.0,68.76,60900000,0.0,0.0,0.0,0.0,0.0,70.61,86650000,,,,H
1433,2010/11,,stade-brestois-29,aj-auxerre,0.0,0.0,0.0,0.0,0.0,70.61,86650000,0.0,0.0,0.0,0.0,0.0,0.0,0,,,,D
1434,2010/11,,losc-lille,paris-saint-germain,0.0,0.0,0.0,0.0,0.0,72.18,86050000,0.0,0.0,0.0,0.0,0.0,0.0,0,,,,D
1435,2010/11,,fc-lorient,ogc-nice,0.0,0.0,0.0,0.0,0.0,70.23,70850000,0.0,0.0,0.0,0.0,0.0,73.28,89200000,,,,A
1436,2010/11,,rc-lens,as-monaco,0.0,0.0,0.0,0.0,0.0,72.84,82750000,0.0,0.0,0.0,0.0,0.0,73.63,257100000,,,,D
1437,2010/11,,olympique-lyonnais,stade-brestois-29,0.0,0.0,0.0,0.0,0.0,72.74,89500000,0.0,0.0,0.0,0.0,0.0,70.61,86650000,,,,H
1438,2010/11,,olympique-de-marseille,fc-lorient,0.0,0.0,0.0,0.0,0.0,73.85,58850000,0.0,0.0,0.0,0.0,0.0,70.23,70850000,,,,H
1439,2010/11,,fc-lorient,olympique-lyonnais,0.0,0.0,0.0,0.0,0.0,70.23,70850000,0.0,0.0,0.0,0.0,0.0,72.74,89500000,,,,H
1440,2010/11,,losc-lille,ogc-nice,0.0,0.0,0.0,0.0,0.0,72.18,86050000,0.0,0.0,0.0,0.0,0.0,73.28,89200000,,,,D
1441,2010/11,,as-monaco,aj-auxerre,0.0,0.0,0.0,0.0,0.0,73.63,257100000,0.0,0.0,0.0,0.0,0.0,0.0,0,,,,H
1442,2010/11,,rc-lens,losc-lille,0.0,0.0,0.0,0.0,0.0,72.84,82750000,0.0,0.0,0.0,0.0,0.0,72.18,86050000,,,,A
1443,2010/11,,stade-brestois-29,fc-lorient,0.0,0.0,0.0,0.0,0.0,70.61,86650000,0.0,0.0,0.0,0.0,0.0,70.23,70850000,,,,D
1444,2010/11,,olympique-de-marseille,as-monaco,0.0,0.0,0.0,0.0,0.0,73.85,58850000,0.0,0.0,0.0,0.0,0.0,73.63,257100000,,,,D
1445,2010/11,,as-monaco,toulouse-fc,0.0,0.0,0.0,0.0,0.0,73.63,257100000,0.0,0.0,0.0,0.0,0.0,68.76,60900000,,,,D
1446,2010/11,,losc-lille,aj-auxerre,0.0,0.0,0.0,0.0,0.0,72.18,86050000,0.0,0.0,0.0,0.0,0.0,0.0,0,,,,H
1447,2010/11,,paris-saint-germain,stade-rennais,0.0,0.0,0.0,0.0,0.0,0.0,0,0.0,0.0,0.0,0.0,0.0,73.39,253175000,,,,D
1448,2010/11,,fc-lorient,as-monaco,0.0,0.0,0.0,0.0,0.0,70.23,70850000,0.0,0.0,0.0,0.0,0.0,73.63,257100000,,,,H
1449,2010/11,,ogc-nice,stade-rennais,0.0,0.0,0.0,0.0,0.0,73.28,89200000,0.0,0.0,0.0,0.0,0.0,73.39,253175000,,,,A
1450,2010/11,,rc-lens,paris-saint-germain,0.0,0.0,0.0,0.0,0.0,72.84,82750000,0.0,0.0,0.0,0.0,0.0,0.0,0,,,,A
1451,2010/11,,toulouse-fc,losc-lille,0.0,0.0,0.0,0.0,0.0,68.76,60900000,0.0,0.0,0.0,0.0,0.0,72.18,86050000,,,,D
1452,2010/11,,as-monaco,stade-brestois-29,0.0,0.0,0.0,0.0,0.0,73.63,257100000,0.0,0.0,0.0,0.0,0.0,70.61,86650000,,,,A
1453,2010/11,,paris-saint-germain,ogc-nice,0.0,0.0,0.0,0.0,0.0,0.0,0,0.0,0.0,0.0,0.0,0.0,73.28,89200000,,,,D
1454,2010/11,,stade-rennais,toulouse-fc,0.0,0.0,0.0,0.0,0.0,73.39,253175000,0.0,0.0,0.0,0.0,0.0,68.76,60900000,,,,H
1455,2010/11,,toulouse-fc,paris-saint-germain,0.0,0.0,0.0,0.0,0.0,68.76,60900000,0.0,0.0,0.0,0.0,0.0,0.0,0,,,,A
1456,2010/11,,rc-lens,stade-rennais,0.0,0.0,0.0,0.0,0.0,72.84,82750000,0.0,0.0,0.0,0.0,0.0,73.39,253175000,,,,D
1457,2010/11,,olympique-lyonnais,losc-lille,0.0,0.0,0.0,0.0,0.0,72.74,89500000,0.0,0.0,0.0,0.0,0.0,72.18,86050000,,,,H
1458,2010/11,,rc-lens,ogc-nice,0.0,0.0,0.0,0.0,0.0,72.84,82750000,0.0,0.0,0.0,0.0,0.0,73.28,89200000,,,,H
1459,2010/11,,losc-lille,olympique-de-marseille,0.0,0.0,0.0,0.0,0.0,72.18,86050000,0.0,0.0,0.0,0.0,0.0,73.85,58850000,,,,A
1460,2010/11,,paris-saint-germain,aj-auxerre,0.0,0.0,0.0,0.0,0.0,0.0,0,0.0,0.0,0.0,0.0,0.0,0.0,0,,,,A
1461,2010/11,,aj-auxerre,ogc-nice,0.0,0.0,0.0,0.0,0.0,0.0,0,0.0,0.0,0.0,0.0,0.0,73.28,89200000,,,,H
1462,2010/11,,toulouse-fc,rc-lens,0.0,0.0,0.0,0.0,0.0,68.76,60900000,0.0,0.0,0.0,0.0,0.0,72.84,82750000,,,,D
1463,2010/11,,stade-rennais,olympique-lyonnais,0.0,0.0,0.0,0.0,0.0,73.39,253175000,0.0,0.0,0.0,0.0,0.0,72.74,89500000,,,,D
1464,2010/11,,losc-lille,stade-brestois-29,0.0,0.0,0.0,0.0,0.0,72.18,86050000,0.0,0.0,0.0,0.0,0.0,70.61,86650000,,,,H
1465,2010/11,,ogc-nice,toulouse-fc,0.0,0.0,0.0,0.0,0.0,73.28,89200000,0.0,0.0,0.0,0.0,0.0,68.76,60900000,,,,H
1466,2010/11,,paris-saint-germain,olympique-de-marseille,0.0,0.0,0.0,0.0,0.0,0.0,0,0.0,0.0,0.0,0.0,0.0,73.85,58850000,,,,H
1467,2010/11,,olympique-de-marseille,rc-lens,0.0,0.0,0.0,0.0,0.0,73.85,58850000,0.0,0.0,0.0,0.0,0.0,72.84,82750000,,,,D
1468,2010/11,,aj-auxerre,stade-rennais,0.0,0.0,0.0,0.0,0.0,0.0,0,0.0,0.0,0.0,0.0,0.0,73.39,253175000,,,,H
1469,2010/11,,fc-lorient,paris-saint-germain,0.0,0.0,0.0,0.0,0.0,70.23,70850000,0.0,0.0,0.0,0.0,0.0,0.0,0,,,,D
1470,2010/11,,olympique-lyonnais,ogc-nice,0.0,0.0,0.0,0.0,0.0,72.74,89500000,0.0,0.0,0.0,0.0,0.0,73.28,89200000,,,,H
1471,2010/11,,stade-rennais,stade-brestois-29,0.0,0.0,0.0,0.0,0.0,73.39,253175000,0.0,0.0,0.0,0.0,0.0,70.61,86650000,,,,H
1472,2010/11,,toulouse-fc,olympique-de-marseille,0.0,0.0,0.0,0.0,0.0,68.76,60900000,0.0,0.0,0.0,0.0,0.0,73.85,58850000,,,,A
1473,2010/11,,rc-lens,olympique-lyonnais,0.0,0.0,0.0,0.0,0.0,72.84,82750000,0.0,0.0,0.0,0.0,0.0,72.74,89500000,,,,A
1474,2010/11,,losc-lille,as-monaco,0.0,0.0,0.0,0.0,0.0,72.18,86050000,0.0,0.0,0.0,0.0,0.0,73.63,257100000,,,,H
1475,2010/11,,fc-lorient,stade-rennais,0.0,0.0,0.0,0.0,0.0,70.23,70850000,0.0,0.0,0.0,0.0,0.0,73.39,253175000,,,,H
1476,2010/11,,as-monaco,ogc-nice,0.0,0.0,0.0,0.0,0.0,73.63,257100000,0.0,0.0,0.0,0.0,0.0,73.28,89200000,,,,D
1477,2010/11,,aj-auxerre,toulouse-fc,0.0,0.0,0.0,0.0,0.0,0.0,0,0.0,0.0,0.0,0.0,0.0,68.76,60900000,,,,A
1478,2010/11,,olympique-lyonnais,paris-saint-germain,0.0,0.0,0.0,0.0,0.0,72.74,89500000,0.0,0.0,0.0,0.0,0.0,0.0,0,,,,D
1479,2010/11,,stade-brestois-29,rc-lens,0.0,0.0,0.0,0.0,0.0,70.61,86650000,0.0,0.0,0.0,0.0,0.0,72.84,82750000,,,,H
1480,2010/11,,olympique-de-marseille,stade-rennais,0.0,0.0,0.0,0.0,0.0,73.85,58850000,0.0,0.0,0.0,0.0,0.0,73.39,253175000,,,,D
1481,2010/11,,rc-lens,aj-auxerre,0.0,0.0,0.0,0.0,0.0,72.84,82750000,0.0,0.0,0.0,0.0,0.0,0.0,0,,,,D
1482,2010/11,,losc-lille,fc-lorient,0.0,0.0,0.0,0.0,0.0,72.18,86050000,0.0,0.0,0.0,0.0,0.0,70.23,70850000,,,,H
1483,2010/11,,stade-rennais,as-monaco,0.0,0.0,0.0,0.0,0.0,73.39,253175000,0.0,0.0,0.0,0.0,0.0,73.63,257100000,,,,H
1484,2010/11,,ogc-nice,olympique-de-marseille,0.0,0.0,0.0,0.0,0.0,73.28,89200000,0.0,0.0,0.0,0.0,0.0,73.85,58850000,,,,H
1485,2010/11,,paris-saint-germain,stade-brestois-29,0.0,0.0,0.0,0.0,0.0,0.0,0,0.0,0.0,0.0,0.0,0.0,70.61,86650000,,,,H
1486,2010/11,,aj-auxerre,olympique-de-marseille,0.0,0.0,0.0,0.0,0.0,0.0,0,0.0,0.0,0.0,0.0,0.0,73.85,58850000,,,,D
1487,2010/11,,fc-lorient,rc-lens,0.0,0.0,0.0,0.0,0.0,70.23,70850000,0.0,0.0,0.0,0.0,0.0,72.84,82750000,,,,H
1488,2010/11,,olympique-lyonnais,toulouse-fc,0.0,0.0,0.0,0.0,0.0,72.74,89500000,0.0,0.0,0.0,0.0,0.0,68.76,60900000,,,,H
1489,2010/11,,ogc-nice,stade-brestois-29,0.0,0.0,0.0,0.0,0.0,73.28,89200000,0.0,0.0,0.0,0.0,0.0,70.61,86650000,,,,D
1490,2010/11,,paris-saint-germain,as-monaco,0.0,0.0,0.0,0.0,0.0,0.0,0,0.0,0.0,0.0,0.0,0.0,73.63,257100000,,,,D
1491,2010/11,,toulouse-fc,fc-lorient,0.0,0.0,0.0,0.0,0.0,68.76,60900000,0.0,0.0,0.0,0.0,0.0,70.23,70850000,,,,H
1492,2010/11,,olympique-de-marseille,olympique-lyonnais,0.0,0.0,0.0,0.0,0.0,73.85,58850000,0.0,0.0,0.0,0.0,0.0,72.74,89500000,,,,D
1493,2010/11,,stade-brestois-29,olympique-de-marseille,0.0,0.0,0.0,0.0,0.0,70.61,86650000,0.0,0.0,0.0,0.0,0.0,73.85,58850000,,,,D
1494,2010/11,,olympique-lyonnais,aj-auxerre,0.0,0.0,0.0,0.0,0.0,72.74,89500000,0.0,0.0,0.0,0.0,0.0,0.0,0,,,,D
1495,2010/11,,aj-auxerre,as-monaco,0.0,0.0,0.0,0.0,0.0,0.0,0,0.0,0.0,0.0,0.0,0.0,73.63,257100000,,,,D
1496,2010/11,,olympique-lyonnais,fc-lorient,0.0,0.0,0.0,0.0,0.0,72.74,89500000,0.0,0.0,0.0,0.0,0.0,70.23,70850000,,,,H
1497,2010/11,,ogc-nice,losc-lille,0.0,0.0,0.0,0.0,0.0,73.28,89200000,0.0,0.0,0.0,0.0,0.0,72.18,86050000,,,,A
1498,2010/11,,losc-lille,rc-lens,0.0,0.0,0.0,0.0,0.0,72.18,86050000,0.0,0.0,0.0,0.0,0.0,72.84,82750000,,,,H
1499,2010/11,,fc-lorient,stade-brestois-29,0.0,0.0,0.0,0.0,0.0,70.23,70850000,0.0,0.0,0.0,0.0,0.0,70.61,86650000,,,,H
1500,2010/11,,as-monaco,olympique-de-marseille,0.0,0.0,0.0,0.0,0.0,73.63,257100000,0.0,0.0,0.0,0.0,0.0,73.85,58850000,,,,D
1501,2010/11,,stade-rennais,paris-saint-germain,0.0,0.0,0.0,0.0,0.0,73.39,253175000,0.0,0.0,0.0,0.0,0.0,0.0,0,,,,H
1502,2010/11,,aj-auxerre,losc-lille,0.0,0.0,0.0,0.0,0.0,0.0,0,0.0,0.0,0.0,0.0,0.0,72.18,86050000,,,,D
1503,2010/11,,toulouse-fc,as-monaco,0.0,0.0,0.0,0.0,0.0,68.76,60900000,0.0,0.0,0.0,0.0,0.0,73.63,257100000,,,,H
1504,2010/11,,as-monaco,fc-lorient,0.0,0.0,0.0,0.0,0.0,73.63,257100000,0.0,0.0,0.0,0.0,0.0,70.23,70850000,,,,H
1505,2010/11,,paris-saint-germain,rc-lens,0.0,0.0,0.0,0.0,0.0,0.0,0,0.0,0.0,0.0,0.0,0.0,72.84,82750000,,,,D
1506,2010/11,,losc-lille,toulouse-fc,0.0,0.0,0.0,0.0,0.0,72.18,86050000,0.0,0.0,0.0,0.0,0.0,68.76,60900000,,,,H
1507,2010/11,,stade-rennais,ogc-nice,0.0,0.0,0.0,0.0,0.0,73.39,253175000,0.0,0.0,0.0,0.0,0.0,73.28,89200000,,,,H
1508,2010/11,,stade-brestois-29,as-monaco,0.0,0.0,0.0,0.0,0.0,70.61,86650000,0.0,0.0,0.0,0.0,0.0,73.63,257100000,,,,H
1509,2010/11,,ogc-nice,paris-saint-germain,0.0,0.0,0.0,0.0,0.0,73.28,89200000,0.0,0.0,0.0,0.0,0.0,0.0,0,,,,A
1510,2010/11,,toulouse-fc,stade-rennais,0.0,0.0,0.0,0.0,0.0,68.76,60900000,0.0,0.0,0.0,0.0,0.0,73.39,253175000,,,,A
1511,2010/11,,stade-rennais,rc-lens,0.0,0.0,0.0,0.0,0.0,73.39,253175000,0.0,0.0,0.0,0.0,0.0,72.84,82750000,,,,H
1512,2010/11,,losc-lille,olympique-lyonnais,0.0,0.0,0.0,0.0,0.0,72.18,86050000,0.0,0.0,0.0,0.0,0.0,72.74,89500000,,,,D
1513,2010/11,,paris-saint-germain,toulouse-fc,0.0,0.0,0.0,0.0,0.0,0.0,0,0.0,0.0,0.0,0.0,0.0,68.76,60900000,,,,H
1514,2010/11,,aj-auxerre,paris-saint-germain,0.0,0.0,0.0,0.0,0.0,0.0,0,0.0,0.0,0.0,0.0,0.0,0.0,0,,,,H
1515,2010/11,,ogc-nice,rc-lens,0.0,0.0,0.0,0.0,0.0,73.28,89200000,0.0,0.0,0.0,0.0,0.0,72.84,82750000,,,,D
1516,2010/11,,olympique-de-marseille,losc-lille,0.0,0.0,0.0,0.0,0.0,73.85,58850000,0.0,0.0,0.0,0.0,0.0,72.18,86050000,,,,A
1517,2010/11,,stade-rennais,olympique-de-marseille,0.0,0.0,0.0,0.0,0.0,73.39,253175000,0.0,0.0,0.0,0.0,0.0,73.85,58850000,,,,A
1518,2010/11,,rc-lens,toulouse-fc,0.0,0.0,0.0,0.0,0.0,72.84,82750000,0.0,0.0,0.0,0.0,0.0,68.76,60900000,,,,A
1519,2010/11,,ogc-nice,aj-auxerre,0.0,0.0,0.0,0.0,0.0,73.28,89200000,0.0,0.0,0.0,0.0,0.0,0.0,0,,,,H
1520,2010/11,,stade-brestois-29,losc-lille,0.0,0.0,0.0,0.0,0.0,70.61,86650000,0.0,0.0,0.0,0.0,0.0,72.18,86050000,,,,A
1521,2010/11,,olympique-lyonnais,stade-rennais,0.0,0.0,0.0,0.0,0.0,72.74,89500000,0.0,0.0,0.0,0.0,0.0,73.39,253175000,,,,D
1522,2010/11,,toulouse-fc,ogc-nice,0.0,0.0,0.0,0.0,0.0,68.76,60900000,0.0,0.0,0.0,0.0,0.0,73.28,89200000,,,,D
1523,2010/11,,olympique-de-marseille,paris-saint-germain,0.0,0.0,0.0,0.0,0.0,73.85,58850000,0.0,0.0,0.0,0.0,0.0,0.0,0,,,,H
1524,2010/11,,paris-saint-germain,fc-lorient,0.0,0.0,0.0,0.0,0.0,0.0,0,0.0,0.0,0.0,0.0,0.0,70.23,70850000,,,,D
1525,2010/11,,stade-rennais,aj-auxerre,0.0,0.0,0.0,0.0,0.0,73.39,253175000,0.0,0.0,0.0,0.0,0.0,0.0,0,,,,D
1526,2010/11,,rc-lens,olympique-de-marseille,0.0,0.0,0.0,0.0,0.0,72.84,82750000,0.0,0.0,0.0,0.0,0.0,73.85,58850000,,,,A
1527,2010/11,,ogc-nice,olympique-lyonnais,0.0,0.0,0.0,0.0,0.0,73.28,89200000,0.0,0.0,0.0,0.0,0.0,72.74,89500000,,,,D
1528,2010/11,,stade-brestois-29,stade-rennais,0.0,0.0,0.0,0.0,0.0,70.61,86650000,0.0,0.0,0.0,0.0,0.0,73.39,253175000,,,,H
1529,2010/11,,as-monaco,losc-lille,0.0,0.0,0.0,0.0,0.0,73.63,257100000,0.0,0.0,0.0,0.0,0.0,72.18,86050000,,,,H
1530,2010/11,,olympique-lyonnais,rc-lens,0.0,0.0,0.0,0.0,0.0,72.74,89500000,0.0,0.0,0.0,0.0,0.0,72.84,82750000,,,,H
1531,2010/11,,olympique-de-marseille,toulouse-fc,0.0,0.0,0.0,0.0,0.0,73.85,58850000,0.0,0.0,0.0,0.0,0.0,68.76,60900000,,,,D
1532,2010/11,,rc-lens,stade-brestois-29,0.0,0.0,0.0,0.0,0.0,72.84,82750000,0.0,0.0,0.0,0.0,0.0,70.61,86650000,,,,D
1533,2010/11,,ogc-nice,as-monaco,0.0,0.0,0.0,0.0,0.0,73.28,89200000,0.0,0.0,0.0,0.0,0.0,73.63,257100000,,,,H
1534,2010/11,,stade-rennais,fc-lorient,0.0,0.0,0.0,0.0,0.0,73.39,253175000,0.0,0.0,0.0,0.0,0.0,70.23,70850000,,,,A
1535,2010/11,,toulouse-fc,aj-auxerre,0.0,0.0,0.0,0.0,0.0,68.76,60900000,0.0,0.0,0.0,0.0,0.0,0.0,0,,,,A
1536,2010/11,,paris-saint-germain,olympique-lyonnais,0.0,0.0,0.0,0.0,0.0,0.0,0,0.0,0.0,0.0,0.0,0.0,72.74,89500000,,,,H
1537,2010/11,,aj-auxerre,rc-lens,0.0,0.0,0.0,0.0,0.0,0.0,0,0.0,0.0,0.0,0.0,0.0,72.84,82750000,,,,D
1538,2010/11,,stade-brestois-29,paris-saint-germain,0.0,0.0,0.0,0.0,0.0,70.61,86650000,0.0,0.0,0.0,0.0,0.0,0.0,0,,,,D
1539,2010/11,,fc-lorient,losc-lille,0.0,0.0,0.0,0.0,0.0,70.23,70850000,0.0,0.0,0.0,0.0,0.0,72.18,86050000,,,,D
1540,2010/11,,as-monaco,stade-rennais,0.0,0.0,0.0,0.0,0.0,73.63,257100000,0.0,0.0,0.0,0.0,0.0,73.39,253175000,,,,H
1541,2010/11,,olympique-de-marseille,ogc-nice,0.0,0.0,0.0,0.0,0.0,73.85,58850000,0.0,0.0,0.0,0.0,0.0,73.28,89200000,,,,H
1542,2010/11,,rc-lens,fc-lorient,0.0,0.0,0.0,0.0,0.0,72.84,82750000,0.0,0.0,0.0,0.0,0.0,70.23,70850000,,,,A
1543,2010/11,,olympique-de-marseille,aj-auxerre,0.0,0.0,0.0,0.0,0.0,73.85,58850000,0.0,0.0,0.0,0.0,0.0,0.0,0,,,,D
1544,2010/11,,toulouse-fc,olympique-lyonnais,0.0,0.0,0.0,0.0,0.0,68.76,60900000,0.0,0.0,0.0,0.0,0.0,72.74,89500000,,,,H
1545,2010/11,,stade-brestois-29,ogc-nice,0.0,0.0,0.0,0.0,0.0,70.61,86650000,0.0,0.0,0.0,0.0,0.0,73.28,89200000,,,,D
1546,2010/11,,fc-lorient,toulouse-fc,0.0,0.0,0.0,0.0,0.0,70.23,70850000,0.0,0.0,0.0,0.0,0.0,68.76,60900000,,,,D
1547,2010/11,,as-monaco,paris-saint-germain,0.0,0.0,0.0,0.0,0.0,73.63,257100000,0.0,0.0,0.0,0.0,0.0,0.0,0,,,,D
1548,2010/11,,olympique-lyonnais,olympique-de-marseille,0.0,0.0,0.0,0.0,0.0,72.74,89500000,0.0,0.0,0.0,0.0,0.0,73.85,58850000,,,,H
1549,2010/11,,aj-auxerre,olympique-lyonnais,0.0,0.0,0.0,0.0,0.0,0.0,0,0.0,0.0,0.0,0.0,0.0,72.74,89500000,,,,H
1550,2010/11,,olympique-de-marseille,stade-brestois-29,0.0,0.0,0.0,0.0,0.0,73.85,58850000,0.0,0.0,0.0,0.0,0.0,70.61,86650000,,,,H
1551,2010/11,,fc-lorient,olympique-de-marseille,0.0,0.0,0.0,0.0,0.0,70.23,70850000,0.0,0.0,0.0,0.0,0.0,73.85,58850000,,,,D
1552,2010/11,,as-monaco,rc-lens,0.0,0.0,0.0,0.0,0.0,73.63,257100000,0.0,0.0,0.0,0.0,0.0,72.84,82750000,,,,D
1553,2010/11,,stade-brestois-29,olympique-lyonnais,0.0,0.0,0.0,0.0,0.0,70.61,86650000,0.0,0.0,0.0,0.0,0.0,72.74,89500000,,,,D
1554,2010/11,,aj-auxerre,stade-brestois-29,0.0,0.0,0.0,0.0,0.0,0.0,0,0.0,0.0,0.0,0.0,0.0,70.61,86650000,,,,A
1555,2010/11,,ogc-nice,fc-lorient,0.0,0.0,0.0,0.0,0.0,73.28,89200000,0.0,0.0,0.0,0.0,0.0,70.23,70850000,,,,H
1556,2010/11,,paris-saint-germain,losc-lille,0.0,0.0,0.0,0.0,0.0,0.0,0,0.0,0.0,0.0,0.0,0.0,72.18,86050000,,,,D
1557,2010/11,,stade-brestois-29,toulouse-fc,0.0,0.0,0.0,0.0,0.0,70.61,86650000,0.0,0.0,0.0,0.0,0.0,68.76,60900000,,,,A
1558,2010/11,,losc-lille,stade-rennais,0.0,0.0,0.0,0.0,0.0,72.18,86050000,0.0,0.0,0.0,0.0,0.0,73.39,253175000,,,,H
1559,2010/11,,fc-lorient,aj-auxerre,0.0,0.0,0.0,0.0,0.0,70.23,70850000,0.0,0.0,0.0,0.0,0.0,0.0,0,,,,A
1560,2010/11,,as-monaco,olympique-lyonnais,0.0,0.0,0.0,0.0,0.0,73.63,257100000,0.0,0.0,0.0,0.0,0.0,72.74,89500000,,,,A
1561,2011/12,,ogc-nice,olympique-lyonnais,0.0,0.0,0.0,0.0,0.0,73.28,89200000,0.0,0.0,0.0,0.0,0.0,72.74,89500000,,,,A
1562,2011/12,,paris-saint-germain,fc-lorient,0.0,0.0,0.0,0.0,0.0,0.0,0,0.0,0.0,0.0,0.0,0.0,70.23,70850000,,,,A
1563,2011/12,,stade-rennais,paris-saint-germain,0.0,0.0,0.0,0.0,0.0,73.39,253175000,0.0,0.0,0.0,0.0,0.0,0.0,0,,,,D
1564,2011/12,,aj-auxerre,olympique-de-marseille,0.0,0.0,0.0,0.0,0.0,0.0,0,0.0,0.0,0.0,0.0,0.0,73.85,58850000,,,,D
1565,2011/12,,stade-brestois-29,olympique-lyonnais,0.0,0.0,0.0,0.0,0.0,70.61,86650000,0.0,0.0,0.0,0.0,0.0,72.74,89500000,,,,D
1566,2011/12,,ogc-nice,toulouse-fc,0.0,0.0,0.0,0.0,0.0,73.28,89200000,0.0,0.0,0.0,0.0,0.0,68.76,60900000,,,,D
1567,2011/12,,ogc-nice,stade-brestois-29,0.0,0.0,0.0,0.0,0.0,73.28,89200000,0.0,0.0,0.0,0.0,0.0,70.61,86650000,,,,D
1568,2011/12,,losc-lille,olympique-de-marseille,0.0,0.0,0.0,0.0,0.0,72.18,86050000,0.0,0.0,0.0,0.0,0.0,73.85,58850000,,,,H
1569,2011/12,,toulouse-fc,paris-saint-germain,0.0,0.0,0.0,0.0,0.0,68.76,60900000,0.0,0.0,0.0,0.0,0.0,0.0,0,,,,A
1570,2011/12,,olympique-de-marseille,stade-rennais,0.0,0.0,0.0,0.0,0.0,73.85,58850000,0.0,0.0,0.0,0.0,0.0,73.39,253175000,,,,A
1571,2011/12,,paris-saint-germain,stade-brestois-29,0.0,0.0,0.0,0.0,0.0,0.0,0,0.0,0.0,0.0,0.0,0.0,70.61,86650000,,,,H
1572,2011/12,,olympique-lyonnais,olympique-de-marseille,0.0,0.0,0.0,0.0,0.0,72.74,89500000,0.0,0.0,0.0,0.0,0.0,73.85,58850000,,,,H
1573,2011/12,,fc-lorient,aj-auxerre,0.0,0.0,0.0,0.0,0.0,70.23,70850000,0.0,0.0,0.0,0.0,0.0,0.0,0,,,,D
1574,2011/12,,paris-saint-germain,ogc-nice,0.0,0.0,0.0,0.0,0.0,0.0,0,0.0,0.0,0.0,0.0,0.0,73.28,89200000,,,,H
1575,2011/12,,losc-lille,fc-lorient,0.0,0.0,0.0,0.0,0.0,72.18,86050000,0.0,0.0,0.0,0.0,0.0,70.23,70850000,,,,D
1576,2011/12,,losc-lille,stade-rennais,0.0,0.0,0.0,0.0,0.0,72.18,86050000,0.0,0.0,0.0,0.0,0.0,73.39,253175000,,,,H
1577,2011/12,,olympique-de-marseille,stade-brestois-29,0.0,0.0,0.0,0.0,0.0,73.85,58850000,0.0,0.0,0.0,0.0,0.0,70.61,86650000,,,,D
1578,2011/12,,paris-saint-germain,olympique-lyonnais,0.0,0.0,0.0,0.0,0.0,0.0,0,0.0,0.0,0.0,0.0,0.0,72.74,89500000,,,,H
1579,2011/12,,aj-auxerre,losc-lille,0.0,0.0,0.0,0.0,0.0,0.0,0,0.0,0.0,0.0,0.0,0.0,72.18,86050000,,,,A
1580,2011/12,,toulouse-fc,olympique-de-marseille,0.0,0.0,0.0,0.0,0.0,68.76,60900000,0.0,0.0,0.0,0.0,0.0,73.85,58850000,,,,D
1581,2011/12,,stade-rennais,fc-lorient,0.0,0.0,0.0,0.0,0.0,73.39,253175000,0.0,0.0,0.0,0.0,0.0,70.23,70850000,,,,H
1582,2011/12,,fc-lorient,toulouse-fc,0.0,0.0,0.0,0.0,0.0,70.23,70850000,0.0,0.0,0.0,0.0,0.0,68.76,60900000,,,,D
1583,2011/12,,aj-auxerre,stade-rennais,0.0,0.0,0.0,0.0,0.0,0.0,0,0.0,0.0,0.0,0.0,0.0,73.39,253175000,,,,A
1584,2011/12,,losc-lille,olympique-lyonnais,0.0,0.0,0.0,0.0,0.0,72.18,86050000,0.0,0.0,0.0,0.0,0.0,72.74,89500000,,,,H
1585,2011/12,,stade-brestois-29,fc-lorient,0.0,0.0,0.0,0.0,0.0,70.61,86650000,0.0,0.0,0.0,0.0,0.0,70.23,70850000,,,,H
1586,2011/12,,toulouse-fc,stade-rennais,0.0,0.0,0.0,0.0,0.0,68.76,60900000,0.0,0.0,0.0,0.0,0.0,73.39,253175000,,,,H
1587,2011/12,,aj-auxerre,toulouse-fc,0.0,0.0,0.0,0.0,0.0,0.0,0,0.0,0.0,0.0,0.0,0.0,68.76,60900000,,,,H
1588,2011/12,,olympique-de-marseille,ogc-nice,0.0,0.0,0.0,0.0,0.0,73.85,58850000,0.0,0.0,0.0,0.0,0.0,73.28,89200000,,,,H
1589,2011/12,,olympique-lyonnais,stade-rennais,0.0,0.0,0.0,0.0,0.0,72.74,89500000,0.0,0.0,0.0,0.0,0.0,73.39,253175000,,,,A
1590,2011/12,,toulouse-fc,losc-lille,0.0,0.0,0.0,0.0,0.0,68.76,60900000,0.0,0.0,0.0,0.0,0.0,72.18,86050000,,,,D
1591,2011/12,,losc-lille,stade-brestois-29,0.0,0.0,0.0,0.0,0.0,72.18,86050000,0.0,0.0,0.0,0.0,0.0,70.61,86650000,,,,H
1592,2011/12,,aj-auxerre,olympique-lyonnais,0.0,0.0,0.0,0.0,0.0,0.0,0,0.0,0.0,0.0,0.0,0.0,72.74,89500000,,,,A
1593,2011/12,,fc-lorient,ogc-nice,0.0,0.0,0.0,0.0,0.0,70.23,70850000,0.0,0.0,0.0,0.0,0.0,73.28,89200000,,,,H
1594,2011/12,,olympique-de-marseille,paris-saint-germain,0.0,0.0,0.0,0.0,0.0,73.85,58850000,0.0,0.0,0.0,0.0,0.0,0.0,0,,,,H
1595,2011/12,,ogc-nice,stade-rennais,0.0,0.0,0.0,0.0,0.0,73.28,89200000,0.0,0.0,0.0,0.0,0.0,73.39,253175000,,,,H
1596,2011/12,,olympique-lyonnais,toulouse-fc,0.0,0.0,0.0,0.0,0.0,72.74,89500000,0.0,0.0,0.0,0.0,0.0,68.76,60900000,,,,H
1597,2011/12,,paris-saint-germain,aj-auxerre,0.0,0.0,0.0,0.0,0.0,0.0,0,0.0,0.0,0.0,0.0,0.0,0.0,0,,,,H
1598,2011/12,,stade-rennais,stade-brestois-29,0.0,0.0,0.0,0.0,0.0,73.39,253175000,0.0,0.0,0.0,0.0,0.0,70.61,86650000,,,,D
1599,2011/12,,aj-auxerre,ogc-nice,0.0,0.0,0.0,0.0,0.0,0.0,0,0.0,0.0,0.0,0.0,0.0,73.28,89200000,,,,H
1600,2011/12,,fc-lorient,olympique-lyonnais,0.0,0.0,0.0,0.0,0.0,70.23,70850000,0.0,0.0,0.0,0.0,0.0,72.74,89500000,,,,A
1601,2011/12,,stade-brestois-29,aj-auxerre,0.0,0.0,0.0,0.0,0.0,70.61,86650000,0.0,0.0,0.0,0.0,0.0,0.0,0,,,,H
1602,2011/12,,olympique-de-marseille,fc-lorient,0.0,0.0,0.0,0.0,0.0,73.85,58850000,0.0,0.0,0.0,0.0,0.0,70.23,70850000,,,,H
1603,2011/12,,paris-saint-germain,losc-lille,0.0,0.0,0.0,0.0,0.0,0.0,0,0.0,0.0,0.0,0.0,0.0,72.18,86050000,,,,D
1604,2011/12,,losc-lille,ogc-nice,0.0,0.0,0.0,0.0,0.0,72.18,86050000,0.0,0.0,0.0,0.0,0.0,73.28,89200000,,,,D
1605,2011/12,,toulouse-fc,stade-brestois-29,0.0,0.0,0.0,0.0,0.0,68.76,60900000,0.0,0.0,0.0,0.0,0.0,70.61,86650000,,,,D
1606,2011/12,,stade-brestois-29,ogc-nice,0.0,0.0,0.0,0.0,0.0,70.61,86650000,0.0,0.0,0.0,0.0,0.0,73.28,89200000,,,,H
1607,2011/12,,paris-saint-germain,toulouse-fc,0.0,0.0,0.0,0.0,0.0,0.0,0,0.0,0.0,0.0,0.0,0.0,68.76,60900000,,,,H
1608,2011/12,,olympique-de-marseille,losc-lille,0.0,0.0,0.0,0.0,0.0,73.85,58850000,0.0,0.0,0.0,0.0,0.0,72.18,86050000,,,,H
1609,2011/12,,stade-brestois-29,paris-saint-germain,0.0,0.0,0.0,0.0,0.0,70.61,86650000,0.0,0.0,0.0,0.0,0.0,0.0,0,,,,A
1610,2011/12,,stade-rennais,olympique-de-marseille,0.0,0.0,0.0,0.0,0.0,73.39,253175000,0.0,0.0,0.0,0.0,0.0,73.85,58850000,,,,A
1611,2011/12,,olympique-de-marseille,olympique-lyonnais,0.0,0.0,0.0,0.0,0.0,73.85,58850000,0.0,0.0,0.0,0.0,0.0,72.74,89500000,,,,D
1612,2011/12,,aj-auxerre,fc-lorient,0.0,0.0,0.0,0.0,0.0,0.0,0,0.0,0.0,0.0,0.0,0.0,70.23,70850000,,,,D
1613,2011/12,,ogc-nice,paris-saint-germain,0.0,0.0,0.0,0.0,0.0,73.28,89200000,0.0,0.0,0.0,0.0,0.0,0.0,0,,,,D
1614,2011/12,,fc-lorient,losc-lille,0.0,0.0,0.0,0.0,0.0,70.23,70850000,0.0,0.0,0.0,0.0,0.0,72.18,86050000,,,,A
1615,2011/12,,olympique-lyonnais,paris-saint-germain,0.0,0.0,0.0,0.0,0.0,72.74,89500000,0.0,0.0,0.0,0.0,0.0,0.0,0,,,,D
1616,2011/12,,stade-brestois-29,olympique-de-marseille,0.0,0.0,0.0,0.0,0.0,70.61,86650000,0.0,0.0,0.0,0.0,0.0,73.85,58850000,,,,H
1617,2011/12,,stade-rennais,losc-lille,0.0,0.0,0.0,0.0,0.0,73.39,253175000,0.0,0.0,0.0,0.0,0.0,72.18,86050000,,,,D
1618,2011/12,,losc-lille,aj-auxerre,0.0,0.0,0.0,0.0,0.0,72.18,86050000,0.0,0.0,0.0,0.0,0.0,0.0,0,,,,D
1619,2011/12,,olympique-de-marseille,toulouse-fc,0.0,0.0,0.0,0.0,0.0,73.85,58850000,0.0,0.0,0.0,0.0,0.0,68.76,60900000,,,,A
1620,2011/12,,fc-lorient,stade-rennais,0.0,0.0,0.0,0.0,0.0,70.23,70850000,0.0,0.0,0.0,0.0,0.0,73.39,253175000,,,,A
1621,2011/12,,olympique-lyonnais,losc-lille,0.0,0.0,0.0,0.0,0.0,72.74,89500000,0.0,0.0,0.0,0.0,0.0,72.18,86050000,,,,H
1622,2011/12,,toulouse-fc,fc-lorient,0.0,0.0,0.0,0.0,0.0,68.76,60900000,0.0,0.0,0.0,0.0,0.0,70.23,70850000,,,,D
1623,2011/12,,stade-rennais,aj-auxerre,0.0,0.0,0.0,0.0,0.0,73.39,253175000,0.0,0.0,0.0,0.0,0.0,0.0,0,,,,D
1624,2011/12,,fc-lorient,stade-brestois-29,0.0,0.0,0.0,0.0,0.0,70.23,70850000,0.0,0.0,0.0,0.0,0.0,70.61,86650000,,,,H
1625,2011/12,,stade-rennais,toulouse-fc,0.0,0.0,0.0,0.0,0.0,73.39,253175000,0.0,0.0,0.0,0.0,0.0,68.76,60900000,,,,A
1626,2011/12,,ogc-nice,olympique-de-marseille,0.0,0.0,0.0,0.0,0.0,73.28,89200000,0.0,0.0,0.0,0.0,0.0,73.85,58850000,,,,D
1627,2011/12,,toulouse-fc,aj-auxerre,0.0,0.0,0.0,0.0,0.0,68.76,60900000,0.0,0.0,0.0,0.0,0.0,0.0,0,,,,H
1628,2011/12,,losc-lille,toulouse-fc,0.0,0.0,0.0,0.0,0.0,72.18,86050000,0.0,0.0,0.0,0.0,0.0,68.76,60900000,,,,H
1629,2011/12,,stade-rennais,olympique-lyonnais,0.0,0.0,0.0,0.0,0.0,73.39,253175000,0.0,0.0,0.0,0.0,0.0,72.74,89500000,,,,D
1630,2011/12,,stade-brestois-29,losc-lille,0.0,0.0,0.0,0.0,0.0,70.61,86650000,0.0,0.0,0.0,0.0,0.0,72.18,86050000,,,,H
1631,2011/12,,olympique-lyonnais,aj-auxerre,0.0,0.0,0.0,0.0,0.0,72.74,89500000,0.0,0.0,0.0,0.0,0.0,0.0,0,,,,H
1632,2011/12,,ogc-nice,fc-lorient,0.0,0.0,0.0,0.0,0.0,73.28,89200000,0.0,0.0,0.0,0.0,0.0,70.23,70850000,,,,H
1633,2011/12,,paris-saint-germain,olympique-de-marseille,0.0,0.0,0.0,0.0,0.0,0.0,0,0.0,0.0,0.0,0.0,0.0,73.85,58850000,,,,H
1634,2011/12,,aj-auxerre,paris-saint-germain,0.0,0.0,0.0,0.0,0.0,0.0,0,0.0,0.0,0.0,0.0,0.0,0.0,0,,,,D
1635,2011/12,,stade-rennais,ogc-nice,0.0,0.0,0.0,0.0,0.0,73.39,253175000,0.0,0.0,0.0,0.0,0.0,73.28,89200000,,,,H
1636,2011/12,,toulouse-fc,olympique-lyonnais,0.0,0.0,0.0,0.0,0.0,68.76,60900000,0.0,0.0,0.0,0.0,0.0,72.74,89500000,,,,H
1637,2011/12,,stade-brestois-29,stade-rennais,0.0,0.0,0.0,0.0,0.0,70.61,86650000,0.0,0.0,0.0,0.0,0.0,73.39,253175000,,,,A
1638,2011/12,,ogc-nice,aj-auxerre,0.0,0.0,0.0,0.0,0.0,73.28,89200000,0.0,0.0,0.0,0.0,0.0,0.0,0,,,,H
1639,2011/12,,olympique-lyonnais,fc-lorient,0.0,0.0,0.0,0.0,0.0,72.74,89500000,0.0,0.0,0.0,0.0,0.0,70.23,70850000,,,,H
1640,2011/12,,fc-lorient,olympique-de-marseille,0.0,0.0,0.0,0.0,0.0,70.23,70850000,0.0,0.0,0.0,0.0,0.0,73.85,58850000,,,,H
1641,2011/12,,aj-auxerre,stade-brestois-29,0.0,0.0,0.0,0.0,0.0,0.0,0,0.0,0.0,0.0,0.0,0.0,70.61,86650000,,,,H
1642,2011/12,,losc-lille,paris-saint-germain,0.0,0.0,0.0,0.0,0.0,72.18,86050000,0.0,0.0,0.0,0.0,0.0,0.0,0,,,,H
1643,2011/12,,stade-brestois-29,toulouse-fc,0.0,0.0,0.0,0.0,0.0,70.61,86650000,0.0,0.0,0.0,0.0,0.0,68.76,60900000,,,,D
1644,2011/12,,ogc-nice,losc-lille,0.0,0.0,0.0,0.0,0.0,73.28,89200000,0.0,0.0,0.0,0.0,0.0,72.18,86050000,,,,A
1645,2011/12,,olympique-lyonnais,stade-brestois-29,0.0,0.0,0.0,0.0,0.0,72.74,89500000,0.0,0.0,0.0,0.0,0.0,70.61,86650000,,,,D
1646,2011/12,,toulouse-fc,ogc-nice,0.0,0.0,0.0,0.0,0.0,68.76,60900000,0.0,0.0,0.0,0.0,0.0,73.28,89200000,,,,D
1647,2011/12,,olympique-de-marseille,aj-auxerre,0.0,0.0,0.0,0.0,0.0,73.85,58850000,0.0,0.0,0.0,0.0,0.0,0.0,0,,,,H
1648,2011/12,,paris-saint-germain,stade-rennais,0.0,0.0,0.0,0.0,0.0,0.0,0,0.0,0.0,0.0,0.0,0.0,73.39,253175000,,,,H
1649,2011/12,,fc-lorient,paris-saint-germain,0.0,0.0,0.0,0.0,0.0,70.23,70850000,0.0,0.0,0.0,0.0,0.0,0.0,0,,,,A
1650,2011/12,,olympique-lyonnais,ogc-nice,0.0,0.0,0.0,0.0,0.0,72.74,89500000,0.0,0.0,0.0,0.0,0.0,73.28,89200000,,,,A
1651,2012/13,,paris-saint-germain,fc-lorient,0.0,0.0,0.0,0.0,0.0,0.0,0,0.0,0.0,0.0,0.0,0.0,70.23,70850000,,,,D
1652,2012/13,,stade-rennais,olympique-lyonnais,0.0,0.0,0.0,0.0,0.0,73.39,253175000,0.0,0.0,0.0,0.0,0.0,72.74,89500000,,,,A
1653,2012/13,,stade-de-reims,olympique-de-marseille,0.0,0.0,0.0,0.0,0.0,69.92,48600000,0.0,0.0,0.0,0.0,0.0,73.85,58850000,,,,A
1654,2012/13,,ogc-nice,losc-lille,0.0,0.0,0.0,0.0,0.0,73.28,89200000,0.0,0.0,0.0,0.0,0.0,72.18,86050000,,,,D
1655,2012/13,,toulouse-fc,stade-de-reims,0.0,0.0,0.0,0.0,0.0,68.76,60900000,0.0,0.0,0.0,0.0,0.0,69.92,48600000,,,,D
1656,2012/13,,losc-lille,paris-saint-germain,0.0,0.0,0.0,0.0,0.0,72.18,86050000,0.0,0.0,0.0,0.0,0.0,0.0,0,,,,A
1657,2012/13,,olympique-de-marseille,stade-rennais,0.0,0.0,0.0,0.0,0.0,73.85,58850000,0.0,0.0,0.0,0.0,0.0,73.39,253175000,,,,H
1658,2012/13,,paris-saint-germain,toulouse-fc,0.0,0.0,0.0,0.0,0.0,0.0,0,0.0,0.0,0.0,0.0,0.0,68.76,60900000,,,,H
1659,2012/13,,ogc-nice,stade-brestois-29,0.0,0.0,0.0,0.0,0.0,73.28,89200000,0.0,0.0,0.0,0.0,0.0,70.61,86650000,,,,H
1660,2012/13,,stade-rennais,fc-lorient,0.0,0.0,0.0,0.0,0.0,73.39,253175000,0.0,0.0,0.0,0.0,0.0,70.23,70850000,,,,A
1661,2012/13,,fc-lorient,ogc-nice,0.0,0.0,0.0,0.0,0.0,70.23,70850000,0.0,0.0,0.0,0.0,0.0,73.28,89200000,,,,D
1662,2012/13,,toulouse-fc,stade-rennais,0.0,0.0,0.0,0.0,0.0,68.76,60900000,0.0,0.0,0.0,0.0,0.0,73.39,253175000,,,,D
1663,2012/13,,losc-lille,olympique-lyonnais,0.0,0.0,0.0,0.0,0.0,72.18,86050000,0.0,0.0,0.0,0.0,0.0,72.74,89500000,,,,D
1664,2012/13,,stade-rennais,losc-lille,0.0,0.0,0.0,0.0,0.0,73.39,253175000,0.0,0.0,0.0,0.0,0.0,72.18,86050000,,,,H
1665,2012/13,,stade-de-reims,ogc-nice,0.0,0.0,0.0,0.0,0.0,69.92,48600000,0.0,0.0,0.0,0.0,0.0,73.28,89200000,,,,H
1666,2012/13,,fc-lorient,olympique-lyonnais,0.0,0.0,0.0,0.0,0.0,70.23,70850000,0.0,0.0,0.0,0.0,0.0,72.74,89500000,,,,D
1667,2012/13,,olympique-de-marseille,paris-saint-germain,0.0,0.0,0.0,0.0,0.0,73.85,58850000,0.0,0.0,0.0,0.0,0.0,0.0,0,,,,D
1668,2012/13,,paris-saint-germain,stade-de-reims,0.0,0.0,0.0,0.0,0.0,0.0,0,0.0,0.0,0.0,0.0,0.0,69.92,48600000,,,,H
1669,2012/13,,olympique-lyonnais,stade-brestois-29,0.0,0.0,0.0,0.0,0.0,72.74,89500000,0.0,0.0,0.0,0.0,0.0,70.61,86650000,,,,H
1670,2012/13,,toulouse-fc,stade-brestois-29,0.0,0.0,0.0,0.0,0.0,68.76,60900000,0.0,0.0,0.0,0.0,0.0,70.61,86650000,,,,H
1671,2012/13,,stade-brestois-29,fc-lorient,0.0,0.0,0.0,0.0,0.0,70.61,86650000,0.0,0.0,0.0,0.0,0.0,70.23,70850000,,,,H
1672,2012/13,,stade-rennais,stade-de-reims,0.0,0.0,0.0,0.0,0.0,73.39,253175000,0.0,0.0,0.0,0.0,0.0,69.92,48600000,,,,H
1673,2012/13,,losc-lille,stade-brestois-29,0.0,0.0,0.0,0.0,0.0,72.18,86050000,0.0,0.0,0.0,0.0,0.0,70.61,86650000,,,,H
1674,2012/13,,olympique-de-marseille,ogc-nice,0.0,0.0,0.0,0.0,0.0,73.85,58850000,0.0,0.0,0.0,0.0,0.0,73.28,89200000,,,,D
1675,2012/13,,fc-lorient,losc-lille,0.0,0.0,0.0,0.0,0.0,70.23,70850000,0.0,0.0,0.0,0.0,0.0,72.18,86050000,,,,H
1676,2012/13,,paris-saint-germain,stade-rennais,0.0,0.0,0.0,0.0,0.0,0.0,0,0.0,0.0,0.0,0.0,0.0,73.39,253175000,,,,A
1677,2012/13,,olympique-lyonnais,stade-de-reims,0.0,0.0,0.0,0.0,0.0,72.74,89500000,0.0,0.0,0.0,0.0,0.0,69.92,48600000,,,,H
1678,2012/13,,ogc-nice,toulouse-fc,0.0,0.0,0.0,0.0,0.0,73.28,89200000,0.0,0.0,0.0,0.0,0.0,68.76,60900000,,,,H
1679,2012/13,,stade-de-reims,stade-brestois-29,0.0,0.0,0.0,0.0,0.0,69.92,48600000,0.0,0.0,0.0,0.0,0.0,70.61,86650000,,,,D
1680,2012/13,,olympique-de-marseille,losc-lille,0.0,0.0,0.0,0.0,0.0,73.85,58850000,0.0,0.0,0.0,0.0,0.0,72.18,86050000,,,,H
1681,2012/13,,toulouse-fc,olympique-lyonnais,0.0,0.0,0.0,0.0,0.0,68.76,60900000,0.0,0.0,0.0,0.0,0.0,72.74,89500000,,,,H
1682,2012/13,,olympique-de-marseille,olympique-lyonnais,0.0,0.0,0.0,0.0,0.0,73.85,58850000,0.0,0.0,0.0,0.0,0.0,72.74,89500000,,,,A
1683,2012/13,,ogc-nice,paris-saint-germain,0.0,0.0,0.0,0.0,0.0,73.28,89200000,0.0,0.0,0.0,0.0,0.0,0.0,0,,,,H
1684,2012/13,,stade-brestois-29,olympique-de-marseille,0.0,0.0,0.0,0.0,0.0,70.61,86650000,0.0,0.0,0.0,0.0,0.0,73.85,58850000,,,,A
1685,2012/13,,fc-lorient,toulouse-fc,0.0,0.0,0.0,0.0,0.0,70.23,70850000,0.0,0.0,0.0,0.0,0.0,68.76,60900000,,,,H
1686,2012/13,,stade-rennais,stade-brestois-29,0.0,0.0,0.0,0.0,0.0,73.39,253175000,0.0,0.0,0.0,0.0,0.0,70.61,86650000,,,,D
1687,2012/13,,olympique-de-marseille,fc-lorient,0.0,0.0,0.0,0.0,0.0,73.85,58850000,0.0,0.0,0.0,0.0,0.0,70.23,70850000,,,,A
1688,2012/13,,losc-lille,toulouse-fc,0.0,0.0,0.0,0.0,0.0,72.18,86050000,0.0,0.0,0.0,0.0,0.0,68.76,60900000,,,,H
1689,2012/13,,ogc-nice,stade-rennais,0.0,0.0,0.0,0.0,0.0,73.28,89200000,0.0,0.0,0.0,0.0,0.0,73.39,253175000,,,,H
1690,2012/13,,stade-de-reims,losc-lille,0.0,0.0,0.0,0.0,0.0,69.92,48600000,0.0,0.0,0.0,0.0,0.0,72.18,86050000,,,,D
1691,2012/13,,toulouse-fc,olympique-de-marseille,0.0,0.0,0.0,0.0,0.0,68.76,60900000,0.0,0.0,0.0,0.0,0.0,73.85,58850000,,,,A
1692,2012/13,,paris-saint-germain,olympique-lyonnais,0.0,0.0,0.0,0.0,0.0,0.0,0,0.0,0.0,0.0,0.0,0.0,72.74,89500000,,,,H
1693,2012/13,,stade-brestois-29,paris-saint-germain,0.0,0.0,0.0,0.0,0.0,70.61,86650000,0.0,0.0,0.0,0.0,0.0,0.0,0,,,,A
1694,2012/13,,fc-lorient,stade-de-reims,0.0,0.0,0.0,0.0,0.0,70.23,70850000,0.0,0.0,0.0,0.0,0.0,69.92,48600000,,,,D
1695,2012/13,,olympique-lyonnais,ogc-nice,0.0,0.0,0.0,0.0,0.0,72.74,89500000,0.0,0.0,0.0,0.0,0.0,73.28,89200000,,,,H
1696,2012/13,,losc-lille,ogc-nice,0.0,0.0,0.0,0.0,0.0,72.18,86050000,0.0,0.0,0.0,0.0,0.0,73.28,89200000,,,,A
1697,2012/13,,stade-de-reims,toulouse-fc,0.0,0.0,0.0,0.0,0.0,69.92,48600000,0.0,0.0,0.0,0.0,0.0,68.76,60900000,,,,D
1698,2012/13,,stade-rennais,olympique-de-marseille,0.0,0.0,0.0,0.0,0.0,73.39,253175000,0.0,0.0,0.0,0.0,0.0,73.85,58850000,,,,D
1699,2012/13,,paris-saint-germain,losc-lille,0.0,0.0,0.0,0.0,0.0,0.0,0,0.0,0.0,0.0,0.0,0.0,72.18,86050000,,,,H
1700,2012/13,,toulouse-fc,paris-saint-germain,0.0,0.0,0.0,0.0,0.0,68.76,60900000,0.0,0.0,0.0,0.0,0.0,0.0,0,,,,A
1701,2012/13,,stade-brestois-29,ogc-nice,0.0,0.0,0.0,0.0,0.0,70.61,86650000,0.0,0.0,0.0,0.0,0.0,73.28,89200000,,,,A
1702,2012/13,,fc-lorient,stade-rennais,0.0,0.0,0.0,0.0,0.0,70.23,70850000,0.0,0.0,0.0,0.0,0.0,73.39,253175000,,,,D
1703,2012/13,,ogc-nice,fc-lorient,0.0,0.0,0.0,0.0,0.0,73.28,89200000,0.0,0.0,0.0,0.0,0.0,70.23,70850000,,,,D
1704,2012/13,,olympique-lyonnais,losc-lille,0.0,0.0,0.0,0.0,0.0,72.74,89500000,0.0,0.0,0.0,0.0,0.0,72.18,86050000,,,,A
1705,2012/13,,stade-rennais,toulouse-fc,0.0,0.0,0.0,0.0,0.0,73.39,253175000,0.0,0.0,0.0,0.0,0.0,68.76,60900000,,,,H
1706,2012/13,,losc-lille,stade-rennais,0.0,0.0,0.0,0.0,0.0,72.18,86050000,0.0,0.0,0.0,0.0,0.0,73.39,253175000,,,,H
1707,2012/13,,ogc-nice,stade-de-reims,0.0,0.0,0.0,0.0,0.0,73.28,89200000,0.0,0.0,0.0,0.0,0.0,69.92,48600000,,,,H
1708,2012/13,,olympique-lyonnais,fc-lorient,0.0,0.0,0.0,0.0,0.0,72.74,89500000,0.0,0.0,0.0,0.0,0.0,70.23,70850000,,,,H
1709,2012/13,,paris-saint-germain,olympique-de-marseille,0.0,0.0,0.0,0.0,0.0,0.0,0,0.0,0.0,0.0,0.0,0.0,73.85,58850000,,,,H
1710,2012/13,,stade-de-reims,paris-saint-germain,0.0,0.0,0.0,0.0,0.0,69.92,48600000,0.0,0.0,0.0,0.0,0.0,0.0,0,,,,H
1711,2012/13,,stade-brestois-29,olympique-lyonnais,0.0,0.0,0.0,0.0,0.0,70.61,86650000,0.0,0.0,0.0,0.0,0.0,72.74,89500000,,,,D
1712,2012/13,,stade-brestois-29,toulouse-fc,0.0,0.0,0.0,0.0,0.0,70.61,86650000,0.0,0.0,0.0,0.0,0.0,68.76,60900000,,,,A
1713,2012/13,,olympique-lyonnais,olympique-de-marseille,0.0,0.0,0.0,0.0,0.0,72.74,89500000,0.0,0.0,0.0,0.0,0.0,73.85,58850000,,,,D
1714,2012/13,,fc-lorient,stade-brestois-29,0.0,0.0,0.0,0.0,0.0,70.23,70850000,0.0,0.0,0.0,0.0,0.0,70.61,86650000,,,,H
1715,2012/13,,stade-de-reims,stade-rennais,0.0,0.0,0.0,0.0,0.0,69.92,48600000,0.0,0.0,0.0,0.0,0.0,73.39,253175000,,,,H
1716,2012/13,,stade-brestois-29,losc-lille,0.0,0.0,0.0,0.0,0.0,70.61,86650000,0.0,0.0,0.0,0.0,0.0,72.18,86050000,,,,A
1717,2012/13,,ogc-nice,olympique-de-marseille,0.0,0.0,0.0,0.0,0.0,73.28,89200000,0.0,0.0,0.0,0.0,0.0,73.85,58850000,,,,A
1718,2012/13,,stade-rennais,paris-saint-germain,0.0,0.0,0.0,0.0,0.0,73.39,253175000,0.0,0.0,0.0,0.0,0.0,0.0,0,,,,A
1719,2012/13,,toulouse-fc,ogc-nice,0.0,0.0,0.0,0.0,0.0,68.76,60900000,0.0,0.0,0.0,0.0,0.0,73.28,89200000,,,,A
1720,2012/13,,losc-lille,fc-lorient,0.0,0.0,0.0,0.0,0.0,72.18,86050000,0.0,0.0,0.0,0.0,0.0,70.23,70850000,,,,H
1721,2012/13,,stade-de-reims,olympique-lyonnais,0.0,0.0,0.0,0.0,0.0,69.92,48600000,0.0,0.0,0.0,0.0,0.0,72.74,89500000,,,,H
1722,2012/13,,stade-brestois-29,stade-de-reims,0.0,0.0,0.0,0.0,0.0,70.61,86650000,0.0,0.0,0.0,0.0,0.0,69.92,48600000,,,,A
1723,2012/13,,losc-lille,olympique-de-marseille,0.0,0.0,0.0,0.0,0.0,72.18,86050000,0.0,0.0,0.0,0.0,0.0,73.85,58850000,,,,D
1724,2012/13,,olympique-lyonnais,toulouse-fc,0.0,0.0,0.0,0.0,0.0,72.74,89500000,0.0,0.0,0.0,0.0,0.0,68.76,60900000,,,,H
1725,2012/13,,olympique-de-marseille,stade-brestois-29,0.0,0.0,0.0,0.0,0.0,73.85,58850000,0.0,0.0,0.0,0.0,0.0,70.61,86650000,,,,H
1726,2012/13,,paris-saint-germain,ogc-nice,0.0,0.0,0.0,0.0,0.0,0.0,0,0.0,0.0,0.0,0.0,0.0,73.28,89200000,,,,H
1727,2012/13,,toulouse-fc,fc-lorient,0.0,0.0,0.0,0.0,0.0,68.76,60900000,0.0,0.0,0.0,0.0,0.0,70.23,70850000,,,,A
1728,2012/13,,stade-brestois-29,stade-rennais,0.0,0.0,0.0,0.0,0.0,70.61,86650000,0.0,0.0,0.0,0.0,0.0,73.39,253175000,,,,A
1729,2012/13,,fc-lorient,olympique-de-marseille,0.0,0.0,0.0,0.0,0.0,70.23,70850000,0.0,0.0,0.0,0.0,0.0,73.85,58850000,,,,A
1730,2012/13,,toulouse-fc,losc-lille,0.0,0.0,0.0,0.0,0.0,68.76,60900000,0.0,0.0,0.0,0.0,0.0,72.18,86050000,,,,H
1731,2012/13,,stade-rennais,ogc-nice,0.0,0.0,0.0,0.0,0.0,73.39,253175000,0.0,0.0,0.0,0.0,0.0,73.28,89200000,,,,A
1732,2012/13,,losc-lille,stade-de-reims,0.0,0.0,0.0,0.0,0.0,72.18,86050000,0.0,0.0,0.0,0.0,0.0,69.92,48600000,,,,H
1733,2012/13,,olympique-de-marseille,toulouse-fc,0.0,0.0,0.0,0.0,0.0,73.85,58850000,0.0,0.0,0.0,0.0,0.0,68.76,60900000,,,,H
1734,2012/13,,olympique-lyonnais,paris-saint-germain,0.0,0.0,0.0,0.0,0.0,72.74,89500000,0.0,0.0,0.0,0.0,0.0,0.0,0,,,,A
1735,2012/13,,paris-saint-germain,stade-brestois-29,0.0,0.0,0.0,0.0,0.0,0.0,0,0.0,0.0,0.0,0.0,0.0,70.61,86650000,,,,H
1736,2012/13,,stade-de-reims,fc-lorient,0.0,0.0,0.0,0.0,0.0,69.92,48600000,0.0,0.0,0.0,0.0,0.0,70.23,70850000,,,,H
1737,2012/13,,ogc-nice,olympique-lyonnais,0.0,0.0,0.0,0.0,0.0,73.28,89200000,0.0,0.0,0.0,0.0,0.0,72.74,89500000,,,,D
1738,2012/13,,fc-lorient,paris-saint-germain,0.0,0.0,0.0,0.0,0.0,70.23,70850000,0.0,0.0,0.0,0.0,0.0,0.0,0,,,,A
1739,2012/13,,olympique-lyonnais,stade-rennais,0.0,0.0,0.0,0.0,0.0,72.74,89500000,0.0,0.0,0.0,0.0,0.0,73.39,253175000,,,,H
1740,2012/13,,olympique-de-marseille,stade-de-reims,0.0,0.0,0.0,0.0,0.0,73.85,58850000,0.0,0.0,0.0,0.0,0.0,69.92,48600000,,,,D
1741,2013/14,,losc-lille,fc-lorient,0.0,0.0,0.0,0.0,0.0,72.18,86050000,0.0,0.0,0.0,0.0,0.0,70.23,70850000,,,,H
1742,2013/14,,olympique-lyonnais,ogc-nice,0.0,0.0,0.0,0.0,0.0,72.74,89500000,0.0,0.0,0.0,0.0,0.0,73.28,89200000,,,,H
1743,2013/14,,stade-rennais,stade-de-reims,0.0,0.0,0.0,0.0,0.0,73.39,253175000,0.0,0.0,0.0,0.0,0.0,69.92,48600000,,,,H
1744,2013/14,,ogc-nice,stade-rennais,0.0,0.0,0.0,0.0,0.0,73.28,89200000,0.0,0.0,0.0,0.0,0.0,73.39,253175000,,,,H
1745,2013/14,,stade-de-reims,losc-lille,0.0,0.0,0.0,0.0,0.0,69.92,48600000,0.0,0.0,0.0,0.0,0.0,72.18,86050000,,,,H
1746,2013/14,,fc-lorient,fc-nantes,0.0,0.0,0.0,0.0,0.0,70.23,70850000,0.0,0.0,0.0,0.0,0.0,69.58,54600000,,,,H
1747,2013/14,,as-monaco,toulouse-fc,0.0,0.0,0.0,0.0,0.0,73.63,257100000,0.0,0.0,0.0,0.0,0.0,68.76,60900000,,,,D
1748,2013/14,,olympique-lyonnais,stade-de-reims,0.0,0.0,0.0,0.0,0.0,72.74,89500000,0.0,0.0,0.0,0.0,0.0,69.92,48600000,,,,A
1749,2013/14,,fc-nantes,paris-saint-germain,0.0,0.0,0.0,0.0,0.0,69.58,54600000,0.0,0.0,0.0,0.0,0.0,0.0,0,,,,A
1750,2013/14,,stade-de-reims,fc-nantes,0.0,0.0,0.0,0.0,0.0,69.92,48600000,0.0,0.0,0.0,0.0,0.0,69.58,54600000,,,,D
1751,2013/14,,stade-rennais,losc-lille,0.0,0.0,0.0,0.0,0.0,73.39,253175000,0.0,0.0,0.0,0.0,0.0,72.18,86050000,,,,D
1752,2013/14,,olympique-de-marseille,as-monaco,0.0,0.0,0.0,0.0,0.0,73.85,58850000,0.0,0.0,0.0,0.0,0.0,73.63,257100000,,,,A
1753,2013/14,,toulouse-fc,olympique-de-marseille,0.0,0.0,0.0,0.0,0.0,68.76,60900000,0.0,0.0,0.0,0.0,0.0,73.85,58850000,,,,D
1754,2013/14,,losc-lille,ogc-nice,0.0,0.0,0.0,0.0,0.0,72.18,86050000,0.0,0.0,0.0,0.0,0.0,73.28,89200000,,,,A
1755,2013/14,,olympique-lyonnais,stade-rennais,0.0,0.0,0.0,0.0,0.0,72.74,89500000,0.0,0.0,0.0,0.0,0.0,73.39,253175000,,,,D
1756,2013/14,,as-monaco,fc-lorient,0.0,0.0,0.0,0.0,0.0,73.63,257100000,0.0,0.0,0.0,0.0,0.0,70.23,70850000,,,,H
1757,2013/14,,olympique-lyonnais,fc-nantes,0.0,0.0,0.0,0.0,0.0,72.74,89500000,0.0,0.0,0.0,0.0,0.0,69.58,54600000,,,,H
1758,2013/14,,paris-saint-germain,as-monaco,0.0,0.0,0.0,0.0,0.0,0.0,0,0.0,0.0,0.0,0.0,0.0,73.63,257100000,,,,D
1759,2013/14,,fc-nantes,ogc-nice,0.0,0.0,0.0,0.0,0.0,69.58,54600000,0.0,0.0,0.0,0.0,0.0,73.28,89200000,,,,H
1760,2013/14,,toulouse-fc,fc-lorient,0.0,0.0,0.0,0.0,0.0,68.76,60900000,0.0,0.0,0.0,0.0,0.0,70.23,70850000,,,,H
1761,2013/14,,fc-lorient,olympique-de-marseille,0.0,0.0,0.0,0.0,0.0,70.23,70850000,0.0,0.0,0.0,0.0,0.0,73.85,58850000,,,,A
1762,2013/14,,olympique-lyonnais,losc-lille,0.0,0.0,0.0,0.0,0.0,72.74,89500000,0.0,0.0,0.0,0.0,0.0,72.18,86050000,,,,D
1763,2013/14,,paris-saint-germain,toulouse-fc,0.0,0.0,0.0,0.0,0.0,0.0,0,0.0,0.0,0.0,0.0,0.0,68.76,60900000,,,,H
1764,2013/14,,stade-de-reims,as-monaco,0.0,0.0,0.0,0.0,0.0,69.92,48600000,0.0,0.0,0.0,0.0,0.0,73.63,257100000,,,,D
1765,2013/14,,stade-rennais,fc-nantes,0.0,0.0,0.0,0.0,0.0,73.39,253175000,0.0,0.0,0.0,0.0,0.0,69.58,54600000,,,,A
1766,2013/14,,toulouse-fc,ogc-nice,0.0,0.0,0.0,0.0,0.0,68.76,60900000,0.0,0.0,0.0,0.0,0.0,73.28,89200000,,,,H
1767,2013/14,,olympique-de-marseille,paris-saint-germain,0.0,0.0,0.0,0.0,0.0,73.85,58850000,0.0,0.0,0.0,0.0,0.0,0.0,0,,,,A
1768,2013/14,,ogc-nice,olympique-de-marseille,0.0,0.0,0.0,0.0,0.0,73.28,89200000,0.0,0.0,0.0,0.0,0.0,73.85,58850000,,,,H
1769,2013/14,,stade-de-reims,toulouse-fc,0.0,0.0,0.0,0.0,0.0,69.92,48600000,0.0,0.0,0.0,0.0,0.0,68.76,60900000,,,,A
1770,2013/14,,fc-nantes,losc-lille,0.0,0.0,0.0,0.0,0.0,69.58,54600000,0.0,0.0,0.0,0.0,0.0,72.18,86050000,,,,A
1771,2013/14,,olympique-de-marseille,stade-de-reims,0.0,0.0,0.0,0.0,0.0,73.85,58850000,0.0,0.0,0.0,0.0,0.0,69.92,48600000,,,,A
1772,2013/14,,toulouse-fc,stade-rennais,0.0,0.0,0.0,0.0,0.0,68.76,60900000,0.0,0.0,0.0,0.0,0.0,73.39,253175000,,,,A
1773,2013/14,,as-monaco,olympique-lyonnais,0.0,0.0,0.0,0.0,0.0,73.63,257100000,0.0,0.0,0.0,0.0,0.0,72.74,89500000,,,,H
1774,2013/14,,paris-saint-germain,fc-lorient,0.0,0.0,0.0,0.0,0.0,0.0,0,0.0,0.0,0.0,0.0,0.0,70.23,70850000,,,,H
1775,2013/14,,stade-rennais,olympique-de-marseille,0.0,0.0,0.0,0.0,0.0,73.39,253175000,0.0,0.0,0.0,0.0,0.0,73.85,58850000,,,,D
1776,2013/14,,losc-lille,as-monaco,0.0,0.0,0.0,0.0,0.0,72.18,86050000,0.0,0.0,0.0,0.0,0.0,73.63,257100000,,,,H
1777,2013/14,,fc-lorient,stade-de-reims,0.0,0.0,0.0,0.0,0.0,70.23,70850000,0.0,0.0,0.0,0.0,0.0,69.92,48600000,,,,D
1778,2013/14,,paris-saint-germain,ogc-nice,0.0,0.0,0.0,0.0,0.0,0.0,0,0.0,0.0,0.0,0.0,0.0,73.28,89200000,,,,H
1779,2013/14,,stade-de-reims,paris-saint-germain,0.0,0.0,0.0,0.0,0.0,69.92,48600000,0.0,0.0,0.0,0.0,0.0,0.0,0,,,,A
1780,2013/14,,losc-lille,toulouse-fc,0.0,0.0,0.0,0.0,0.0,72.18,86050000,0.0,0.0,0.0,0.0,0.0,68.76,60900000,,,,H
1781,2013/14,,fc-nantes,as-monaco,0.0,0.0,0.0,0.0,0.0,69.58,54600000,0.0,0.0,0.0,0.0,0.0,73.63,257100000,,,,A
1782,2013/14,,fc-lorient,ogc-nice,0.0,0.0,0.0,0.0,0.0,70.23,70850000,0.0,0.0,0.0,0.0,0.0,73.28,89200000,,,,H
1783,2013/14,,as-monaco,stade-rennais,0.0,0.0,0.0,0.0,0.0,73.63,257100000,0.0,0.0,0.0,0.0,0.0,73.39,253175000,,,,H
1784,2013/14,,paris-saint-germain,olympique-lyonnais,0.0,0.0,0.0,0.0,0.0,0.0,0,0.0,0.0,0.0,0.0,0.0,72.74,89500000,,,,H
1785,2013/14,,losc-lille,olympique-de-marseille,0.0,0.0,0.0,0.0,0.0,72.18,86050000,0.0,0.0,0.0,0.0,0.0,73.85,58850000,,,,H
1786,2013/14,,ogc-nice,as-monaco,0.0,0.0,0.0,0.0,0.0,73.28,89200000,0.0,0.0,0.0,0.0,0.0,73.63,257100000,,,,A
1787,2013/14,,olympique-lyonnais,toulouse-fc,0.0,0.0,0.0,0.0,0.0,72.74,89500000,0.0,0.0,0.0,0.0,0.0,68.76,60900000,,,,D
1788,2013/14,,olympique-de-marseille,fc-nantes,0.0,0.0,0.0,0.0,0.0,73.85,58850000,0.0,0.0,0.0,0.0,0.0,69.58,54600000,,,,A
1789,2013/14,,fc-lorient,stade-rennais,0.0,0.0,0.0,0.0,0.0,70.23,70850000,0.0,0.0,0.0,0.0,0.0,73.39,253175000,,,,H
1790,2013/14,,stade-de-reims,ogc-nice,0.0,0.0,0.0,0.0,0.0,69.92,48600000,0.0,0.0,0.0,0.0,0.0,73.28,89200000,,,,H
1791,2013/14,,fc-nantes,toulouse-fc,0.0,0.0,0.0,0.0,0.0,69.58,54600000,0.0,0.0,0.0,0.0,0.0,68.76,60900000,,,,A
1792,2013/14,,stade-rennais,paris-saint-germain,0.0,0.0,0.0,0.0,0.0,73.39,253175000,0.0,0.0,0.0,0.0,0.0,0.0,0,,,,A
1793,2013/14,,olympique-lyonnais,olympique-de-marseille,0.0,0.0,0.0,0.0,0.0,72.74,89500000,0.0,0.0,0.0,0.0,0.0,73.85,58850000,,,,D
1794,2013/14,,fc-lorient,olympique-lyonnais,0.0,0.0,0.0,0.0,0.0,70.23,70850000,0.0,0.0,0.0,0.0,0.0,72.74,89500000,,,,D
1795,2013/14,,paris-saint-germain,losc-lille,0.0,0.0,0.0,0.0,0.0,0.0,0,0.0,0.0,0.0,0.0,0.0,72.18,86050000,,,,D
1796,2013/14,,stade-rennais,ogc-nice,0.0,0.0,0.0,0.0,0.0,73.39,253175000,0.0,0.0,0.0,0.0,0.0,73.28,89200000,,,,D
1797,2013/14,,losc-lille,stade-de-reims,0.0,0.0,0.0,0.0,0.0,72.18,86050000,0.0,0.0,0.0,0.0,0.0,69.92,48600000,,,,A
1798,2013/14,,fc-nantes,fc-lorient,0.0,0.0,0.0,0.0,0.0,69.58,54600000,0.0,0.0,0.0,0.0,0.0,70.23,70850000,,,,H
1799,2013/14,,paris-saint-germain,fc-nantes,0.0,0.0,0.0,0.0,0.0,0.0,0,0.0,0.0,0.0,0.0,0.0,69.58,54600000,,,,H
1800,2013/14,,stade-de-reims,olympique-lyonnais,0.0,0.0,0.0,0.0,0.0,69.92,48600000,0.0,0.0,0.0,0.0,0.0,72.74,89500000,,,,A
1801,2013/14,,toulouse-fc,as-monaco,0.0,0.0,0.0,0.0,0.0,68.76,60900000,0.0,0.0,0.0,0.0,0.0,73.63,257100000,,,,A
1802,2013/14,,losc-lille,stade-rennais,0.0,0.0,0.0,0.0,0.0,72.18,86050000,0.0,0.0,0.0,0.0,0.0,73.39,253175000,,,,D
1803,2013/14,,fc-nantes,stade-de-reims,0.0,0.0,0.0,0.0,0.0,69.58,54600000,0.0,0.0,0.0,0.0,0.0,69.92,48600000,,,,D
1804,2013/14,,as-monaco,olympique-de-marseille,0.0,0.0,0.0,0.0,0.0,73.63,257100000,0.0,0.0,0.0,0.0,0.0,73.85,58850000,,,,H
1805,2013/14,,fc-lorient,as-monaco,0.0,0.0,0.0,0.0,0.0,70.23,70850000,0.0,0.0,0.0,0.0,0.0,73.63,257100000,,,,D
1806,2013/14,,olympique-de-marseille,toulouse-fc,0.0,0.0,0.0,0.0,0.0,73.85,58850000,0.0,0.0,0.0,0.0,0.0,68.76,60900000,,,,D
1807,2013/14,,ogc-nice,losc-lille,0.0,0.0,0.0,0.0,0.0,73.28,89200000,0.0,0.0,0.0,0.0,0.0,72.18,86050000,,,,H
1808,2013/14,,stade-rennais,olympique-lyonnais,0.0,0.0,0.0,0.0,0.0,73.39,253175000,0.0,0.0,0.0,0.0,0.0,72.74,89500000,,,,H
1809,2013/14,,as-monaco,paris-saint-germain,0.0,0.0,0.0,0.0,0.0,73.63,257100000,0.0,0.0,0.0,0.0,0.0,0.0,0,,,,D
1810,2013/14,,fc-nantes,olympique-lyonnais,0.0,0.0,0.0,0.0,0.0,69.58,54600000,0.0,0.0,0.0,0.0,0.0,72.74,89500000,,,,A
1811,2013/14,,fc-lorient,toulouse-fc,0.0,0.0,0.0,0.0,0.0,70.23,70850000,0.0,0.0,0.0,0.0,0.0,68.76,60900000,,,,A
1812,2013/14,,ogc-nice,fc-nantes,0.0,0.0,0.0,0.0,0.0,73.28,89200000,0.0,0.0,0.0,0.0,0.0,69.58,54600000,,,,D
1813,2013/14,,as-monaco,stade-de-reims,0.0,0.0,0.0,0.0,0.0,73.63,257100000,0.0,0.0,0.0,0.0,0.0,69.92,48600000,,,,H
1814,2013/14,,olympique-de-marseille,fc-lorient,0.0,0.0,0.0,0.0,0.0,73.85,58850000,0.0,0.0,0.0,0.0,0.0,70.23,70850000,,,,H
1815,2013/14,,losc-lille,olympique-lyonnais,0.0,0.0,0.0,0.0,0.0,72.18,86050000,0.0,0.0,0.0,0.0,0.0,72.74,89500000,,,,D
1816,2013/14,,fc-nantes,stade-rennais,0.0,0.0,0.0,0.0,0.0,69.58,54600000,0.0,0.0,0.0,0.0,0.0,73.39,253175000,,,,A
1817,2013/14,,toulouse-fc,paris-saint-germain,0.0,0.0,0.0,0.0,0.0,68.76,60900000,0.0,0.0,0.0,0.0,0.0,0.0,0,,,,A
1818,2013/14,,ogc-nice,toulouse-fc,0.0,0.0,0.0,0.0,0.0,73.28,89200000,0.0,0.0,0.0,0.0,0.0,68.76,60900000,,,,A
1819,2013/14,,paris-saint-germain,olympique-de-marseille,0.0,0.0,0.0,0.0,0.0,0.0,0,0.0,0.0,0.0,0.0,0.0,73.85,58850000,,,,H
1820,2013/14,,olympique-de-marseille,ogc-nice,0.0,0.0,0.0,0.0,0.0,73.85,58850000,0.0,0.0,0.0,0.0,0.0,73.28,89200000,,,,A
1821,2013/14,,toulouse-fc,stade-de-reims,0.0,0.0,0.0,0.0,0.0,68.76,60900000,0.0,0.0,0.0,0.0,0.0,69.92,48600000,,,,H
1822,2013/14,,stade-de-reims,olympique-de-marseille,0.0,0.0,0.0,0.0,0.0,69.92,48600000,0.0,0.0,0.0,0.0,0.0,73.85,58850000,,,,D
1823,2013/14,,losc-lille,fc-nantes,0.0,0.0,0.0,0.0,0.0,72.18,86050000,0.0,0.0,0.0,0.0,0.0,69.58,54600000,,,,D
1824,2013/14,,stade-rennais,toulouse-fc,0.0,0.0,0.0,0.0,0.0,73.39,253175000,0.0,0.0,0.0,0.0,0.0,68.76,60900000,,,,A
1825,2013/14,,olympique-lyonnais,as-monaco,0.0,0.0,0.0,0.0,0.0,72.74,89500000,0.0,0.0,0.0,0.0,0.0,73.63,257100000,,,,A
1826,2013/14,,fc-lorient,paris-saint-germain,0.0,0.0,0.0,0.0,0.0,70.23,70850000,0.0,0.0,0.0,0.0,0.0,0.0,0,,,,A
1827,2013/14,,olympique-de-marseille,stade-rennais,0.0,0.0,0.0,0.0,0.0,73.85,58850000,0.0,0.0,0.0,0.0,0.0,73.39,253175000,,,,A
1828,2013/14,,as-monaco,losc-lille,0.0,0.0,0.0,0.0,0.0,73.63,257100000,0.0,0.0,0.0,0.0,0.0,72.18,86050000,,,,D
1829,2013/14,,ogc-nice,paris-saint-germain,0.0,0.0,0.0,0.0,0.0,73.28,89200000,0.0,0.0,0.0,0.0,0.0,0.0,0,,,,A
1830,2013/14,,stade-de-reims,fc-lorient,0.0,0.0,0.0,0.0,0.0,69.92,48600000,0.0,0.0,0.0,0.0,0.0,70.23,70850000,,,,D
1831,2013/14,,paris-saint-germain,stade-de-reims,0.0,0.0,0.0,0.0,0.0,0.0,0,0.0,0.0,0.0,0.0,0.0,69.92,48600000,,,,H
1832,2013/14,,toulouse-fc,losc-lille,0.0,0.0,0.0,0.0,0.0,68.76,60900000,0.0,0.0,0.0,0.0,0.0,72.18,86050000,,,,A
1833,2013/14,,as-monaco,fc-nantes,0.0,0.0,0.0,0.0,0.0,73.63,257100000,0.0,0.0,0.0,0.0,0.0,69.58,54600000,,,,H
1834,2013/14,,ogc-nice,fc-lorient,0.0,0.0,0.0,0.0,0.0,73.28,89200000,0.0,0.0,0.0,0.0,0.0,70.23,70850000,,,,A
1835,2013/14,,stade-rennais,as-monaco,0.0,0.0,0.0,0.0,0.0,73.39,253175000,0.0,0.0,0.0,0.0,0.0,73.63,257100000,,,,A
1836,2013/14,,olympique-lyonnais,paris-saint-germain,0.0,0.0,0.0,0.0,0.0,72.74,89500000,0.0,0.0,0.0,0.0,0.0,0.0,0,,,,H
1837,2013/14,,olympique-de-marseille,losc-lille,0.0,0.0,0.0,0.0,0.0,73.85,58850000,0.0,0.0,0.0,0.0,0.0,72.18,86050000,,,,D
1838,2013/14,,as-monaco,ogc-nice,0.0,0.0,0.0,0.0,0.0,73.63,257100000,0.0,0.0,0.0,0.0,0.0,73.28,89200000,,,,H
1839,2013/14,,toulouse-fc,olympique-lyonnais,0.0,0.0,0.0,0.0,0.0,68.76,60900000,0.0,0.0,0.0,0.0,0.0,72.74,89500000,,,,D
1840,2013/14,,fc-nantes,olympique-de-marseille,0.0,0.0,0.0,0.0,0.0,69.58,54600000,0.0,0.0,0.0,0.0,0.0,73.85,58850000,,,,D
1841,2013/14,,ogc-nice,stade-de-reims,0.0,0.0,0.0,0.0,0.0,73.28,89200000,0.0,0.0,0.0,0.0,0.0,69.92,48600000,,,,H
1842,2013/14,,stade-rennais,fc-lorient,0.0,0.0,0.0,0.0,0.0,73.39,253175000,0.0,0.0,0.0,0.0,0.0,70.23,70850000,,,,D
1843,2013/14,,olympique-de-marseille,olympique-lyonnais,0.0,0.0,0.0,0.0,0.0,73.85,58850000,0.0,0.0,0.0,0.0,0.0,72.74,89500000,,,,H
1844,2013/14,,toulouse-fc,fc-nantes,0.0,0.0,0.0,0.0,0.0,68.76,60900000,0.0,0.0,0.0,0.0,0.0,69.58,54600000,,,,D
1845,2013/14,,paris-saint-germain,stade-rennais,0.0,0.0,0.0,0.0,0.0,0.0,0,0.0,0.0,0.0,0.0,0.0,73.39,253175000,,,,A
1846,2013/14,,losc-lille,paris-saint-germain,0.0,0.0,0.0,0.0,0.0,72.18,86050000,0.0,0.0,0.0,0.0,0.0,0.0,0,,,,A
1847,2013/14,,olympique-lyonnais,fc-lorient,0.0,0.0,0.0,0.0,0.0,72.74,89500000,0.0,0.0,0.0,0.0,0.0,70.23,70850000,,,,A
1848,2013/14,,fc-lorient,losc-lille,0.0,0.0,0.0,0.0,0.0,70.23,70850000,0.0,0.0,0.0,0.0,0.0,72.18,86050000,,,,A
1849,2013/14,,ogc-nice,olympique-lyonnais,0.0,0.0,0.0,0.0,0.0,73.28,89200000,0.0,0.0,0.0,0.0,0.0,72.74,89500000,,,,A
1850,2013/14,,stade-de-reims,stade-rennais,0.0,0.0,0.0,0.0,0.0,69.92,48600000,0.0,0.0,0.0,0.0,0.0,73.39,253175000,,,,A
1851,2014/15,,stade-de-reims,paris-saint-germain,0.0,0.0,0.0,0.0,0.0,69.92,48600000,0.0,0.0,0.0,0.0,0.0,0.0,0,,,,D
1852,2014/15,,losc-lille,fc-metz,0.0,0.0,0.0,0.0,0.0,72.18,86050000,0.0,0.0,0.0,0.0,0.0,67.29,41450000,,,,D
1853,2014/15,,fc-nantes,rc-lens,0.0,0.0,0.0,0.0,0.0,69.58,54600000,0.0,0.0,0.0,0.0,0.0,72.84,82750000,,,,H
1854,2014/15,,ogc-nice,toulouse-fc,0.0,0.0,0.0,0.0,0.0,73.28,89200000,0.0,0.0,0.0,0.0,0.0,68.76,60900000,,,,H
1855,2014/15,,olympique-lyonnais,stade-rennais,0.0,0.0,0.0,0.0,0.0,72.74,89500000,0.0,0.0,0.0,0.0,0.0,73.39,253175000,,,,H
1856,2014/15,,as-monaco,fc-lorient,0.0,0.0,0.0,0.0,0.0,73.63,257100000,0.0,0.0,0.0,0.0,0.0,70.23,70850000,,,,A
1857,2014/15,,fc-lorient,ogc-nice,0.0,0.0,0.0,0.0,0.0,70.23,70850000,0.0,0.0,0.0,0.0,0.0,73.28,89200000,,,,D
1858,2014/15,,fc-metz,fc-nantes,0.0,0.0,0.0,0.0,0.0,67.29,41450000,0.0,0.0,0.0,0.0,0.0,69.58,54600000,,,,D
1859,2014/15,,toulouse-fc,olympique-lyonnais,0.0,0.0,0.0,0.0,0.0,68.76,60900000,0.0,0.0,0.0,0.0,0.0,72.74,89500000,,,,H
1860,2014/15,,losc-lille,fc-lorient,0.0,0.0,0.0,0.0,0.0,72.18,86050000,0.0,0.0,0.0,0.0,0.0,70.23,70850000,,,,H
1861,2014/15,,olympique-lyonnais,rc-lens,0.0,0.0,0.0,0.0,0.0,72.74,89500000,0.0,0.0,0.0,0.0,0.0,72.84,82750000,,,,A
1862,2014/15,,fc-nantes,as-monaco,0.0,0.0,0.0,0.0,0.0,69.58,54600000,0.0,0.0,0.0,0.0,0.0,73.63,257100000,,,,A
1863,2014/15,,olympique-de-marseille,ogc-nice,0.0,0.0,0.0,0.0,0.0,73.85,58850000,0.0,0.0,0.0,0.0,0.0,73.28,89200000,,,,H
1864,2014/15,,rc-lens,stade-de-reims,0.0,0.0,0.0,0.0,0.0,72.84,82750000,0.0,0.0,0.0,0.0,0.0,69.92,48600000,,,,H
1865,2014/15,,as-monaco,losc-lille,0.0,0.0,0.0,0.0,0.0,73.63,257100000,0.0,0.0,0.0,0.0,0.0,72.18,86050000,,,,D
1866,2014/15,,fc-metz,olympique-lyonnais,0.0,0.0,0.0,0.0,0.0,67.29,41450000,0.0,0.0,0.0,0.0,0.0,72.74,89500000,,,,H
1867,2014/15,,olympique-lyonnais,as-monaco,0.0,0.0,0.0,0.0,0.0,72.74,89500000,0.0,0.0,0.0,0.0,0.0,73.63,257100000,,,,H
1868,2014/15,,ogc-nice,fc-metz,0.0,0.0,0.0,0.0,0.0,73.28,89200000,0.0,0.0,0.0,0.0,0.0,67.29,41450000,,,,H
1869,2014/15,,stade-de-reims,toulouse-fc,0.0,0.0,0.0,0.0,0.0,69.92,48600000,0.0,0.0,0.0,0.0,0.0,68.76,60900000,,,,H
1870,2014/15,,stade-rennais,paris-saint-germain,0.0,0.0,0.0,0.0,0.0,73.39,253175000,0.0,0.0,0.0,0.0,0.0,0.0,0,,,,D
1871,2014/15,,losc-lille,fc-nantes,0.0,0.0,0.0,0.0,0.0,72.18,86050000,0.0,0.0,0.0,0.0,0.0,69.58,54600000,,,,H
1872,2014/15,,fc-lorient,stade-de-reims,0.0,0.0,0.0,0.0,0.0,70.23,70850000,0.0,0.0,0.0,0.0,0.0,69.92,48600000,,,,A
1873,2014/15,,olympique-de-marseille,stade-rennais,0.0,0.0,0.0,0.0,0.0,73.85,58850000,0.0,0.0,0.0,0.0,0.0,73.39,253175000,,,,H
1874,2014/15,,fc-nantes,ogc-nice,0.0,0.0,0.0,0.0,0.0,69.58,54600000,0.0,0.0,0.0,0.0,0.0,73.28,89200000,,,,H
1875,2014/15,,paris-saint-germain,olympique-lyonnais,0.0,0.0,0.0,0.0,0.0,0.0,0,0.0,0.0,0.0,0.0,0.0,72.74,89500000,,,,D
1876,2014/15,,stade-de-reims,olympique-de-marseille,0.0,0.0,0.0,0.0,0.0,69.92,48600000,0.0,0.0,0.0,0.0,0.0,73.85,58850000,,,,A
1877,2014/15,,stade-rennais,toulouse-fc,0.0,0.0,0.0,0.0,0.0,73.39,253175000,0.0,0.0,0.0,0.0,0.0,68.76,60900000,,,,A
1878,2014/15,,olympique-lyonnais,fc-lorient,0.0,0.0,0.0,0.0,0.0,72.74,89500000,0.0,0.0,0.0,0.0,0.0,70.23,70850000,,,,H
1879,2014/15,,ogc-nice,losc-lille,0.0,0.0,0.0,0.0,0.0,73.28,89200000,0.0,0.0,0.0,0.0,0.0,72.18,86050000,,,,H
1880,2014/15,,fc-metz,stade-de-reims,0.0,0.0,0.0,0.0,0.0,67.29,41450000,0.0,0.0,0.0,0.0,0.0,69.92,48600000,,,,H
1881,2014/15,,as-monaco,ogc-nice,0.0,0.0,0.0,0.0,0.0,73.63,257100000,0.0,0.0,0.0,0.0,0.0,73.28,89200000,,,,A
1882,2014/15,,toulouse-fc,paris-saint-germain,0.0,0.0,0.0,0.0,0.0,68.76,60900000,0.0,0.0,0.0,0.0,0.0,0.0,0,,,,D
1883,2014/15,,fc-nantes,olympique-lyonnais,0.0,0.0,0.0,0.0,0.0,69.58,54600000,0.0,0.0,0.0,0.0,0.0,72.74,89500000,,,,D
1884,2014/15,,stade-rennais,rc-lens,0.0,0.0,0.0,0.0,0.0,73.39,253175000,0.0,0.0,0.0,0.0,0.0,72.84,82750000,,,,H
1885,2014/15,,olympique-lyonnais,losc-lille,0.0,0.0,0.0,0.0,0.0,72.74,89500000,0.0,0.0,0.0,0.0,0.0,72.18,86050000,,,,H
1886,2014/15,,paris-saint-germain,as-monaco,0.0,0.0,0.0,0.0,0.0,0.0,0,0.0,0.0,0.0,0.0,0.0,73.63,257100000,,,,D
1887,2014/15,,rc-lens,paris-saint-germain,0.0,0.0,0.0,0.0,0.0,72.84,82750000,0.0,0.0,0.0,0.0,0.0,0.0,0,,,,A
1888,2014/15,,fc-metz,stade-rennais,0.0,0.0,0.0,0.0,0.0,67.29,41450000,0.0,0.0,0.0,0.0,0.0,73.39,253175000,,,,D
1889,2014/15,,fc-nantes,stade-de-reims,0.0,0.0,0.0,0.0,0.0,69.58,54600000,0.0,0.0,0.0,0.0,0.0,69.92,48600000,,,,D
1890,2014/15,,olympique-de-marseille,toulouse-fc,0.0,0.0,0.0,0.0,0.0,73.85,58850000,0.0,0.0,0.0,0.0,0.0,68.76,60900000,,,,H
1891,2014/15,,toulouse-fc,rc-lens,0.0,0.0,0.0,0.0,0.0,68.76,60900000,0.0,0.0,0.0,0.0,0.0,72.84,82750000,,,,A
1892,2014/15,,olympique-lyonnais,olympique-de-marseille,0.0,0.0,0.0,0.0,0.0,72.74,89500000,0.0,0.0,0.0,0.0,0.0,73.85,58850000,,,,H
1893,2014/15,,stade-rennais,losc-lille,0.0,0.0,0.0,0.0,0.0,73.39,253175000,0.0,0.0,0.0,0.0,0.0,72.18,86050000,,,,H
1894,2014/15,,as-monaco,stade-de-reims,0.0,0.0,0.0,0.0,0.0,73.63,257100000,0.0,0.0,0.0,0.0,0.0,69.92,48600000,,,,D
1895,2014/15,,fc-lorient,paris-saint-germain,0.0,0.0,0.0,0.0,0.0,70.23,70850000,0.0,0.0,0.0,0.0,0.0,0.0,0,,,,A
1896,2014/15,,ogc-nice,olympique-lyonnais,0.0,0.0,0.0,0.0,0.0,73.28,89200000,0.0,0.0,0.0,0.0,0.0,72.74,89500000,,,,A
1897,2014/15,,olympique-de-marseille,rc-lens,0.0,0.0,0.0,0.0,0.0,73.85,58850000,0.0,0.0,0.0,0.0,0.0,72.84,82750000,,,,H
1898,2014/15,,fc-nantes,stade-rennais,0.0,0.0,0.0,0.0,0.0,69.58,54600000,0.0,0.0,0.0,0.0,0.0,73.39,253175000,,,,D
1899,2014/15,,stade-rennais,fc-lorient,0.0,0.0,0.0,0.0,0.0,73.39,253175000,0.0,0.0,0.0,0.0,0.0,70.23,70850000,,,,H
1900,2014/15,,toulouse-fc,fc-metz,0.0,0.0,0.0,0.0,0.0,68.76,60900000,0.0,0.0,0.0,0.0,0.0,67.29,41450000,,,,H
1901,2014/15,,paris-saint-germain,olympique-de-marseille,0.0,0.0,0.0,0.0,0.0,0.0,0,0.0,0.0,0.0,0.0,0.0,73.85,58850000,,,,H
1902,2014/15,,stade-de-reims,losc-lille,0.0,0.0,0.0,0.0,0.0,69.92,48600000,0.0,0.0,0.0,0.0,0.0,72.18,86050000,,,,H
1903,2014/15,,fc-metz,paris-saint-germain,0.0,0.0,0.0,0.0,0.0,67.29,41450000,0.0,0.0,0.0,0.0,0.0,0.0,0,,,,A
1904,2014/15,,fc-lorient,rc-lens,0.0,0.0,0.0,0.0,0.0,70.23,70850000,0.0,0.0,0.0,0.0,0.0,72.84,82750000,,,,H
1905,2014/15,,ogc-nice,stade-de-reims,0.0,0.0,0.0,0.0,0.0,73.28,89200000,0.0,0.0,0.0,0.0,0.0,69.92,48600000,,,,D
1906,2014/15,,olympique-de-marseille,fc-nantes,0.0,0.0,0.0,0.0,0.0,73.85,58850000,0.0,0.0,0.0,0.0,0.0,69.58,54600000,,,,H
1907,2014/15,,rc-lens,fc-metz,0.0,0.0,0.0,0.0,0.0,72.84,82750000,0.0,0.0,0.0,0.0,0.0,67.29,41450000,,,,H
1908,2014/15,,paris-saint-germain,ogc-nice,0.0,0.0,0.0,0.0,0.0,0.0,0,0.0,0.0,0.0,0.0,0.0,73.28,89200000,,,,H
1909,2014/15,,stade-rennais,as-monaco,0.0,0.0,0.0,0.0,0.0,73.39,253175000,0.0,0.0,0.0,0.0,0.0,73.63,257100000,,,,H
1910,2014/15,,toulouse-fc,fc-lorient,0.0,0.0,0.0,0.0,0.0,68.76,60900000,0.0,0.0,0.0,0.0,0.0,70.23,70850000,,,,A
1911,2014/15,,fc-lorient,olympique-de-marseille,0.0,0.0,0.0,0.0,0.0,70.23,70850000,0.0,0.0,0.0,0.0,0.0,73.85,58850000,,,,D
1912,2014/15,,as-monaco,rc-lens,0.0,0.0,0.0,0.0,0.0,73.63,257100000,0.0,0.0,0.0,0.0,0.0,72.84,82750000,,,,H
1913,2014/15,,fc-nantes,toulouse-fc,0.0,0.0,0.0,0.0,0.0,69.58,54600000,0.0,0.0,0.0,0.0,0.0,68.76,60900000,,,,A
1914,2014/15,,losc-lille,paris-saint-germain,0.0,0.0,0.0,0.0,0.0,72.18,86050000,0.0,0.0,0.0,0.0,0.0,0.0,0,,,,D
1915,2014/15,,ogc-nice,stade-rennais,0.0,0.0,0.0,0.0,0.0,73.28,89200000,0.0,0.0,0.0,0.0,0.0,73.39,253175000,,,,A
1916,2014/15,,olympique-lyonnais,stade-de-reims,0.0,0.0,0.0,0.0,0.0,72.74,89500000,0.0,0.0,0.0,0.0,0.0,69.92,48600000,,,,H
1917,2014/15,,toulouse-fc,as-monaco,0.0,0.0,0.0,0.0,0.0,68.76,60900000,0.0,0.0,0.0,0.0,0.0,73.63,257100000,,,,A
1918,2014/15,,paris-saint-germain,fc-nantes,0.0,0.0,0.0,0.0,0.0,0.0,0,0.0,0.0,0.0,0.0,0.0,69.58,54600000,,,,H
1919,2014/15,,rc-lens,losc-lille,0.0,0.0,0.0,0.0,0.0,72.84,82750000,0.0,0.0,0.0,0.0,0.0,72.18,86050000,,,,D
1920,2014/15,,olympique-de-marseille,fc-metz,0.0,0.0,0.0,0.0,0.0,73.85,58850000,0.0,0.0,0.0,0.0,0.0,67.29,41450000,,,,H
1921,2014/15,,fc-lorient,fc-metz,0.0,0.0,0.0,0.0,0.0,70.23,70850000,0.0,0.0,0.0,0.0,0.0,67.29,41450000,,,,H
1922,2014/15,,losc-lille,toulouse-fc,0.0,0.0,0.0,0.0,0.0,72.18,86050000,0.0,0.0,0.0,0.0,0.0,68.76,60900000,,,,H
1923,2014/15,,as-monaco,olympique-de-marseille,0.0,0.0,0.0,0.0,0.0,73.63,257100000,0.0,0.0,0.0,0.0,0.0,73.85,58850000,,,,H
1924,2014/15,,rc-lens,ogc-nice,0.0,0.0,0.0,0.0,0.0,72.84,82750000,0.0,0.0,0.0,0.0,0.0,73.28,89200000,,,,H
1925,2014/15,,fc-lorient,fc-nantes,0.0,0.0,0.0,0.0,0.0,70.23,70850000,0.0,0.0,0.0,0.0,0.0,69.58,54600000,,,,A
1926,2014/15,,fc-metz,as-monaco,0.0,0.0,0.0,0.0,0.0,67.29,41450000,0.0,0.0,0.0,0.0,0.0,73.63,257100000,,,,A
1927,2014/15,,stade-rennais,stade-de-reims,0.0,0.0,0.0,0.0,0.0,73.39,253175000,0.0,0.0,0.0,0.0,0.0,69.92,48600000,,,,A
1928,2014/15,,olympique-de-marseille,losc-lille,0.0,0.0,0.0,0.0,0.0,73.85,58850000,0.0,0.0,0.0,0.0,0.0,72.18,86050000,,,,H
1929,2014/15,,ogc-nice,fc-lorient,0.0,0.0,0.0,0.0,0.0,73.28,89200000,0.0,0.0,0.0,0.0,0.0,70.23,70850000,,,,H
1930,2014/15,,olympique-lyonnais,toulouse-fc,0.0,0.0,0.0,0.0,0.0,72.74,89500000,0.0,0.0,0.0,0.0,0.0,68.76,60900000,,,,H
1931,2014/15,,fc-nantes,fc-metz,0.0,0.0,0.0,0.0,0.0,69.58,54600000,0.0,0.0,0.0,0.0,0.0,67.29,41450000,,,,D
1932,2014/15,,rc-lens,olympique-lyonnais,0.0,0.0,0.0,0.0,0.0,72.84,82750000,0.0,0.0,0.0,0.0,0.0,72.74,89500000,,,,A
1933,2014/15,,fc-lorient,losc-lille,0.0,0.0,0.0,0.0,0.0,70.23,70850000,0.0,0.0,0.0,0.0,0.0,72.18,86050000,,,,H
1934,2014/15,,as-monaco,fc-nantes,0.0,0.0,0.0,0.0,0.0,73.63,257100000,0.0,0.0,0.0,0.0,0.0,69.58,54600000,,,,H
1935,2014/15,,ogc-nice,olympique-de-marseille,0.0,0.0,0.0,0.0,0.0,73.28,89200000,0.0,0.0,0.0,0.0,0.0,73.85,58850000,,,,H
1936,2014/15,,losc-lille,as-monaco,0.0,0.0,0.0,0.0,0.0,72.18,86050000,0.0,0.0,0.0,0.0,0.0,73.63,257100000,,,,A
1937,2014/15,,olympique-lyonnais,fc-metz,0.0,0.0,0.0,0.0,0.0,72.74,89500000,0.0,0.0,0.0,0.0,0.0,67.29,41450000,,,,H
1938,2014/15,,stade-de-reims,rc-lens,0.0,0.0,0.0,0.0,0.0,69.92,48600000,0.0,0.0,0.0,0.0,0.0,72.84,82750000,,,,D
1939,2014/15,,paris-saint-germain,stade-rennais,0.0,0.0,0.0,0.0,0.0,0.0,0,0.0,0.0,0.0,0.0,0.0,73.39,253175000,,,,H
1940,2014/15,,fc-metz,ogc-nice,0.0,0.0,0.0,0.0,0.0,67.29,41450000,0.0,0.0,0.0,0.0,0.0,73.28,89200000,,,,D
1941,2014/15,,fc-nantes,losc-lille,0.0,0.0,0.0,0.0,0.0,69.58,54600000,0.0,0.0,0.0,0.0,0.0,72.18,86050000,,,,D
1942,2014/15,,toulouse-fc,stade-de-reims,0.0,0.0,0.0,0.0,0.0,68.76,60900000,0.0,0.0,0.0,0.0,0.0,69.92,48600000,,,,H
1943,2014/15,,as-monaco,olympique-lyonnais,0.0,0.0,0.0,0.0,0.0,73.63,257100000,0.0,0.0,0.0,0.0,0.0,72.74,89500000,,,,D
1944,2014/15,,stade-de-reims,fc-lorient,0.0,0.0,0.0,0.0,0.0,69.92,48600000,0.0,0.0,0.0,0.0,0.0,70.23,70850000,,,,A
1945,2014/15,,stade-rennais,olympique-de-marseille,0.0,0.0,0.0,0.0,0.0,73.39,253175000,0.0,0.0,0.0,0.0,0.0,73.85,58850000,,,,D
1946,2014/15,,olympique-lyonnais,paris-saint-germain,0.0,0.0,0.0,0.0,0.0,72.74,89500000,0.0,0.0,0.0,0.0,0.0,0.0,0,,,,D
1947,2014/15,,ogc-nice,fc-nantes,0.0,0.0,0.0,0.0,0.0,73.28,89200000,0.0,0.0,0.0,0.0,0.0,69.58,54600000,,,,D
1948,2014/15,,olympique-de-marseille,stade-de-reims,0.0,0.0,0.0,0.0,0.0,73.85,58850000,0.0,0.0,0.0,0.0,0.0,69.92,48600000,,,,D
1949,2014/15,,losc-lille,ogc-nice,0.0,0.0,0.0,0.0,0.0,72.18,86050000,0.0,0.0,0.0,0.0,0.0,73.28,89200000,,,,D
1950,2014/15,,toulouse-fc,stade-rennais,0.0,0.0,0.0,0.0,0.0,68.76,60900000,0.0,0.0,0.0,0.0,0.0,73.39,253175000,,,,H
1951,2014/15,,fc-lorient,olympique-lyonnais,0.0,0.0,0.0,0.0,0.0,70.23,70850000,0.0,0.0,0.0,0.0,0.0,72.74,89500000,,,,D
1952,2014/15,,ogc-nice,as-monaco,0.0,0.0,0.0,0.0,0.0,73.28,89200000,0.0,0.0,0.0,0.0,0.0,73.63,257100000,,,,A
1953,2014/15,,paris-saint-germain,toulouse-fc,0.0,0.0,0.0,0.0,0.0,0.0,0,0.0,0.0,0.0,0.0,0.0,68.76,60900000,,,,H
1954,2014/15,,olympique-lyonnais,fc-nantes,0.0,0.0,0.0,0.0,0.0,72.74,89500000,0.0,0.0,0.0,0.0,0.0,69.58,54600000,,,,H
1955,2014/15,,stade-de-reims,fc-metz,0.0,0.0,0.0,0.0,0.0,69.92,48600000,0.0,0.0,0.0,0.0,0.0,67.29,41450000,,,,D
1956,2014/15,,rc-lens,stade-rennais,0.0,0.0,0.0,0.0,0.0,72.84,82750000,0.0,0.0,0.0,0.0,0.0,73.39,253175000,,,,A
1957,2014/15,,losc-lille,olympique-lyonnais,0.0,0.0,0.0,0.0,0.0,72.18,86050000,0.0,0.0,0.0,0.0,0.0,72.74,89500000,,,,H
1958,2014/15,,as-monaco,paris-saint-germain,0.0,0.0,0.0,0.0,0.0,73.63,257100000,0.0,0.0,0.0,0.0,0.0,0.0,0,,,,D
1959,2014/15,,toulouse-fc,olympique-de-marseille,0.0,0.0,0.0,0.0,0.0,68.76,60900000,0.0,0.0,0.0,0.0,0.0,73.85,58850000,,,,A
1960,2014/15,,paris-saint-germain,rc-lens,0.0,0.0,0.0,0.0,0.0,0.0,0,0.0,0.0,0.0,0.0,0.0,72.84,82750000,,,,H
1961,2014/15,,stade-de-reims,fc-nantes,0.0,0.0,0.0,0.0,0.0,69.92,48600000,0.0,0.0,0.0,0.0,0.0,69.58,54600000,,,,H
1962,2014/15,,stade-rennais,fc-metz,0.0,0.0,0.0,0.0,0.0,73.39,253175000,0.0,0.0,0.0,0.0,0.0,67.29,41450000,,,,H
1963,2014/15,,rc-lens,toulouse-fc,0.0,0.0,0.0,0.0,0.0,72.84,82750000,0.0,0.0,0.0,0.0,0.0,68.76,60900000,,,,H
1964,2014/15,,losc-lille,stade-rennais,0.0,0.0,0.0,0.0,0.0,72.18,86050000,0.0,0.0,0.0,0.0,0.0,73.39,253175000,,,,H
1965,2014/15,,olympique-de-marseille,olympique-lyonnais,0.0,0.0,0.0,0.0,0.0,73.85,58850000,0.0,0.0,0.0,0.0,0.0,72.74,89500000,,,,D
1966,2014/15,,paris-saint-germain,fc-lorient,0.0,0.0,0.0,0.0,0.0,0.0,0,0.0,0.0,0.0,0.0,0.0,70.23,70850000,,,,H
1967,2014/15,,olympique-lyonnais,ogc-nice,0.0,0.0,0.0,0.0,0.0,72.74,89500000,0.0,0.0,0.0,0.0,0.0,73.28,89200000,,,,A
1968,2014/15,,stade-rennais,fc-nantes,0.0,0.0,0.0,0.0,0.0,73.39,253175000,0.0,0.0,0.0,0.0,0.0,69.58,54600000,,,,D
1969,2014/15,,rc-lens,olympique-de-marseille,0.0,0.0,0.0,0.0,0.0,72.84,82750000,0.0,0.0,0.0,0.0,0.0,73.85,58850000,,,,A
1970,2014/15,,stade-de-reims,as-monaco,0.0,0.0,0.0,0.0,0.0,69.92,48600000,0.0,0.0,0.0,0.0,0.0,73.63,257100000,,,,A
1971,2014/15,,losc-lille,stade-de-reims,0.0,0.0,0.0,0.0,0.0,72.18,86050000,0.0,0.0,0.0,0.0,0.0,69.92,48600000,,,,H
1972,2014/15,,fc-lorient,stade-rennais,0.0,0.0,0.0,0.0,0.0,70.23,70850000,0.0,0.0,0.0,0.0,0.0,73.39,253175000,,,,A
1973,2014/15,,fc-metz,toulouse-fc,0.0,0.0,0.0,0.0,0.0,67.29,41450000,0.0,0.0,0.0,0.0,0.0,68.76,60900000,,,,H
1974,2014/15,,olympique-de-marseille,paris-saint-germain,0.0,0.0,0.0,0.0,0.0,73.85,58850000,0.0,0.0,0.0,0.0,0.0,0.0,0,,,,A
1975,2014/15,,rc-lens,fc-lorient,0.0,0.0,0.0,0.0,0.0,72.84,82750000,0.0,0.0,0.0,0.0,0.0,70.23,70850000,,,,D
1976,2014/15,,stade-de-reims,ogc-nice,0.0,0.0,0.0,0.0,0.0,69.92,48600000,0.0,0.0,0.0,0.0,0.0,73.28,89200000,,,,A
1977,2014/15,,fc-nantes,olympique-de-marseille,0.0,0.0,0.0,0.0,0.0,69.58,54600000,0.0,0.0,0.0,0.0,0.0,73.85,58850000,,,,H
1978,2014/15,,fc-lorient,toulouse-fc,0.0,0.0,0.0,0.0,0.0,70.23,70850000,0.0,0.0,0.0,0.0,0.0,68.76,60900000,,,,A
1979,2014/15,,fc-metz,rc-lens,0.0,0.0,0.0,0.0,0.0,67.29,41450000,0.0,0.0,0.0,0.0,0.0,72.84,82750000,,,,H
1980,2014/15,,as-monaco,stade-rennais,0.0,0.0,0.0,0.0,0.0,73.63,257100000,0.0,0.0,0.0,0.0,0.0,73.39,253175000,,,,D
1981,2014/15,,ogc-nice,paris-saint-germain,0.0,0.0,0.0,0.0,0.0,73.28,89200000,0.0,0.0,0.0,0.0,0.0,0.0,0,,,,A
1982,2014/15,,olympique-de-marseille,fc-lorient,0.0,0.0,0.0,0.0,0.0,73.85,58850000,0.0,0.0,0.0,0.0,0.0,70.23,70850000,,,,A
1983,2014/15,,paris-saint-germain,losc-lille,0.0,0.0,0.0,0.0,0.0,0.0,0,0.0,0.0,0.0,0.0,0.0,72.18,86050000,,,,H
1984,2014/15,,stade-rennais,ogc-nice,0.0,0.0,0.0,0.0,0.0,73.39,253175000,0.0,0.0,0.0,0.0,0.0,73.28,89200000,,,,H
1985,2014/15,,toulouse-fc,fc-nantes,0.0,0.0,0.0,0.0,0.0,68.76,60900000,0.0,0.0,0.0,0.0,0.0,69.58,54600000,,,,D
1986,2014/15,,rc-lens,as-monaco,0.0,0.0,0.0,0.0,0.0,72.84,82750000,0.0,0.0,0.0,0.0,0.0,73.63,257100000,,,,A
1987,2014/15,,stade-de-reims,olympique-lyonnais,0.0,0.0,0.0,0.0,0.0,69.92,48600000,0.0,0.0,0.0,0.0,0.0,72.74,89500000,,,,A
1988,2014/15,,paris-saint-germain,fc-metz,0.0,0.0,0.0,0.0,0.0,0.0,0,0.0,0.0,0.0,0.0,0.0,67.29,41450000,,,,H
1989,2014/15,,fc-metz,olympique-de-marseille,0.0,0.0,0.0,0.0,0.0,67.29,41450000,0.0,0.0,0.0,0.0,0.0,73.85,58850000,,,,A
1990,2014/15,,losc-lille,rc-lens,0.0,0.0,0.0,0.0,0.0,72.18,86050000,0.0,0.0,0.0,0.0,0.0,72.84,82750000,,,,H
1991,2014/15,,as-monaco,toulouse-fc,0.0,0.0,0.0,0.0,0.0,73.63,257100000,0.0,0.0,0.0,0.0,0.0,68.76,60900000,,,,H
1992,2014/15,,fc-nantes,paris-saint-germain,0.0,0.0,0.0,0.0,0.0,69.58,54600000,0.0,0.0,0.0,0.0,0.0,0.0,0,,,,A
1993,2014/15,,fc-metz,fc-lorient,0.0,0.0,0.0,0.0,0.0,67.29,41450000,0.0,0.0,0.0,0.0,0.0,70.23,70850000,,,,A
1994,2014/15,,toulouse-fc,losc-lille,0.0,0.0,0.0,0.0,0.0,68.76,60900000,0.0,0.0,0.0,0.0,0.0,72.18,86050000,,,,H
1995,2014/15,,olympique-de-marseille,as-monaco,0.0,0.0,0.0,0.0,0.0,73.85,58850000,0.0,0.0,0.0,0.0,0.0,73.63,257100000,,,,H
1996,2014/15,,losc-lille,olympique-de-marseille,0.0,0.0,0.0,0.0,0.0,72.18,86050000,0.0,0.0,0.0,0.0,0.0,73.85,58850000,,,,A
1997,2014/15,,as-monaco,fc-metz,0.0,0.0,0.0,0.0,0.0,73.63,257100000,0.0,0.0,0.0,0.0,0.0,67.29,41450000,,,,H
1998,2014/15,,fc-nantes,fc-lorient,0.0,0.0,0.0,0.0,0.0,69.58,54600000,0.0,0.0,0.0,0.0,0.0,70.23,70850000,,,,D
1999,2014/15,,ogc-nice,rc-lens,0.0,0.0,0.0,0.0,0.0,73.28,89200000,0.0,0.0,0.0,0.0,0.0,72.84,82750000,,,,H
2000,2014/15,,stade-de-reims,stade-rennais,0.0,0.0,0.0,0.0,0.0,69.92,48600000,0.0,0.0,0.0,0.0,0.0,73.39,253175000,,,,H
2001,2014/15,,rc-lens,fc-nantes,0.0,0.0,0.0,0.0,0.0,72.84,82750000,0.0,0.0,0.0,0.0,0.0,69.58,54600000,,,,H
2002,2014/15,,fc-lorient,as-monaco,0.0,0.0,0.0,0.0,0.0,70.23,70850000,0.0,0.0,0.0,0.0,0.0,73.63,257100000,,,,A
2003,2014/15,,fc-metz,losc-lille,0.0,0.0,0.0,0.0,0.0,67.29,41450000,0.0,0.0,0.0,0.0,0.0,72.18,86050000,,,,A
2004,2014/15,,paris-saint-germain,stade-de-reims,0.0,0.0,0.0,0.0,0.0,0.0,0,0.0,0.0,0.0,0.0,0.0,69.92,48600000,,,,H
2005,2014/15,,stade-rennais,olympique-lyonnais,0.0,0.0,0.0,0.0,0.0,73.39,253175000,0.0,0.0,0.0,0.0,0.0,72.74,89500000,,,,A
2006,2014/15,,toulouse-fc,ogc-nice,0.0,0.0,0.0,0.0,0.0,68.76,60900000,0.0,0.0,0.0,0.0,0.0,73.28,89200000,,,,A
2007,2015/16,,losc-lille,paris-saint-germain,0.0,0.0,0.0,0.0,0.0,72.18,86050000,0.0,0.0,0.0,0.0,0.0,0.0,0,,,,A
2008,2015/16,,ogc-nice,as-monaco,0.0,0.0,0.0,0.0,0.0,73.28,89200000,0.0,0.0,0.0,0.0,0.0,73.63,257100000,,,,A
2009,2015/16,,olympique-lyonnais,fc-lorient,0.0,0.0,0.0,0.0,0.0,72.74,89500000,0.0,0.0,0.0,0.0,0.0,70.23,70850000,,,,D
2010,2015/16,,as-monaco,losc-lille,0.0,0.0,0.0,0.0,0.0,73.63,257100000,0.0,0.0,0.0,0.0,0.0,72.18,86050000,,,,D
2011,2015/16,,angers-sco,fc-nantes,0.0,0.0,0.0,0.0,0.0,0.0,0,0.0,0.0,0.0,0.0,0.0,69.58,54600000,,,,D
2012,2015/16,,stade-de-reims,olympique-de-marseille,0.0,0.0,0.0,0.0,0.0,69.92,48600000,0.0,0.0,0.0,0.0,0.0,73.85,58850000,,,,H
2013,2015/16,,olympique-lyonnais,stade-rennais,0.0,0.0,0.0,0.0,0.0,72.74,89500000,0.0,0.0,0.0,0.0,0.0,73.39,253175000,,,,A
2014,2015/16,,fc-nantes,stade-de-reims,0.0,0.0,0.0,0.0,0.0,69.58,54600000,0.0,0.0,0.0,0.0,0.0,69.92,48600000,,,,H
2015,2015/16,,toulouse-fc,as-monaco,0.0,0.0,0.0,0.0,0.0,68.76,60900000,0.0,0.0,0.0,0.0,0.0,73.63,257100000,,,,D
2016,2015/16,,angers-sco,ogc-nice,0.0,0.0,0.0,0.0,0.0,0.0,0,0.0,0.0,0.0,0.0,0.0,73.28,89200000,,,,D
2017,2015/16,,stade-de-reims,fc-lorient,0.0,0.0,0.0,0.0,0.0,69.92,48600000,0.0,0.0,0.0,0.0,0.0,70.23,70850000,,,,H
2018,2015/16,,stade-rennais,toulouse-fc,0.0,0.0,0.0,0.0,0.0,73.39,253175000,0.0,0.0,0.0,0.0,0.0,68.76,60900000,,,,H
2019,2015/16,,as-monaco,paris-saint-germain,0.0,0.0,0.0,0.0,0.0,73.63,257100000,0.0,0.0,0.0,0.0,0.0,0.0,0,,,,A
2020,2015/16,,fc-lorient,angers-sco,0.0,0.0,0.0,0.0,0.0,70.23,70850000,0.0,0.0,0.0,0.0,0.0,0.0,0,,,,H
2021,2015/16,,olympique-lyonnais,losc-lille,0.0,0.0,0.0,0.0,0.0,72.74,89500000,0.0,0.0,0.0,0.0,0.0,72.18,86050000,,,,D
2022,2015/16,,toulouse-fc,stade-de-reims,0.0,0.0,0.0,0.0,0.0,68.76,60900000,0.0,0.0,0.0,0.0,0.0,69.92,48600000,,,,D
2023,2015/16,,fc-nantes,stade-rennais,0.0,0.0,0.0,0.0,0.0,69.58,54600000,0.0,0.0,0.0,0.0,0.0,73.39,253175000,,,,A
2024,2015/16,,stade-rennais,losc-lille,0.0,0.0,0.0,0.0,0.0,73.39,253175000,0.0,0.0,0.0,0.0,0.0,72.18,86050000,,,,D
2025,2015/16,,stade-de-reims,paris-saint-germain,0.0,0.0,0.0,0.0,0.0,69.92,48600000,0.0,0.0,0.0,0.0,0.0,0.0,0,,,,D
2026,2015/16,,olympique-de-marseille,olympique-lyonnais,0.0,0.0,0.0,0.0,0.0,73.85,58850000,0.0,0.0,0.0,0.0,0.0,72.74,89500000,,,,D
2027,2015/16,,as-monaco,fc-lorient,0.0,0.0,0.0,0.0,0.0,73.63,257100000,0.0,0.0,0.0,0.0,0.0,70.23,70850000,,,,A
2028,2015/16,,angers-sco,stade-de-reims,0.0,0.0,0.0,0.0,0.0,0.0,0,0.0,0.0,0.0,0.0,0.0,69.92,48600000,,,,D
2029,2015/16,,toulouse-fc,olympique-de-marseille,0.0,0.0,0.0,0.0,0.0,68.76,60900000,0.0,0.0,0.0,0.0,0.0,73.85,58850000,,,,D
2030,2015/16,,stade-de-reims,losc-lille,0.0,0.0,0.0,0.0,0.0,69.92,48600000,0.0,0.0,0.0,0.0,0.0,72.18,86050000,,,,H
2031,2015/16,,fc-nantes,paris-saint-germain,0.0,0.0,0.0,0.0,0.0,69.58,54600000,0.0,0.0,0.0,0.0,0.0,0.0,0,,,,A
2032,2015/16,,olympique-de-marseille,angers-sco,0.0,0.0,0.0,0.0,0.0,73.85,58850000,0.0,0.0,0.0,0.0,0.0,0.0,0,,,,A
2033,2015/16,,losc-lille,fc-nantes,0.0,0.0,0.0,0.0,0.0,72.18,86050000,0.0,0.0,0.0,0.0,0.0,69.58,54600000,,,,A
2034,2015/16,,olympique-lyonnais,stade-de-reims,0.0,0.0,0.0,0.0,0.0,72.74,89500000,0.0,0.0,0.0,0.0,0.0,69.92,48600000,,,,H
2035,2015/16,,as-monaco,stade-rennais,0.0,0.0,0.0,0.0,0.0,73.63,257100000,0.0,0.0,0.0,0.0,0.0,73.39,253175000,,,,D
2036,2015/16,,paris-saint-germain,olympique-de-marseille,0.0,0.0,0.0,0.0,0.0,0.0,0,0.0,0.0,0.0,0.0,0.0,73.85,58850000,,,,H
2037,2015/16,,as-monaco,olympique-lyonnais,0.0,0.0,0.0,0.0,0.0,73.63,257100000,0.0,0.0,0.0,0.0,0.0,72.74,89500000,,,,D
2038,2015/16,,toulouse-fc,angers-sco,0.0,0.0,0.0,0.0,0.0,68.76,60900000,0.0,0.0,0.0,0.0,0.0,0.0,0,,,,A
2039,2015/16,,olympique-de-marseille,fc-lorient,0.0,0.0,0.0,0.0,0.0,73.85,58850000,0.0,0.0,0.0,0.0,0.0,70.23,70850000,,,,D
2040,2015/16,,stade-rennais,ogc-nice,0.0,0.0,0.0,0.0,0.0,73.39,253175000,0.0,0.0,0.0,0.0,0.0,73.28,89200000,,,,A
2041,2015/16,,olympique-lyonnais,toulouse-fc,0.0,0.0,0.0,0.0,0.0,72.74,89500000,0.0,0.0,0.0,0.0,0.0,68.76,60900000,,,,H
2042,2015/16,,fc-lorient,stade-rennais,0.0,0.0,0.0,0.0,0.0,70.23,70850000,0.0,0.0,0.0,0.0,0.0,73.39,253175000,,,,D
2043,2015/16,,losc-lille,olympique-de-marseille,0.0,0.0,0.0,0.0,0.0,72.18,86050000,0.0,0.0,0.0,0.0,0.0,73.85,58850000,,,,A
2044,2015/16,,stade-de-reims,as-monaco,0.0,0.0,0.0,0.0,0.0,69.92,48600000,0.0,0.0,0.0,0.0,0.0,73.63,257100000,,,,A
2045,2015/16,,stade-rennais,paris-saint-germain,0.0,0.0,0.0,0.0,0.0,73.39,253175000,0.0,0.0,0.0,0.0,0.0,0.0,0,,,,A
2046,2015/16,,as-monaco,angers-sco,0.0,0.0,0.0,0.0,0.0,73.63,257100000,0.0,0.0,0.0,0.0,0.0,0.0,0,,,,H
2047,2015/16,,fc-nantes,olympique-de-marseille,0.0,0.0,0.0,0.0,0.0,69.58,54600000,0.0,0.0,0.0,0.0,0.0,73.85,58850000,,,,A
2048,2015/16,,ogc-nice,losc-lille,0.0,0.0,0.0,0.0,0.0,73.28,89200000,0.0,0.0,0.0,0.0,0.0,72.18,86050000,,,,D
2049,2015/16,,ogc-nice,fc-nantes,0.0,0.0,0.0,0.0,0.0,73.28,89200000,0.0,0.0,0.0,0.0,0.0,69.58,54600000,,,,A
2050,2015/16,,angers-sco,stade-rennais,0.0,0.0,0.0,0.0,0.0,0.0,0,0.0,0.0,0.0,0.0,0.0,73.39,253175000,,,,A
2051,2015/16,,paris-saint-germain,toulouse-fc,0.0,0.0,0.0,0.0,0.0,0.0,0,0.0,0.0,0.0,0.0,0.0,68.76,60900000,,,,H
2052,2015/16,,olympique-de-marseille,ogc-nice,0.0,0.0,0.0,0.0,0.0,73.85,58850000,0.0,0.0,0.0,0.0,0.0,73.28,89200000,,,,A
2053,2015/16,,ogc-nice,olympique-lyonnais,0.0,0.0,0.0,0.0,0.0,73.28,89200000,0.0,0.0,0.0,0.0,0.0,72.74,89500000,,,,H
2054,2015/16,,fc-lorient,paris-saint-germain,0.0,0.0,0.0,0.0,0.0,70.23,70850000,0.0,0.0,0.0,0.0,0.0,0.0,0,,,,A
2055,2015/16,,as-monaco,fc-nantes,0.0,0.0,0.0,0.0,0.0,73.63,257100000,0.0,0.0,0.0,0.0,0.0,69.58,54600000,,,,H
2056,2015/16,,angers-sco,losc-lille,0.0,0.0,0.0,0.0,0.0,0.0,0,0.0,0.0,0.0,0.0,0.0,72.18,86050000,,,,H
2057,2015/16,,stade-de-reims,stade-rennais,0.0,0.0,0.0,0.0,0.0,69.92,48600000,0.0,0.0,0.0,0.0,0.0,73.39,253175000,,,,D
2058,2015/16,,toulouse-fc,ogc-nice,0.0,0.0,0.0,0.0,0.0,68.76,60900000,0.0,0.0,0.0,0.0,0.0,73.28,89200000,,,,H
2059,2015/16,,olympique-de-marseille,as-monaco,0.0,0.0,0.0,0.0,0.0,73.85,58850000,0.0,0.0,0.0,0.0,0.0,73.63,257100000,,,,D
2060,2015/16,,angers-sco,paris-saint-germain,0.0,0.0,0.0,0.0,0.0,0.0,0,0.0,0.0,0.0,0.0,0.0,0.0,0,,,,D
2061,2015/16,,fc-lorient,ogc-nice,0.0,0.0,0.0,0.0,0.0,70.23,70850000,0.0,0.0,0.0,0.0,0.0,73.28,89200000,,,,D
2062,2015/16,,fc-nantes,olympique-lyonnais,0.0,0.0,0.0,0.0,0.0,69.58,54600000,0.0,0.0,0.0,0.0,0.0,72.74,89500000,,,,D
2063,2015/16,,stade-rennais,olympique-de-marseille,0.0,0.0,0.0,0.0,0.0,73.39,253175000,0.0,0.0,0.0,0.0,0.0,73.85,58850000,,,,A
2064,2015/16,,ogc-nice,paris-saint-germain,0.0,0.0,0.0,0.0,0.0,73.28,89200000,0.0,0.0,0.0,0.0,0.0,0.0,0,,,,A
2065,2015/16,,olympique-lyonnais,angers-sco,0.0,0.0,0.0,0.0,0.0,72.74,89500000,0.0,0.0,0.0,0.0,0.0,0.0,0,,,,A
2066,2015/16,,toulouse-fc,fc-lorient,0.0,0.0,0.0,0.0,0.0,68.76,60900000,0.0,0.0,0.0,0.0,0.0,70.23,70850000,,,,A
2067,2015/16,,losc-lille,fc-lorient,0.0,0.0,0.0,0.0,0.0,72.18,86050000,0.0,0.0,0.0,0.0,0.0,70.23,70850000,,,,H
2068,2015/16,,fc-nantes,toulouse-fc,0.0,0.0,0.0,0.0,0.0,69.58,54600000,0.0,0.0,0.0,0.0,0.0,68.76,60900000,,,,D
2069,2015/16,,stade-de-reims,ogc-nice,0.0,0.0,0.0,0.0,0.0,69.92,48600000,0.0,0.0,0.0,0.0,0.0,73.28,89200000,,,,D
2070,2015/16,,paris-saint-germain,olympique-lyonnais,0.0,0.0,0.0,0.0,0.0,0.0,0,0.0,0.0,0.0,0.0,0.0,72.74,89500000,,,,H
2071,2015/16,,fc-lorient,fc-nantes,0.0,0.0,0.0,0.0,0.0,70.23,70850000,0.0,0.0,0.0,0.0,0.0,69.58,54600000,,,,D
2072,2015/16,,toulouse-fc,losc-lille,0.0,0.0,0.0,0.0,0.0,68.76,60900000,0.0,0.0,0.0,0.0,0.0,72.18,86050000,,,,D
2073,2015/16,,stade-de-reims,toulouse-fc,0.0,0.0,0.0,0.0,0.0,69.92,48600000,0.0,0.0,0.0,0.0,0.0,68.76,60900000,,,,A
2074,2015/16,,stade-rennais,fc-lorient,0.0,0.0,0.0,0.0,0.0,73.39,253175000,0.0,0.0,0.0,0.0,0.0,70.23,70850000,,,,D
2075,2015/16,,losc-lille,ogc-nice,0.0,0.0,0.0,0.0,0.0,72.18,86050000,0.0,0.0,0.0,0.0,0.0,73.28,89200000,,,,D
2076,2015/16,,ogc-nice,angers-sco,0.0,0.0,0.0,0.0,0.0,73.28,89200000,0.0,0.0,0.0,0.0,0.0,0.0,0,,,,H
2077,2015/16,,toulouse-fc,paris-saint-germain,0.0,0.0,0.0,0.0,0.0,68.76,60900000,0.0,0.0,0.0,0.0,0.0,0.0,0,,,,A
2078,2015/16,,fc-lorient,as-monaco,0.0,0.0,0.0,0.0,0.0,70.23,70850000,0.0,0.0,0.0,0.0,0.0,73.63,257100000,,,,A
2079,2015/16,,ogc-nice,fc-lorient,0.0,0.0,0.0,0.0,0.0,73.28,89200000,0.0,0.0,0.0,0.0,0.0,70.23,70850000,,,,H
2080,2015/16,,paris-saint-germain,angers-sco,0.0,0.0,0.0,0.0,0.0,0.0,0,0.0,0.0,0.0,0.0,0.0,0.0,0,,,,H
2081,2015/16,,olympique-lyonnais,olympique-de-marseille,0.0,0.0,0.0,0.0,0.0,72.74,89500000,0.0,0.0,0.0,0.0,0.0,73.85,58850000,,,,D
2082,2015/16,,as-monaco,toulouse-fc,0.0,0.0,0.0,0.0,0.0,73.63,257100000,0.0,0.0,0.0,0.0,0.0,68.76,60900000,,,,H
2083,2015/16,,olympique-de-marseille,losc-lille,0.0,0.0,0.0,0.0,0.0,73.85,58850000,0.0,0.0,0.0,0.0,0.0,72.18,86050000,,,,D
2084,2015/16,,angers-sco,as-monaco,0.0,0.0,0.0,0.0,0.0,0.0,0,0.0,0.0,0.0,0.0,0.0,73.63,257100000,,,,H
2085,2015/16,,fc-lorient,stade-de-reims,0.0,0.0,0.0,0.0,0.0,70.23,70850000,0.0,0.0,0.0,0.0,0.0,69.92,48600000,,,,H
2086,2015/16,,ogc-nice,toulouse-fc,0.0,0.0,0.0,0.0,0.0,73.28,89200000,0.0,0.0,0.0,0.0,0.0,68.76,60900000,,,,H
2087,2015/16,,paris-saint-germain,fc-lorient,0.0,0.0,0.0,0.0,0.0,0.0,0,0.0,0.0,0.0,0.0,0.0,70.23,70850000,,,,H
2088,2015/16,,stade-de-reims,angers-sco,0.0,0.0,0.0,0.0,0.0,69.92,48600000,0.0,0.0,0.0,0.0,0.0,0.0,0,,,,H
2089,2015/16,,angers-sco,olympique-lyonnais,0.0,0.0,0.0,0.0,0.0,0.0,0,0.0,0.0,0.0,0.0,0.0,72.74,89500000,,,,A
2090,2015/16,,as-monaco,ogc-nice,0.0,0.0,0.0,0.0,0.0,73.63,257100000,0.0,0.0,0.0,0.0,0.0,73.28,89200000,,,,H
2091,2015/16,,toulouse-fc,fc-nantes,0.0,0.0,0.0,0.0,0.0,68.76,60900000,0.0,0.0,0.0,0.0,0.0,69.58,54600000,,,,D
2092,2015/16,,losc-lille,stade-rennais,0.0,0.0,0.0,0.0,0.0,72.18,86050000,0.0,0.0,0.0,0.0,0.0,73.39,253175000,,,,D
2093,2015/16,,olympique-de-marseille,paris-saint-germain,0.0,0.0,0.0,0.0,0.0,73.85,58850000,0.0,0.0,0.0,0.0,0.0,0.0,0,,,,A
2094,2015/16,,stade-rennais,angers-sco,0.0,0.0,0.0,0.0,0.0,73.39,253175000,0.0,0.0,0.0,0.0,0.0,0.0,0,,,,H
2095,2015/16,,fc-nantes,fc-lorient,0.0,0.0,0.0,0.0,0.0,69.58,54600000,0.0,0.0,0.0,0.0,0.0,70.23,70850000,,,,H
2096,2015/16,,paris-saint-germain,losc-lille,0.0,0.0,0.0,0.0,0.0,0.0,0,0.0,0.0,0.0,0.0,0.0,72.18,86050000,,,,D
2097,2015/16,,ogc-nice,olympique-de-marseille,0.0,0.0,0.0,0.0,0.0,73.28,89200000,0.0,0.0,0.0,0.0,0.0,73.85,58850000,,,,D
2098,2015/16,,paris-saint-germain,stade-de-reims,0.0,0.0,0.0,0.0,0.0,0.0,0,0.0,0.0,0.0,0.0,0.0,69.92,48600000,,,,H
2099,2015/16,,losc-lille,olympique-lyonnais,0.0,0.0,0.0,0.0,0.0,72.18,86050000,0.0,0.0,0.0,0.0,0.0,72.74,89500000,,,,H
2100,2015/16,,toulouse-fc,stade-rennais,0.0,0.0,0.0,0.0,0.0,68.76,60900000,0.0,0.0,0.0,0.0,0.0,73.39,253175000,,,,A
2101,2015/16,,olympique-lyonnais,paris-saint-germain,0.0,0.0,0.0,0.0,0.0,72.74,89500000,0.0,0.0,0.0,0.0,0.0,0.0,0,,,,H
2102,2015/16,,fc-nantes,as-monaco,0.0,0.0,0.0,0.0,0.0,69.58,54600000,0.0,0.0,0.0,0.0,0.0,73.63,257100000,,,,D
2103,2015/16,,losc-lille,stade-de-reims,0.0,0.0,0.0,0.0,0.0,72.18,86050000,0.0,0.0,0.0,0.0,0.0,69.92,48600000,,,,H
2104,2015/16,,olympique-de-marseille,toulouse-fc,0.0,0.0,0.0,0.0,0.0,73.85,58850000,0.0,0.0,0.0,0.0,0.0,68.76,60900000,,,,D
2105,2015/16,,stade-rennais,fc-nantes,0.0,0.0,0.0,0.0,0.0,73.39,253175000,0.0,0.0,0.0,0.0,0.0,69.58,54600000,,,,H
2106,2015/16,,as-monaco,stade-de-reims,0.0,0.0,0.0,0.0,0.0,73.63,257100000,0.0,0.0,0.0,0.0,0.0,69.92,48600000,,,,D
2107,2015/16,,fc-lorient,olympique-de-marseille,0.0,0.0,0.0,0.0,0.0,70.23,70850000,0.0,0.0,0.0,0.0,0.0,73.85,58850000,,,,D
2108,2015/16,,fc-nantes,angers-sco,0.0,0.0,0.0,0.0,0.0,69.58,54600000,0.0,0.0,0.0,0.0,0.0,0.0,0,,,,H
2109,2015/16,,stade-rennais,olympique-lyonnais,0.0,0.0,0.0,0.0,0.0,73.39,253175000,0.0,0.0,0.0,0.0,0.0,72.74,89500000,,,,D
2110,2015/16,,olympique-de-marseille,stade-rennais,0.0,0.0,0.0,0.0,0.0,73.85,58850000,0.0,0.0,0.0,0.0,0.0,73.39,253175000,,,,A
2111,2015/16,,angers-sco,fc-lorient,0.0,0.0,0.0,0.0,0.0,0.0,0,0.0,0.0,0.0,0.0,0.0,70.23,70850000,,,,H
2112,2015/16,,losc-lille,toulouse-fc,0.0,0.0,0.0,0.0,0.0,72.18,86050000,0.0,0.0,0.0,0.0,0.0,68.76,60900000,,,,H
2113,2015/16,,olympique-lyonnais,fc-nantes,0.0,0.0,0.0,0.0,0.0,72.74,89500000,0.0,0.0,0.0,0.0,0.0,69.58,54600000,,,,H
2114,2015/16,,paris-saint-germain,as-monaco,0.0,0.0,0.0,0.0,0.0,0.0,0,0.0,0.0,0.0,0.0,0.0,73.63,257100000,,,,A
2115,2015/16,,paris-saint-germain,ogc-nice,0.0,0.0,0.0,0.0,0.0,0.0,0,0.0,0.0,0.0,0.0,0.0,73.28,89200000,,,,H
2116,2015/16,,stade-rennais,stade-de-reims,0.0,0.0,0.0,0.0,0.0,73.39,253175000,0.0,0.0,0.0,0.0,0.0,69.92,48600000,,,,H
2117,2015/16,,fc-lorient,olympique-lyonnais,0.0,0.0,0.0,0.0,0.0,70.23,70850000,0.0,0.0,0.0,0.0,0.0,72.74,89500000,,,,A
2118,2015/16,,fc-nantes,losc-lille,0.0,0.0,0.0,0.0,0.0,69.58,54600000,0.0,0.0,0.0,0.0,0.0,72.18,86050000,,,,A
2119,2015/16,,stade-de-reims,fc-nantes,0.0,0.0,0.0,0.0,0.0,69.92,48600000,0.0,0.0,0.0,0.0,0.0,69.58,54600000,,,,H
2120,2015/16,,losc-lille,as-monaco,0.0,0.0,0.0,0.0,0.0,72.18,86050000,0.0,0.0,0.0,0.0,0.0,73.63,257100000,,,,H
2121,2015/16,,ogc-nice,stade-rennais,0.0,0.0,0.0,0.0,0.0,73.28,89200000,0.0,0.0,0.0,0.0,0.0,73.39,253175000,,,,H
2122,2015/16,,olympique-lyonnais,ogc-nice,0.0,0.0,0.0,0.0,0.0,72.74,89500000,0.0,0.0,0.0,0.0,0.0,73.28,89200000,,,,D
2123,2015/16,,fc-lorient,toulouse-fc,0.0,0.0,0.0,0.0,0.0,70.23,70850000,0.0,0.0,0.0,0.0,0.0,68.76,60900000,,,,D
2124,2015/16,,as-monaco,olympique-de-marseille,0.0,0.0,0.0,0.0,0.0,73.63,257100000,0.0,0.0,0.0,0.0,0.0,73.85,58850000,,,,H
2125,2015/16,,ogc-nice,stade-de-reims,0.0,0.0,0.0,0.0,0.0,73.28,89200000,0.0,0.0,0.0,0.0,0.0,69.92,48600000,,,,H
2126,2015/16,,toulouse-fc,olympique-lyonnais,0.0,0.0,0.0,0.0,0.0,68.76,60900000,0.0,0.0,0.0,0.0,0.0,72.74,89500000,,,,A
2127,2015/16,,olympique-de-marseille,fc-nantes,0.0,0.0,0.0,0.0,0.0,73.85,58850000,0.0,0.0,0.0,0.0,0.0,69.58,54600000,,,,D
2128,2015/16,,stade-rennais,as-monaco,0.0,0.0,0.0,0.0,0.0,73.39,253175000,0.0,0.0,0.0,0.0,0.0,73.63,257100000,,,,D
2129,2015/16,,losc-lille,angers-sco,0.0,0.0,0.0,0.0,0.0,72.18,86050000,0.0,0.0,0.0,0.0,0.0,0.0,0,,,,D
2130,2015/16,,paris-saint-germain,stade-rennais,0.0,0.0,0.0,0.0,0.0,0.0,0,0.0,0.0,0.0,0.0,0.0,73.39,253175000,,,,H
2131,2015/16,,fc-lorient,losc-lille,0.0,0.0,0.0,0.0,0.0,70.23,70850000,0.0,0.0,0.0,0.0,0.0,72.18,86050000,,,,A
2132,2015/16,,fc-nantes,ogc-nice,0.0,0.0,0.0,0.0,0.0,69.58,54600000,0.0,0.0,0.0,0.0,0.0,73.28,89200000,,,,H
2133,2015/16,,angers-sco,olympique-de-marseille,0.0,0.0,0.0,0.0,0.0,0.0,0,0.0,0.0,0.0,0.0,0.0,73.85,58850000,,,,A
2134,2015/16,,olympique-lyonnais,as-monaco,0.0,0.0,0.0,0.0,0.0,72.74,89500000,0.0,0.0,0.0,0.0,0.0,73.63,257100000,,,,H
2135,2015/16,,olympique-de-marseille,stade-de-reims,0.0,0.0,0.0,0.0,0.0,73.85,58850000,0.0,0.0,0.0,0.0,0.0,69.92,48600000,,,,H
2136,2015/16,,angers-sco,toulouse-fc,0.0,0.0,0.0,0.0,0.0,0.0,0,0.0,0.0,0.0,0.0,0.0,68.76,60900000,,,,A
2137,2015/16,,paris-saint-germain,fc-nantes,0.0,0.0,0.0,0.0,0.0,0.0,0,0.0,0.0,0.0,0.0,0.0,69.58,54600000,,,,H
2138,2015/16,,stade-de-reims,olympique-lyonnais,0.0,0.0,0.0,0.0,0.0,69.92,48600000,0.0,0.0,0.0,0.0,0.0,72.74,89500000,,,,H
2139,2016/17,,fc-metz,losc-lille,0.0,0.0,0.0,0.0,0.0,67.29,41450000,0.0,0.0,0.0,0.0,0.0,72.18,86050000,,,,H
2140,2016/17,,olympique-de-marseille,toulouse-fc,0.0,0.0,0.0,0.0,0.0,73.85,58850000,0.0,0.0,0.0,0.0,0.0,68.76,60900000,,,,D
2141,2016/17,,ogc-nice,stade-rennais,0.0,0.0,0.0,0.0,0.0,73.28,89200000,0.0,0.0,0.0,0.0,0.0,73.39,253175000,,,,H
2142,2016/17,,angers-sco,ogc-nice,0.0,0.0,0.0,0.0,0.0,0.0,0,0.0,0.0,0.0,0.0,0.0,73.28,89200000,,,,A
2143,2016/17,,fc-nantes,as-monaco,0.0,0.0,0.0,0.0,0.0,69.58,54600000,0.0,0.0,0.0,0.0,0.0,73.63,257100000,,,,A
2144,2016/17,,paris-saint-germain,fc-metz,0.0,0.0,0.0,0.0,0.0,0.0,0,0.0,0.0,0.0,0.0,0.0,67.29,41450000,,,,H
2145,2016/17,,olympique-de-marseille,fc-lorient,0.0,0.0,0.0,0.0,0.0,73.85,58850000,0.0,0.0,0.0,0.0,0.0,70.23,70850000,,,,H
2146,2016/17,,fc-metz,angers-sco,0.0,0.0,0.0,0.0,0.0,67.29,41450000,0.0,0.0,0.0,0.0,0.0,0.0,0,,,,H
2147,2016/17,,ogc-nice,losc-lille,0.0,0.0,0.0,0.0,0.0,73.28,89200000,0.0,0.0,0.0,0.0,0.0,72.18,86050000,,,,D
2148,2016/17,,as-monaco,paris-saint-germain,0.0,0.0,0.0,0.0,0.0,73.63,257100000,0.0,0.0,0.0,0.0,0.0,0.0,0,,,,H
2149,2016/17,,losc-lille,as-monaco,0.0,0.0,0.0,0.0,0.0,72.18,86050000,0.0,0.0,0.0,0.0,0.0,73.63,257100000,,,,A
2150,2016/17,,fc-nantes,fc-metz,0.0,0.0,0.0,0.0,0.0,69.58,54600000,0.0,0.0,0.0,0.0,0.0,67.29,41450000,,,,A
2151,2016/17,,ogc-nice,olympique-de-marseille,0.0,0.0,0.0,0.0,0.0,73.28,89200000,0.0,0.0,0.0,0.0,0.0,73.85,58850000,,,,H
2152,2016/17,,fc-lorient,losc-lille,0.0,0.0,0.0,0.0,0.0,70.23,70850000,0.0,0.0,0.0,0.0,0.0,72.18,86050000,,,,H
2153,2016/17,,as-monaco,stade-rennais,0.0,0.0,0.0,0.0,0.0,73.63,257100000,0.0,0.0,0.0,0.0,0.0,73.39,253175000,,,,H
2154,2016/17,,olympique-de-marseille,olympique-lyonnais,0.0,0.0,0.0,0.0,0.0,73.85,58850000,0.0,0.0,0.0,0.0,0.0,72.74,89500000,,,,D
2155,2016/17,,losc-lille,toulouse-fc,0.0,0.0,0.0,0.0,0.0,72.18,86050000,0.0,0.0,0.0,0.0,0.0,68.76,60900000,,,,A
2156,2016/17,,ogc-nice,as-monaco,0.0,0.0,0.0,0.0,0.0,73.28,89200000,0.0,0.0,0.0,0.0,0.0,73.63,257100000,,,,H
2157,2016/17,,stade-rennais,olympique-de-marseille,0.0,0.0,0.0,0.0,0.0,73.39,253175000,0.0,0.0,0.0,0.0,0.0,73.85,58850000,,,,H
2158,2016/17,,toulouse-fc,paris-saint-germain,0.0,0.0,0.0,0.0,0.0,68.76,60900000,0.0,0.0,0.0,0.0,0.0,0.0,0,,,,H
2159,2016/17,,fc-lorient,olympique-lyonnais,0.0,0.0,0.0,0.0,0.0,70.23,70850000,0.0,0.0,0.0,0.0,0.0,72.74,89500000,,,,H
2160,2016/17,,as-monaco,angers-sco,0.0,0.0,0.0,0.0,0.0,73.63,257100000,0.0,0.0,0.0,0.0,0.0,0.0,0,,,,H
2161,2016/17,,olympique-de-marseille,fc-nantes,0.0,0.0,0.0,0.0,0.0,73.85,58850000,0.0,0.0,0.0,0.0,0.0,69.58,54600000,,,,H
2162,2016/17,,fc-metz,as-monaco,0.0,0.0,0.0,0.0,0.0,67.29,41450000,0.0,0.0,0.0,0.0,0.0,73.63,257100000,,,,A
2163,2016/17,,angers-sco,olympique-de-marseille,0.0,0.0,0.0,0.0,0.0,0.0,0,0.0,0.0,0.0,0.0,0.0,73.85,58850000,,,,D
2164,2016/17,,ogc-nice,fc-lorient,0.0,0.0,0.0,0.0,0.0,73.28,89200000,0.0,0.0,0.0,0.0,0.0,70.23,70850000,,,,H
2165,2016/17,,ogc-nice,olympique-lyonnais,0.0,0.0,0.0,0.0,0.0,73.28,89200000,0.0,0.0,0.0,0.0,0.0,72.74,89500000,,,,H
2166,2016/17,,toulouse-fc,as-monaco,0.0,0.0,0.0,0.0,0.0,68.76,60900000,0.0,0.0,0.0,0.0,0.0,73.63,257100000,,,,H
2167,2016/17,,fc-lorient,fc-nantes,0.0,0.0,0.0,0.0,0.0,70.23,70850000,0.0,0.0,0.0,0.0,0.0,69.58,54600000,,,,A
2168,2016/17,,olympique-de-marseille,fc-metz,0.0,0.0,0.0,0.0,0.0,73.85,58850000,0.0,0.0,0.0,0.0,0.0,67.29,41450000,,,,H
2169,2016/17,,angers-sco,toulouse-fc,0.0,0.0,0.0,0.0,0.0,0.0,0,0.0,0.0,0.0,0.0,0.0,68.76,60900000,,,,D
2170,2016/17,,fc-nantes,stade-rennais,0.0,0.0,0.0,0.0,0.0,69.58,54600000,0.0,0.0,0.0,0.0,0.0,73.39,253175000,,,,A
2171,2016/17,,fc-metz,ogc-nice,0.0,0.0,0.0,0.0,0.0,67.29,41450000,0.0,0.0,0.0,0.0,0.0,73.28,89200000,,,,A
2172,2016/17,,paris-saint-germain,olympique-de-marseille,0.0,0.0,0.0,0.0,0.0,0.0,0,0.0,0.0,0.0,0.0,0.0,73.85,58850000,,,,D
2173,2016/17,,losc-lille,paris-saint-germain,0.0,0.0,0.0,0.0,0.0,72.18,86050000,0.0,0.0,0.0,0.0,0.0,0.0,0,,,,A
2174,2016/17,,toulouse-fc,olympique-lyonnais,0.0,0.0,0.0,0.0,0.0,68.76,60900000,0.0,0.0,0.0,0.0,0.0,72.74,89500000,,,,A
2175,2016/17,,ogc-nice,fc-nantes,0.0,0.0,0.0,0.0,0.0,73.28,89200000,0.0,0.0,0.0,0.0,0.0,69.58,54600000,,,,H
2176,2016/17,,stade-rennais,fc-metz,0.0,0.0,0.0,0.0,0.0,73.39,253175000,0.0,0.0,0.0,0.0,0.0,67.29,41450000,,,,H
2177,2016/17,,angers-sco,losc-lille,0.0,0.0,0.0,0.0,0.0,0.0,0,0.0,0.0,0.0,0.0,0.0,72.18,86050000,,,,H
2178,2016/17,,fc-nantes,toulouse-fc,0.0,0.0,0.0,0.0,0.0,69.58,54600000,0.0,0.0,0.0,0.0,0.0,68.76,60900000,,,,D
2179,2016/17,,paris-saint-germain,stade-rennais,0.0,0.0,0.0,0.0,0.0,0.0,0,0.0,0.0,0.0,0.0,0.0,73.39,253175000,,,,H
2180,2016/17,,losc-lille,olympique-lyonnais,0.0,0.0,0.0,0.0,0.0,72.18,86050000,0.0,0.0,0.0,0.0,0.0,72.74,89500000,,,,A
2181,2016/17,,fc-lorient,as-monaco,0.0,0.0,0.0,0.0,0.0,70.23,70850000,0.0,0.0,0.0,0.0,0.0,73.63,257100000,,,,A
2182,2016/17,,paris-saint-germain,fc-nantes,0.0,0.0,0.0,0.0,0.0,0.0,0,0.0,0.0,0.0,0.0,0.0,69.58,54600000,,,,H
2183,2016/17,,stade-rennais,angers-sco,0.0,0.0,0.0,0.0,0.0,73.39,253175000,0.0,0.0,0.0,0.0,0.0,0.0,0,,,,D
2184,2016/17,,toulouse-fc,fc-metz,0.0,0.0,0.0,0.0,0.0,68.76,60900000,0.0,0.0,0.0,0.0,0.0,67.29,41450000,,,,A
2185,2016/17,,stade-rennais,toulouse-fc,0.0,0.0,0.0,0.0,0.0,73.39,253175000,0.0,0.0,0.0,0.0,0.0,68.76,60900000,,,,H
2186,2016/17,,fc-metz,fc-lorient,0.0,0.0,0.0,0.0,0.0,67.29,41450000,0.0,0.0,0.0,0.0,0.0,70.23,70850000,,,,D
2187,2016/17,,as-monaco,olympique-de-marseille,0.0,0.0,0.0,0.0,0.0,73.63,257100000,0.0,0.0,0.0,0.0,0.0,73.85,58850000,,,,H
2188,2016/17,,fc-nantes,losc-lille,0.0,0.0,0.0,0.0,0.0,69.58,54600000,0.0,0.0,0.0,0.0,0.0,72.18,86050000,,,,D
2189,2016/17,,olympique-lyonnais,paris-saint-germain,0.0,0.0,0.0,0.0,0.0,72.74,89500000,0.0,0.0,0.0,0.0,0.0,0.0,0,,,,A
2190,2016/17,,fc-lorient,stade-rennais,0.0,0.0,0.0,0.0,0.0,70.23,70850000,0.0,0.0,0.0,0.0,0.0,73.39,253175000,,,,H
2191,2016/17,,fc-nantes,olympique-lyonnais,0.0,0.0,0.0,0.0,0.0,69.58,54600000,0.0,0.0,0.0,0.0,0.0,72.74,89500000,,,,A
2192,2016/17,,paris-saint-germain,angers-sco,0.0,0.0,0.0,0.0,0.0,0.0,0,0.0,0.0,0.0,0.0,0.0,0.0,0,,,,H
2193,2016/17,,angers-sco,fc-lorient,0.0,0.0,0.0,0.0,0.0,0.0,0,0.0,0.0,0.0,0.0,0.0,70.23,70850000,,,,D
2194,2016/17,,ogc-nice,toulouse-fc,0.0,0.0,0.0,0.0,0.0,73.28,89200000,0.0,0.0,0.0,0.0,0.0,68.76,60900000,,,,H
2195,2016/17,,toulouse-fc,fc-lorient,0.0,0.0,0.0,0.0,0.0,68.76,60900000,0.0,0.0,0.0,0.0,0.0,70.23,70850000,,,,H
2196,2016/17,,olympique-lyonnais,stade-rennais,0.0,0.0,0.0,0.0,0.0,72.74,89500000,0.0,0.0,0.0,0.0,0.0,73.39,253175000,,,,H
2197,2016/17,,paris-saint-germain,ogc-nice,0.0,0.0,0.0,0.0,0.0,0.0,0,0.0,0.0,0.0,0.0,0.0,73.28,89200000,,,,D
2198,2016/17,,angers-sco,fc-nantes,0.0,0.0,0.0,0.0,0.0,0.0,0,0.0,0.0,0.0,0.0,0.0,69.58,54600000,,,,A
2199,2016/17,,olympique-de-marseille,losc-lille,0.0,0.0,0.0,0.0,0.0,73.85,58850000,0.0,0.0,0.0,0.0,0.0,72.18,86050000,,,,H
2200,2016/17,,as-monaco,olympique-lyonnais,0.0,0.0,0.0,0.0,0.0,73.63,257100000,0.0,0.0,0.0,0.0,0.0,72.74,89500000,,,,A
2201,2016/17,,losc-lille,stade-rennais,0.0,0.0,0.0,0.0,0.0,72.18,86050000,0.0,0.0,0.0,0.0,0.0,73.39,253175000,,,,D
2202,2016/17,,olympique-lyonnais,angers-sco,0.0,0.0,0.0,0.0,0.0,72.74,89500000,0.0,0.0,0.0,0.0,0.0,0.0,0,,,,H
2203,2016/17,,paris-saint-germain,fc-lorient,0.0,0.0,0.0,0.0,0.0,0.0,0,0.0,0.0,0.0,0.0,0.0,70.23,70850000,,,,H
2204,2016/17,,stade-rennais,paris-saint-germain,0.0,0.0,0.0,0.0,0.0,73.39,253175000,0.0,0.0,0.0,0.0,0.0,0.0,0,,,,A
2205,2016/17,,toulouse-fc,fc-nantes,0.0,0.0,0.0,0.0,0.0,68.76,60900000,0.0,0.0,0.0,0.0,0.0,69.58,54600000,,,,A
2206,2016/17,,olympique-de-marseille,as-monaco,0.0,0.0,0.0,0.0,0.0,73.85,58850000,0.0,0.0,0.0,0.0,0.0,73.63,257100000,,,,A
2207,2016/17,,ogc-nice,fc-metz,0.0,0.0,0.0,0.0,0.0,73.28,89200000,0.0,0.0,0.0,0.0,0.0,67.29,41450000,,,,D
2208,2016/17,,fc-nantes,paris-saint-germain,0.0,0.0,0.0,0.0,0.0,69.58,54600000,0.0,0.0,0.0,0.0,0.0,0.0,0,,,,A
2209,2016/17,,olympique-lyonnais,olympique-de-marseille,0.0,0.0,0.0,0.0,0.0,72.74,89500000,0.0,0.0,0.0,0.0,0.0,73.85,58850000,,,,H
2210,2016/17,,as-monaco,fc-lorient,0.0,0.0,0.0,0.0,0.0,73.63,257100000,0.0,0.0,0.0,0.0,0.0,70.23,70850000,,,,H
2211,2016/17,,angers-sco,fc-metz,0.0,0.0,0.0,0.0,0.0,0.0,0,0.0,0.0,0.0,0.0,0.0,67.29,41450000,,,,H
2212,2016/17,,olympique-lyonnais,losc-lille,0.0,0.0,0.0,0.0,0.0,72.74,89500000,0.0,0.0,0.0,0.0,0.0,72.18,86050000,,,,A
2213,2016/17,,stade-rennais,fc-nantes,0.0,0.0,0.0,0.0,0.0,73.39,253175000,0.0,0.0,0.0,0.0,0.0,69.58,54600000,,,,D
2214,2016/17,,paris-saint-germain,as-monaco,0.0,0.0,0.0,0.0,0.0,0.0,0,0.0,0.0,0.0,0.0,0.0,73.63,257100000,,,,D
2215,2016/17,,fc-metz,olympique-de-marseille,0.0,0.0,0.0,0.0,0.0,67.29,41450000,0.0,0.0,0.0,0.0,0.0,73.85,58850000,,,,H
2216,2016/17,,losc-lille,fc-lorient,0.0,0.0,0.0,0.0,0.0,72.18,86050000,0.0,0.0,0.0,0.0,0.0,70.23,70850000,,,,A
2217,2016/17,,as-monaco,ogc-nice,0.0,0.0,0.0,0.0,0.0,73.63,257100000,0.0,0.0,0.0,0.0,0.0,73.28,89200000,,,,H
2218,2016/17,,toulouse-fc,angers-sco,0.0,0.0,0.0,0.0,0.0,68.76,60900000,0.0,0.0,0.0,0.0,0.0,0.0,0,,,,H
2219,2016/17,,paris-saint-germain,losc-lille,0.0,0.0,0.0,0.0,0.0,0.0,0,0.0,0.0,0.0,0.0,0.0,72.18,86050000,,,,H
2220,2016/17,,angers-sco,stade-rennais,0.0,0.0,0.0,0.0,0.0,0.0,0,0.0,0.0,0.0,0.0,0.0,73.39,253175000,,,,D
2221,2016/17,,fc-lorient,toulouse-fc,0.0,0.0,0.0,0.0,0.0,70.23,70850000,0.0,0.0,0.0,0.0,0.0,68.76,60900000,,,,D
2222,2016/17,,losc-lille,angers-sco,0.0,0.0,0.0,0.0,0.0,72.18,86050000,0.0,0.0,0.0,0.0,0.0,0.0,0,,,,A
2223,2016/17,,as-monaco,fc-metz,0.0,0.0,0.0,0.0,0.0,73.63,257100000,0.0,0.0,0.0,0.0,0.0,67.29,41450000,,,,H
2224,2016/17,,fc-nantes,olympique-de-marseille,0.0,0.0,0.0,0.0,0.0,69.58,54600000,0.0,0.0,0.0,0.0,0.0,73.85,58850000,,,,H
2225,2016/17,,stade-rennais,ogc-nice,0.0,0.0,0.0,0.0,0.0,73.39,253175000,0.0,0.0,0.0,0.0,0.0,73.28,89200000,,,,D
2226,2016/17,,fc-lorient,ogc-nice,0.0,0.0,0.0,0.0,0.0,70.23,70850000,0.0,0.0,0.0,0.0,0.0,73.28,89200000,,,,A
2227,2016/17,,olympique-de-marseille,stade-rennais,0.0,0.0,0.0,0.0,0.0,73.85,58850000,0.0,0.0,0.0,0.0,0.0,73.39,253175000,,,,H
2228,2016/17,,fc-metz,fc-nantes,0.0,0.0,0.0,0.0,0.0,67.29,41450000,0.0,0.0,0.0,0.0,0.0,69.58,54600000,,,,D
2229,2016/17,,paris-saint-germain,toulouse-fc,0.0,0.0,0.0,0.0,0.0,0.0,0,0.0,0.0,0.0,0.0,0.0,68.76,60900000,,,,D
2230,2016/17,,stade-rennais,fc-lorient,0.0,0.0,0.0,0.0,0.0,73.39,253175000,0.0,0.0,0.0,0.0,0.0,70.23,70850000,,,,H
2231,2016/17,,olympique-lyonnais,fc-metz,0.0,0.0,0.0,0.0,0.0,72.74,89500000,0.0,0.0,0.0,0.0,0.0,67.29,41450000,,,,H
2232,2016/17,,olympique-de-marseille,paris-saint-germain,0.0,0.0,0.0,0.0,0.0,73.85,58850000,0.0,0.0,0.0,0.0,0.0,0.0,0,,,,A
2233,2016/17,,fc-metz,stade-rennais,0.0,0.0,0.0,0.0,0.0,67.29,41450000,0.0,0.0,0.0,0.0,0.0,73.39,253175000,,,,D
2234,2016/17,,fc-lorient,olympique-de-marseille,0.0,0.0,0.0,0.0,0.0,70.23,70850000,0.0,0.0,0.0,0.0,0.0,73.85,58850000,,,,A
2235,2016/17,,as-monaco,fc-nantes,0.0,0.0,0.0,0.0,0.0,73.63,257100000,0.0,0.0,0.0,0.0,0.0,69.58,54600000,,,,H
2236,2016/17,,toulouse-fc,losc-lille,0.0,0.0,0.0,0.0,0.0,68.76,60900000,0.0,0.0,0.0,0.0,0.0,72.18,86050000,,,,D
2237,2016/17,,olympique-de-marseille,angers-sco,0.0,0.0,0.0,0.0,0.0,73.85,58850000,0.0,0.0,0.0,0.0,0.0,0.0,0,,,,H
2238,2016/17,,fc-lorient,paris-saint-germain,0.0,0.0,0.0,0.0,0.0,70.23,70850000,0.0,0.0,0.0,0.0,0.0,0.0,0,,,,A
2239,2016/17,,olympique-lyonnais,toulouse-fc,0.0,0.0,0.0,0.0,0.0,72.74,89500000,0.0,0.0,0.0,0.0,0.0,68.76,60900000,,,,H
2240,2016/17,,losc-lille,olympique-de-marseille,0.0,0.0,0.0,0.0,0.0,72.18,86050000,0.0,0.0,0.0,0.0,0.0,73.85,58850000,,,,D
2241,2016/17,,fc-nantes,ogc-nice,0.0,0.0,0.0,0.0,0.0,69.58,54600000,0.0,0.0,0.0,0.0,0.0,73.28,89200000,,,,D
2242,2016/17,,toulouse-fc,stade-rennais,0.0,0.0,0.0,0.0,0.0,68.76,60900000,0.0,0.0,0.0,0.0,0.0,73.39,253175000,,,,D
2243,2016/17,,paris-saint-germain,olympique-lyonnais,0.0,0.0,0.0,0.0,0.0,0.0,0,0.0,0.0,0.0,0.0,0.0,72.74,89500000,,,,H
2244,2016/17,,fc-nantes,angers-sco,0.0,0.0,0.0,0.0,0.0,69.58,54600000,0.0,0.0,0.0,0.0,0.0,0.0,0,,,,H
2245,2016/17,,stade-rennais,olympique-lyonnais,0.0,0.0,0.0,0.0,0.0,73.39,253175000,0.0,0.0,0.0,0.0,0.0,72.74,89500000,,,,D
2246,2016/17,,fc-metz,olympique-lyonnais,0.0,0.0,0.0,0.0,0.0,67.29,41450000,0.0,0.0,0.0,0.0,0.0,72.74,89500000,,,,A
2247,2016/17,,losc-lille,ogc-nice,0.0,0.0,0.0,0.0,0.0,72.18,86050000,0.0,0.0,0.0,0.0,0.0,73.28,89200000,,,,A
2248,2016/17,,angers-sco,as-monaco,0.0,0.0,0.0,0.0,0.0,0.0,0,0.0,0.0,0.0,0.0,0.0,73.63,257100000,,,,A
2249,2016/17,,olympique-lyonnais,fc-lorient,0.0,0.0,0.0,0.0,0.0,72.74,89500000,0.0,0.0,0.0,0.0,0.0,70.23,70850000,,,,A
2250,2016/17,,toulouse-fc,olympique-de-marseille,0.0,0.0,0.0,0.0,0.0,68.76,60900000,0.0,0.0,0.0,0.0,0.0,73.85,58850000,,,,D
2251,2016/17,,angers-sco,paris-saint-germain,0.0,0.0,0.0,0.0,0.0,0.0,0,0.0,0.0,0.0,0.0,0.0,0.0,0,,,,A
2252,2016/17,,stade-rennais,losc-lille,0.0,0.0,0.0,0.0,0.0,73.39,253175000,0.0,0.0,0.0,0.0,0.0,72.18,86050000,,,,H
2253,2016/17,,fc-metz,paris-saint-germain,0.0,0.0,0.0,0.0,0.0,67.29,41450000,0.0,0.0,0.0,0.0,0.0,0.0,0,,,,A
2254,2016/17,,fc-lorient,fc-metz,0.0,0.0,0.0,0.0,0.0,70.23,70850000,0.0,0.0,0.0,0.0,0.0,67.29,41450000,,,,H
2255,2016/17,,olympique-lyonnais,as-monaco,0.0,0.0,0.0,0.0,0.0,72.74,89500000,0.0,0.0,0.0,0.0,0.0,73.63,257100000,,,,A
2256,2016/17,,toulouse-fc,ogc-nice,0.0,0.0,0.0,0.0,0.0,68.76,60900000,0.0,0.0,0.0,0.0,0.0,73.28,89200000,,,,D
2257,2016/17,,angers-sco,olympique-lyonnais,0.0,0.0,0.0,0.0,0.0,0.0,0,0.0,0.0,0.0,0.0,0.0,72.74,89500000,,,,A
2258,2016/17,,as-monaco,toulouse-fc,0.0,0.0,0.0,0.0,0.0,73.63,257100000,0.0,0.0,0.0,0.0,0.0,68.76,60900000,,,,H
2259,2016/17,,fc-nantes,fc-lorient,0.0,0.0,0.0,0.0,0.0,69.58,54600000,0.0,0.0,0.0,0.0,0.0,70.23,70850000,,,,H
2260,2016/17,,ogc-nice,paris-saint-germain,0.0,0.0,0.0,0.0,0.0,73.28,89200000,0.0,0.0,0.0,0.0,0.0,0.0,0,,,,H
2261,2016/17,,losc-lille,fc-metz,0.0,0.0,0.0,0.0,0.0,72.18,86050000,0.0,0.0,0.0,0.0,0.0,67.29,41450000,,,,A
2262,2016/17,,fc-lorient,angers-sco,0.0,0.0,0.0,0.0,0.0,70.23,70850000,0.0,0.0,0.0,0.0,0.0,0.0,0,,,,D
2263,2016/17,,olympique-lyonnais,fc-nantes,0.0,0.0,0.0,0.0,0.0,72.74,89500000,0.0,0.0,0.0,0.0,0.0,69.58,54600000,,,,H
2264,2016/17,,olympique-de-marseille,ogc-nice,0.0,0.0,0.0,0.0,0.0,73.85,58850000,0.0,0.0,0.0,0.0,0.0,73.28,89200000,,,,H
2265,2016/17,,fc-metz,toulouse-fc,0.0,0.0,0.0,0.0,0.0,67.29,41450000,0.0,0.0,0.0,0.0,0.0,68.76,60900000,,,,D
2266,2016/17,,as-monaco,losc-lille,0.0,0.0,0.0,0.0,0.0,73.63,257100000,0.0,0.0,0.0,0.0,0.0,72.18,86050000,,,,H
2267,2016/17,,ogc-nice,angers-sco,0.0,0.0,0.0,0.0,0.0,73.28,89200000,0.0,0.0,0.0,0.0,0.0,0.0,0,,,,A
2268,2016/17,,losc-lille,fc-nantes,0.0,0.0,0.0,0.0,0.0,72.18,86050000,0.0,0.0,0.0,0.0,0.0,69.58,54600000,,,,H
2269,2016/17,,olympique-lyonnais,ogc-nice,0.0,0.0,0.0,0.0,0.0,72.74,89500000,0.0,0.0,0.0,0.0,0.0,73.28,89200000,,,,D
2270,2016/17,,stade-rennais,as-monaco,0.0,0.0,0.0,0.0,0.0,73.39,253175000,0.0,0.0,0.0,0.0,0.0,73.63,257100000,,,,A
2271,2017/18,,as-monaco,toulouse-fc,0.0,0.0,0.0,0.0,0.0,73.63,257100000,0.0,0.0,0.0,0.0,0.0,68.76,60900000,,,,H
2272,2017/18,,olympique-lyonnais,rc-strasbourg,0.0,0.0,0.0,0.0,0.0,72.74,89500000,0.0,0.0,0.0,0.0,0.0,69.0,72100000,,,,H
2273,2017/18,,losc-lille,fc-nantes,0.0,0.0,0.0,0.0,0.0,72.18,86050000,0.0,0.0,0.0,0.0,0.0,69.58,54600000,,,,H
2274,2017/18,,stade-rennais,olympique-lyonnais,0.0,0.0,0.0,0.0,0.0,73.39,253175000,0.0,0.0,0.0,0.0,0.0,72.74,89500000,,,,A
2275,2017/18,,fc-nantes,olympique-de-marseille,0.0,0.0,0.0,0.0,0.0,69.58,54600000,0.0,0.0,0.0,0.0,0.0,73.85,58850000,,,,A
2276,2017/18,,rc-strasbourg,losc-lille,0.0,0.0,0.0,0.0,0.0,69.0,72100000,0.0,0.0,0.0,0.0,0.0,72.18,86050000,,,,H
2277,2017/18,,fc-metz,as-monaco,0.0,0.0,0.0,0.0,0.0,67.29,41450000,0.0,0.0,0.0,0.0,0.0,73.63,257100000,,,,A
2278,2017/18,,olympique-de-marseille,angers-sco,0.0,0.0,0.0,0.0,0.0,73.85,58850000,0.0,0.0,0.0,0.0,0.0,0.0,0,,,,D
2279,2017/18,,paris-saint-germain,toulouse-fc,0.0,0.0,0.0,0.0,0.0,0.0,0,0.0,0.0,0.0,0.0,0.0,68.76,60900000,,,,H
2280,2017/18,,fc-nantes,olympique-lyonnais,0.0,0.0,0.0,0.0,0.0,69.58,54600000,0.0,0.0,0.0,0.0,0.0,72.74,89500000,,,,D
2281,2017/18,,toulouse-fc,stade-rennais,0.0,0.0,0.0,0.0,0.0,68.76,60900000,0.0,0.0,0.0,0.0,0.0,73.39,253175000,,,,H
2282,2017/18,,angers-sco,losc-lille,0.0,0.0,0.0,0.0,0.0,0.0,0,0.0,0.0,0.0,0.0,0.0,72.18,86050000,,,,D
2283,2017/18,,as-monaco,olympique-de-marseille,0.0,0.0,0.0,0.0,0.0,73.63,257100000,0.0,0.0,0.0,0.0,0.0,73.85,58850000,,,,H
2284,2017/18,,fc-metz,paris-saint-germain,0.0,0.0,0.0,0.0,0.0,67.29,41450000,0.0,0.0,0.0,0.0,0.0,0.0,0,,,,A
2285,2017/18,,ogc-nice,as-monaco,0.0,0.0,0.0,0.0,0.0,73.28,89200000,0.0,0.0,0.0,0.0,0.0,73.63,257100000,,,,H
2286,2017/18,,olympique-de-marseille,stade-rennais,0.0,0.0,0.0,0.0,0.0,73.85,58850000,0.0,0.0,0.0,0.0,0.0,73.39,253175000,,,,A
2287,2017/18,,as-monaco,rc-strasbourg,0.0,0.0,0.0,0.0,0.0,73.63,257100000,0.0,0.0,0.0,0.0,0.0,69.0,72100000,,,,H
2288,2017/18,,angers-sco,fc-metz,0.0,0.0,0.0,0.0,0.0,0.0,0,0.0,0.0,0.0,0.0,0.0,67.29,41450000,,,,A
2289,2017/18,,paris-saint-germain,olympique-lyonnais,0.0,0.0,0.0,0.0,0.0,0.0,0,0.0,0.0,0.0,0.0,0.0,72.74,89500000,,,,H
2290,2017/18,,stade-rennais,ogc-nice,0.0,0.0,0.0,0.0,0.0,73.39,253175000,0.0,0.0,0.0,0.0,0.0,73.28,89200000,,,,A
2291,2017/18,,losc-lille,as-monaco,0.0,0.0,0.0,0.0,0.0,72.18,86050000,0.0,0.0,0.0,0.0,0.0,73.63,257100000,,,,A
2292,2017/18,,ogc-nice,angers-sco,0.0,0.0,0.0,0.0,0.0,73.28,89200000,0.0,0.0,0.0,0.0,0.0,0.0,0,,,,D
2293,2017/18,,olympique-de-marseille,toulouse-fc,0.0,0.0,0.0,0.0,0.0,73.85,58850000,0.0,0.0,0.0,0.0,0.0,68.76,60900000,,,,H
2294,2017/18,,rc-strasbourg,fc-nantes,0.0,0.0,0.0,0.0,0.0,69.0,72100000,0.0,0.0,0.0,0.0,0.0,69.58,54600000,,,,A
2295,2017/18,,fc-nantes,fc-metz,0.0,0.0,0.0,0.0,0.0,69.58,54600000,0.0,0.0,0.0,0.0,0.0,67.29,41450000,,,,H
2296,2017/18,,angers-sco,olympique-lyonnais,0.0,0.0,0.0,0.0,0.0,0.0,0,0.0,0.0,0.0,0.0,0.0,72.74,89500000,,,,D
2297,2017/18,,ogc-nice,olympique-de-marseille,0.0,0.0,0.0,0.0,0.0,73.28,89200000,0.0,0.0,0.0,0.0,0.0,73.85,58850000,,,,A
2298,2017/18,,olympique-lyonnais,as-monaco,0.0,0.0,0.0,0.0,0.0,72.74,89500000,0.0,0.0,0.0,0.0,0.0,73.63,257100000,,,,H
2299,2017/18,,rc-strasbourg,olympique-de-marseille,0.0,0.0,0.0,0.0,0.0,69.0,72100000,0.0,0.0,0.0,0.0,0.0,73.85,58850000,,,,D
2300,2017/18,,angers-sco,toulouse-fc,0.0,0.0,0.0,0.0,0.0,0.0,0,0.0,0.0,0.0,0.0,0.0,68.76,60900000,,,,A
2301,2017/18,,stade-rennais,losc-lille,0.0,0.0,0.0,0.0,0.0,73.39,253175000,0.0,0.0,0.0,0.0,0.0,72.18,86050000,,,,H
2302,2017/18,,olympique-de-marseille,paris-saint-germain,0.0,0.0,0.0,0.0,0.0,73.85,58850000,0.0,0.0,0.0,0.0,0.0,0.0,0,,,,D
2303,2017/18,,ogc-nice,rc-strasbourg,0.0,0.0,0.0,0.0,0.0,73.28,89200000,0.0,0.0,0.0,0.0,0.0,69.0,72100000,,,,A
2304,2017/18,,paris-saint-germain,ogc-nice,0.0,0.0,0.0,0.0,0.0,0.0,0,0.0,0.0,0.0,0.0,0.0,73.28,89200000,,,,H
2305,2017/18,,rc-strasbourg,angers-sco,0.0,0.0,0.0,0.0,0.0,69.0,72100000,0.0,0.0,0.0,0.0,0.0,0.0,0,,,,D
2306,2017/18,,losc-lille,olympique-de-marseille,0.0,0.0,0.0,0.0,0.0,72.18,86050000,0.0,0.0,0.0,0.0,0.0,73.85,58850000,,,,A
2307,2017/18,,olympique-lyonnais,fc-metz,0.0,0.0,0.0,0.0,0.0,72.74,89500000,0.0,0.0,0.0,0.0,0.0,67.29,41450000,,,,H
2308,2017/18,,angers-sco,paris-saint-germain,0.0,0.0,0.0,0.0,0.0,0.0,0,0.0,0.0,0.0,0.0,0.0,0.0,0,,,,A
2309,2017/18,,fc-nantes,toulouse-fc,0.0,0.0,0.0,0.0,0.0,69.58,54600000,0.0,0.0,0.0,0.0,0.0,68.76,60900000,,,,H
2310,2017/18,,fc-metz,losc-lille,0.0,0.0,0.0,0.0,0.0,67.29,41450000,0.0,0.0,0.0,0.0,0.0,72.18,86050000,,,,A
2311,2017/18,,paris-saint-germain,fc-nantes,0.0,0.0,0.0,0.0,0.0,0.0,0,0.0,0.0,0.0,0.0,0.0,69.58,54600000,,,,H
2312,2017/18,,rc-strasbourg,stade-rennais,0.0,0.0,0.0,0.0,0.0,69.0,72100000,0.0,0.0,0.0,0.0,0.0,73.39,253175000,,,,H
2313,2017/18,,toulouse-fc,fc-metz,0.0,0.0,0.0,0.0,0.0,68.76,60900000,0.0,0.0,0.0,0.0,0.0,67.29,41450000,,,,D
2314,2017/18,,stade-rennais,fc-nantes,0.0,0.0,0.0,0.0,0.0,73.39,253175000,0.0,0.0,0.0,0.0,0.0,69.58,54600000,,,,H
2315,2017/18,,as-monaco,paris-saint-germain,0.0,0.0,0.0,0.0,0.0,73.63,257100000,0.0,0.0,0.0,0.0,0.0,0.0,0,,,,A
2316,2017/18,,ogc-nice,olympique-lyonnais,0.0,0.0,0.0,0.0,0.0,73.28,89200000,0.0,0.0,0.0,0.0,0.0,72.74,89500000,,,,A
2317,2017/18,,angers-sco,stade-rennais,0.0,0.0,0.0,0.0,0.0,0.0,0,0.0,0.0,0.0,0.0,0.0,73.39,253175000,,,,A
2318,2017/18,,olympique-lyonnais,losc-lille,0.0,0.0,0.0,0.0,0.0,72.74,89500000,0.0,0.0,0.0,0.0,0.0,72.18,86050000,,,,A
2319,2017/18,,fc-metz,olympique-de-marseille,0.0,0.0,0.0,0.0,0.0,67.29,41450000,0.0,0.0,0.0,0.0,0.0,73.85,58850000,,,,A
2320,2017/18,,fc-nantes,as-monaco,0.0,0.0,0.0,0.0,0.0,69.58,54600000,0.0,0.0,0.0,0.0,0.0,73.63,257100000,,,,H
2321,2017/18,,toulouse-fc,ogc-nice,0.0,0.0,0.0,0.0,0.0,68.76,60900000,0.0,0.0,0.0,0.0,0.0,73.28,89200000,,,,A
2322,2017/18,,losc-lille,toulouse-fc,0.0,0.0,0.0,0.0,0.0,72.18,86050000,0.0,0.0,0.0,0.0,0.0,68.76,60900000,,,,H
2323,2017/18,,as-monaco,angers-sco,0.0,0.0,0.0,0.0,0.0,73.63,257100000,0.0,0.0,0.0,0.0,0.0,0.0,0,,,,H
2324,2017/18,,ogc-nice,fc-metz,0.0,0.0,0.0,0.0,0.0,73.28,89200000,0.0,0.0,0.0,0.0,0.0,67.29,41450000,,,,H
2325,2017/18,,rc-strasbourg,paris-saint-germain,0.0,0.0,0.0,0.0,0.0,69.0,72100000,0.0,0.0,0.0,0.0,0.0,0.0,0,,,,H
2326,2017/18,,fc-metz,stade-rennais,0.0,0.0,0.0,0.0,0.0,67.29,41450000,0.0,0.0,0.0,0.0,0.0,73.39,253175000,,,,D
2327,2017/18,,paris-saint-germain,losc-lille,0.0,0.0,0.0,0.0,0.0,0.0,0,0.0,0.0,0.0,0.0,0.0,72.18,86050000,,,,H
2328,2017/18,,fc-nantes,ogc-nice,0.0,0.0,0.0,0.0,0.0,69.58,54600000,0.0,0.0,0.0,0.0,0.0,73.28,89200000,,,,A
2329,2017/18,,stade-rennais,paris-saint-germain,0.0,0.0,0.0,0.0,0.0,73.39,253175000,0.0,0.0,0.0,0.0,0.0,0.0,0,,,,A
2330,2017/18,,rc-strasbourg,toulouse-fc,0.0,0.0,0.0,0.0,0.0,69.0,72100000,0.0,0.0,0.0,0.0,0.0,68.76,60900000,,,,H
2331,2017/18,,olympique-lyonnais,olympique-de-marseille,0.0,0.0,0.0,0.0,0.0,72.74,89500000,0.0,0.0,0.0,0.0,0.0,73.85,58850000,,,,H
2332,2017/18,,fc-nantes,angers-sco,0.0,0.0,0.0,0.0,0.0,69.58,54600000,0.0,0.0,0.0,0.0,0.0,0.0,0,,,,H
2333,2017/18,,losc-lille,ogc-nice,0.0,0.0,0.0,0.0,0.0,72.18,86050000,0.0,0.0,0.0,0.0,0.0,73.28,89200000,,,,D
2334,2017/18,,fc-metz,rc-strasbourg,0.0,0.0,0.0,0.0,0.0,67.29,41450000,0.0,0.0,0.0,0.0,0.0,69.0,72100000,,,,H
2335,2017/18,,as-monaco,stade-rennais,0.0,0.0,0.0,0.0,0.0,73.63,257100000,0.0,0.0,0.0,0.0,0.0,73.39,253175000,,,,H
2336,2017/18,,toulouse-fc,olympique-lyonnais,0.0,0.0,0.0,0.0,0.0,68.76,60900000,0.0,0.0,0.0,0.0,0.0,72.74,89500000,,,,A
2337,2017/18,,stade-rennais,olympique-de-marseille,0.0,0.0,0.0,0.0,0.0,73.39,253175000,0.0,0.0,0.0,0.0,0.0,73.85,58850000,,,,A
2338,2017/18,,olympique-lyonnais,angers-sco,0.0,0.0,0.0,0.0,0.0,72.74,89500000,0.0,0.0,0.0,0.0,0.0,0.0,0,,,,D
2339,2017/18,,fc-nantes,paris-saint-germain,0.0,0.0,0.0,0.0,0.0,69.58,54600000,0.0,0.0,0.0,0.0,0.0,0.0,0,,,,A
2340,2017/18,,olympique-de-marseille,rc-strasbourg,0.0,0.0,0.0,0.0,0.0,73.85,58850000,0.0,0.0,0.0,0.0,0.0,69.0,72100000,,,,H
2341,2017/18,,as-monaco,ogc-nice,0.0,0.0,0.0,0.0,0.0,73.63,257100000,0.0,0.0,0.0,0.0,0.0,73.28,89200000,,,,D
2342,2017/18,,losc-lille,stade-rennais,0.0,0.0,0.0,0.0,0.0,72.18,86050000,0.0,0.0,0.0,0.0,0.0,73.39,253175000,,,,A
2343,2017/18,,toulouse-fc,fc-nantes,0.0,0.0,0.0,0.0,0.0,68.76,60900000,0.0,0.0,0.0,0.0,0.0,69.58,54600000,,,,D
2344,2017/18,,stade-rennais,angers-sco,0.0,0.0,0.0,0.0,0.0,73.39,253175000,0.0,0.0,0.0,0.0,0.0,0.0,0,,,,H
2345,2017/18,,olympique-lyonnais,paris-saint-germain,0.0,0.0,0.0,0.0,0.0,72.74,89500000,0.0,0.0,0.0,0.0,0.0,0.0,0,,,,H
2346,2017/18,,as-monaco,fc-metz,0.0,0.0,0.0,0.0,0.0,73.63,257100000,0.0,0.0,0.0,0.0,0.0,67.29,41450000,,,,H
2347,2017/18,,fc-metz,ogc-nice,0.0,0.0,0.0,0.0,0.0,67.29,41450000,0.0,0.0,0.0,0.0,0.0,73.28,89200000,,,,H
2348,2017/18,,losc-lille,rc-strasbourg,0.0,0.0,0.0,0.0,0.0,72.18,86050000,0.0,0.0,0.0,0.0,0.0,69.0,72100000,,,,H
2349,2017/18,,olympique-de-marseille,as-monaco,0.0,0.0,0.0,0.0,0.0,73.85,58850000,0.0,0.0,0.0,0.0,0.0,73.63,257100000,,,,D
2350,2017/18,,olympique-de-marseille,fc-metz,0.0,0.0,0.0,0.0,0.0,73.85,58850000,0.0,0.0,0.0,0.0,0.0,67.29,41450000,,,,H
2351,2017/18,,losc-lille,paris-saint-germain,0.0,0.0,0.0,0.0,0.0,72.18,86050000,0.0,0.0,0.0,0.0,0.0,0.0,0,,,,A
2352,2017/18,,ogc-nice,toulouse-fc,0.0,0.0,0.0,0.0,0.0,73.28,89200000,0.0,0.0,0.0,0.0,0.0,68.76,60900000,,,,A
2353,2017/18,,as-monaco,olympique-lyonnais,0.0,0.0,0.0,0.0,0.0,73.63,257100000,0.0,0.0,0.0,0.0,0.0,72.74,89500000,,,,H
2354,2017/18,,angers-sco,as-monaco,0.0,0.0,0.0,0.0,0.0,0.0,0,0.0,0.0,0.0,0.0,0.0,73.63,257100000,,,,A
2355,2017/18,,toulouse-fc,paris-saint-germain,0.0,0.0,0.0,0.0,0.0,68.76,60900000,0.0,0.0,0.0,0.0,0.0,0.0,0,,,,A
2356,2017/18,,olympique-lyonnais,stade-rennais,0.0,0.0,0.0,0.0,0.0,72.74,89500000,0.0,0.0,0.0,0.0,0.0,73.39,253175000,,,,A
2357,2017/18,,fc-nantes,losc-lille,0.0,0.0,0.0,0.0,0.0,69.58,54600000,0.0,0.0,0.0,0.0,0.0,72.18,86050000,,,,D
2358,2017/18,,paris-saint-germain,rc-strasbourg,0.0,0.0,0.0,0.0,0.0,0.0,0,0.0,0.0,0.0,0.0,0.0,69.0,72100000,,,,H
2359,2017/18,,losc-lille,olympique-lyonnais,0.0,0.0,0.0,0.0,0.0,72.18,86050000,0.0,0.0,0.0,0.0,0.0,72.74,89500000,,,,D
2360,2017/18,,ogc-nice,fc-nantes,0.0,0.0,0.0,0.0,0.0,73.28,89200000,0.0,0.0,0.0,0.0,0.0,69.58,54600000,,,,D
2361,2017/18,,losc-lille,angers-sco,0.0,0.0,0.0,0.0,0.0,72.18,86050000,0.0,0.0,0.0,0.0,0.0,0.0,0,,,,A
2362,2017/18,,toulouse-fc,as-monaco,0.0,0.0,0.0,0.0,0.0,68.76,60900000,0.0,0.0,0.0,0.0,0.0,73.63,257100000,,,,D
2363,2017/18,,paris-saint-germain,olympique-de-marseille,0.0,0.0,0.0,0.0,0.0,0.0,0,0.0,0.0,0.0,0.0,0.0,73.85,58850000,,,,H
2364,2017/18,,ogc-nice,losc-lille,0.0,0.0,0.0,0.0,0.0,73.28,89200000,0.0,0.0,0.0,0.0,0.0,72.18,86050000,,,,H
2365,2017/18,,fc-metz,toulouse-fc,0.0,0.0,0.0,0.0,0.0,67.29,41450000,0.0,0.0,0.0,0.0,0.0,68.76,60900000,,,,D
2366,2017/18,,olympique-de-marseille,fc-nantes,0.0,0.0,0.0,0.0,0.0,73.85,58850000,0.0,0.0,0.0,0.0,0.0,69.58,54600000,,,,D
2367,2017/18,,rc-strasbourg,as-monaco,0.0,0.0,0.0,0.0,0.0,69.0,72100000,0.0,0.0,0.0,0.0,0.0,73.63,257100000,,,,A
2368,2017/18,,paris-saint-germain,fc-metz,0.0,0.0,0.0,0.0,0.0,0.0,0,0.0,0.0,0.0,0.0,0.0,67.29,41450000,,,,H
2369,2017/18,,toulouse-fc,olympique-de-marseille,0.0,0.0,0.0,0.0,0.0,68.76,60900000,0.0,0.0,0.0,0.0,0.0,73.85,58850000,,,,A
2370,2017/18,,paris-saint-germain,angers-sco,0.0,0.0,0.0,0.0,0.0,0.0,0,0.0,0.0,0.0,0.0,0.0,0.0,0,,,,H
2371,2017/18,,as-monaco,losc-lille,0.0,0.0,0.0,0.0,0.0,73.63,257100000,0.0,0.0,0.0,0.0,0.0,72.18,86050000,,,,H
2372,2017/18,,toulouse-fc,rc-strasbourg,0.0,0.0,0.0,0.0,0.0,68.76,60900000,0.0,0.0,0.0,0.0,0.0,69.0,72100000,,,,D
2373,2017/18,,olympique-de-marseille,olympique-lyonnais,0.0,0.0,0.0,0.0,0.0,73.85,58850000,0.0,0.0,0.0,0.0,0.0,72.74,89500000,,,,A
2374,2017/18,,fc-metz,fc-nantes,0.0,0.0,0.0,0.0,0.0,67.29,41450000,0.0,0.0,0.0,0.0,0.0,69.58,54600000,,,,D
2375,2017/18,,ogc-nice,paris-saint-germain,0.0,0.0,0.0,0.0,0.0,73.28,89200000,0.0,0.0,0.0,0.0,0.0,0.0,0,,,,A
2376,2017/18,,olympique-lyonnais,toulouse-fc,0.0,0.0,0.0,0.0,0.0,72.74,89500000,0.0,0.0,0.0,0.0,0.0,68.76,60900000,,,,H
2377,2017/18,,rc-strasbourg,fc-metz,0.0,0.0,0.0,0.0,0.0,69.0,72100000,0.0,0.0,0.0,0.0,0.0,67.29,41450000,,,,D
2378,2017/18,,stade-rennais,as-monaco,0.0,0.0,0.0,0.0,0.0,73.39,253175000,0.0,0.0,0.0,0.0,0.0,73.63,257100000,,,,D
2379,2017/18,,angers-sco,rc-strasbourg,0.0,0.0,0.0,0.0,0.0,0.0,0,0.0,0.0,0.0,0.0,0.0,69.0,72100000,,,,D
2380,2017/18,,as-monaco,fc-nantes,0.0,0.0,0.0,0.0,0.0,73.63,257100000,0.0,0.0,0.0,0.0,0.0,69.58,54600000,,,,H
2381,2017/18,,fc-metz,olympique-lyonnais,0.0,0.0,0.0,0.0,0.0,67.29,41450000,0.0,0.0,0.0,0.0,0.0,72.74,89500000,,,,A
2382,2017/18,,ogc-nice,stade-rennais,0.0,0.0,0.0,0.0,0.0,73.28,89200000,0.0,0.0,0.0,0.0,0.0,73.39,253175000,,,,D
2383,2017/18,,angers-sco,ogc-nice,0.0,0.0,0.0,0.0,0.0,0.0,0,0.0,0.0,0.0,0.0,0.0,73.28,89200000,,,,D
2384,2017/18,,stade-rennais,fc-metz,0.0,0.0,0.0,0.0,0.0,73.39,253175000,0.0,0.0,0.0,0.0,0.0,67.29,41450000,,,,A
2385,2017/18,,paris-saint-germain,as-monaco,0.0,0.0,0.0,0.0,0.0,0.0,0,0.0,0.0,0.0,0.0,0.0,73.63,257100000,,,,H
2386,2017/18,,fc-nantes,stade-rennais,0.0,0.0,0.0,0.0,0.0,69.58,54600000,0.0,0.0,0.0,0.0,0.0,73.39,253175000,,,,D
2387,2017/18,,olympique-de-marseille,losc-lille,0.0,0.0,0.0,0.0,0.0,73.85,58850000,0.0,0.0,0.0,0.0,0.0,72.18,86050000,,,,H
2388,2017/18,,toulouse-fc,angers-sco,0.0,0.0,0.0,0.0,0.0,68.76,60900000,0.0,0.0,0.0,0.0,0.0,0.0,0,,,,H
2389,2017/18,,losc-lille,fc-metz,0.0,0.0,0.0,0.0,0.0,72.18,86050000,0.0,0.0,0.0,0.0,0.0,67.29,41450000,,,,H
2390,2017/18,,olympique-lyonnais,fc-nantes,0.0,0.0,0.0,0.0,0.0,72.74,89500000,0.0,0.0,0.0,0.0,0.0,69.58,54600000,,,,H
2391,2017/18,,rc-strasbourg,ogc-nice,0.0,0.0,0.0,0.0,0.0,69.0,72100000,0.0,0.0,0.0,0.0,0.0,73.28,89200000,,,,D
2392,2017/18,,angers-sco,olympique-de-marseille,0.0,0.0,0.0,0.0,0.0,0.0,0,0.0,0.0,0.0,0.0,0.0,73.85,58850000,,,,D
2393,2017/18,,stade-rennais,toulouse-fc,0.0,0.0,0.0,0.0,0.0,73.39,253175000,0.0,0.0,0.0,0.0,0.0,68.76,60900000,,,,H
2394,2017/18,,olympique-de-marseille,ogc-nice,0.0,0.0,0.0,0.0,0.0,73.85,58850000,0.0,0.0,0.0,0.0,0.0,73.28,89200000,,,,H
2395,2017/18,,fc-metz,angers-sco,0.0,0.0,0.0,0.0,0.0,67.29,41450000,0.0,0.0,0.0,0.0,0.0,0.0,0,,,,A
2396,2017/18,,stade-rennais,rc-strasbourg,0.0,0.0,0.0,0.0,0.0,73.39,253175000,0.0,0.0,0.0,0.0,0.0,69.0,72100000,,,,H
2397,2017/18,,toulouse-fc,losc-lille,0.0,0.0,0.0,0.0,0.0,68.76,60900000,0.0,0.0,0.0,0.0,0.0,72.18,86050000,,,,A
2398,2017/18,,angers-sco,fc-nantes,0.0,0.0,0.0,0.0,0.0,0.0,0,0.0,0.0,0.0,0.0,0.0,69.58,54600000,,,,A
2399,2017/18,,paris-saint-germain,stade-rennais,0.0,0.0,0.0,0.0,0.0,0.0,0,0.0,0.0,0.0,0.0,0.0,73.39,253175000,,,,A
2400,2017/18,,rc-strasbourg,olympique-lyonnais,0.0,0.0,0.0,0.0,0.0,69.0,72100000,0.0,0.0,0.0,0.0,0.0,72.74,89500000,,,,H
2401,2017/18,,olympique-lyonnais,ogc-nice,0.0,0.0,0.0,0.0,0.0,72.74,89500000,0.0,0.0,0.0,0.0,0.0,73.28,89200000,,,,H
2402,2017/18,,fc-nantes,rc-strasbourg,0.0,0.0,0.0,0.0,0.0,69.58,54600000,0.0,0.0,0.0,0.0,0.0,69.0,72100000,,,,H
2403,2018/19,,olympique-de-marseille,toulouse-fc,0.0,0.0,0.0,0.0,0.0,73.85,58850000,0.0,0.0,0.0,0.0,0.0,68.76,60900000,,,,H
2404,2018/19,,losc-lille,stade-rennais,0.0,0.0,0.0,0.0,0.0,72.18,86050000,0.0,0.0,0.0,0.0,0.0,73.39,253175000,,,,H
2405,2018/19,,fc-nantes,as-monaco,0.0,0.0,0.0,0.0,0.0,69.58,54600000,0.0,0.0,0.0,0.0,0.0,73.63,257100000,,,,A
2406,2018/19,,ogc-nice,stade-de-reims,0.0,0.0,0.0,0.0,0.0,73.28,89200000,0.0,0.0,0.0,0.0,0.0,69.92,48600000,,,,A
2407,2018/19,,stade-de-reims,olympique-lyonnais,0.0,0.0,0.0,0.0,0.0,69.92,48600000,0.0,0.0,0.0,0.0,0.0,72.74,89500000,,,,H
2408,2018/19,,as-monaco,losc-lille,0.0,0.0,0.0,0.0,0.0,73.63,257100000,0.0,0.0,0.0,0.0,0.0,72.18,86050000,,,,D
2409,2018/19,,stade-rennais,angers-sco,0.0,0.0,0.0,0.0,0.0,73.39,253175000,0.0,0.0,0.0,0.0,0.0,0.0,0,,,,H
2410,2018/19,,olympique-lyonnais,rc-strasbourg,0.0,0.0,0.0,0.0,0.0,72.74,89500000,0.0,0.0,0.0,0.0,0.0,69.0,72100000,,,,H
2411,2018/19,,paris-saint-germain,angers-sco,0.0,0.0,0.0,0.0,0.0,0.0,0,0.0,0.0,0.0,0.0,0.0,0.0,0,,,,H
2412,2018/19,,olympique-de-marseille,stade-rennais,0.0,0.0,0.0,0.0,0.0,73.85,58850000,0.0,0.0,0.0,0.0,0.0,73.39,253175000,,,,D
2413,2018/19,,olympique-lyonnais,ogc-nice,0.0,0.0,0.0,0.0,0.0,72.74,89500000,0.0,0.0,0.0,0.0,0.0,73.28,89200000,,,,A
2414,2018/19,,angers-sco,losc-lille,0.0,0.0,0.0,0.0,0.0,0.0,0,0.0,0.0,0.0,0.0,0.0,72.18,86050000,,,,H
2415,2018/19,,rc-strasbourg,fc-nantes,0.0,0.0,0.0,0.0,0.0,69.0,72100000,0.0,0.0,0.0,0.0,0.0,69.58,54600000,,,,A
2416,2018/19,,as-monaco,olympique-de-marseille,0.0,0.0,0.0,0.0,0.0,73.63,257100000,0.0,0.0,0.0,0.0,0.0,73.85,58850000,,,,A
2417,2018/19,,ogc-nice,stade-rennais,0.0,0.0,0.0,0.0,0.0,73.28,89200000,0.0,0.0,0.0,0.0,0.0,73.39,253175000,,,,H
2418,2018/19,,toulouse-fc,as-monaco,0.0,0.0,0.0,0.0,0.0,68.76,60900000,0.0,0.0,0.0,0.0,0.0,73.63,257100000,,,,D
2419,2018/19,,fc-nantes,stade-de-reims,0.0,0.0,0.0,0.0,0.0,69.58,54600000,0.0,0.0,0.0,0.0,0.0,69.92,48600000,,,,D
2420,2018/19,,angers-sco,toulouse-fc,0.0,0.0,0.0,0.0,0.0,0.0,0,0.0,0.0,0.0,0.0,0.0,68.76,60900000,,,,D
2421,2018/19,,losc-lille,fc-nantes,0.0,0.0,0.0,0.0,0.0,72.18,86050000,0.0,0.0,0.0,0.0,0.0,69.58,54600000,,,,H
2422,2018/19,,olympique-lyonnais,olympique-de-marseille,0.0,0.0,0.0,0.0,0.0,72.74,89500000,0.0,0.0,0.0,0.0,0.0,73.85,58850000,,,,H
2423,2018/19,,stade-rennais,paris-saint-germain,0.0,0.0,0.0,0.0,0.0,73.39,253175000,0.0,0.0,0.0,0.0,0.0,0.0,0,,,,A
2424,2018/19,,as-monaco,angers-sco,0.0,0.0,0.0,0.0,0.0,73.63,257100000,0.0,0.0,0.0,0.0,0.0,0.0,0,,,,A
2425,2018/19,,fc-nantes,ogc-nice,0.0,0.0,0.0,0.0,0.0,69.58,54600000,0.0,0.0,0.0,0.0,0.0,73.28,89200000,,,,A
2426,2018/19,,olympique-de-marseille,rc-strasbourg,0.0,0.0,0.0,0.0,0.0,73.85,58850000,0.0,0.0,0.0,0.0,0.0,69.0,72100000,,,,H
2427,2018/19,,paris-saint-germain,stade-de-reims,0.0,0.0,0.0,0.0,0.0,0.0,0,0.0,0.0,0.0,0.0,0.0,69.92,48600000,,,,H
2428,2018/19,,olympique-lyonnais,fc-nantes,0.0,0.0,0.0,0.0,0.0,72.74,89500000,0.0,0.0,0.0,0.0,0.0,69.58,54600000,,,,D
2429,2018/19,,ogc-nice,paris-saint-germain,0.0,0.0,0.0,0.0,0.0,73.28,89200000,0.0,0.0,0.0,0.0,0.0,0.0,0,,,,A
2430,2018/19,,losc-lille,olympique-de-marseille,0.0,0.0,0.0,0.0,0.0,72.18,86050000,0.0,0.0,0.0,0.0,0.0,73.85,58850000,,,,H
2431,2018/19,,stade-rennais,toulouse-fc,0.0,0.0,0.0,0.0,0.0,73.39,253175000,0.0,0.0,0.0,0.0,0.0,68.76,60900000,,,,D
2432,2018/19,,toulouse-fc,ogc-nice,0.0,0.0,0.0,0.0,0.0,68.76,60900000,0.0,0.0,0.0,0.0,0.0,73.28,89200000,,,,D
2433,2018/19,,angers-sco,rc-strasbourg,0.0,0.0,0.0,0.0,0.0,0.0,0,0.0,0.0,0.0,0.0,0.0,69.0,72100000,,,,D
2434,2018/19,,as-monaco,stade-rennais,0.0,0.0,0.0,0.0,0.0,73.63,257100000,0.0,0.0,0.0,0.0,0.0,73.39,253175000,,,,A
2435,2018/19,,paris-saint-germain,olympique-lyonnais,0.0,0.0,0.0,0.0,0.0,0.0,0,0.0,0.0,0.0,0.0,0.0,72.74,89500000,,,,H
2436,2018/19,,fc-nantes,toulouse-fc,0.0,0.0,0.0,0.0,0.0,69.58,54600000,0.0,0.0,0.0,0.0,0.0,68.76,60900000,,,,H
2437,2018/19,,stade-de-reims,angers-sco,0.0,0.0,0.0,0.0,0.0,69.92,48600000,0.0,0.0,0.0,0.0,0.0,0.0,0,,,,D
2438,2018/19,,rc-strasbourg,as-monaco,0.0,0.0,0.0,0.0,0.0,69.0,72100000,0.0,0.0,0.0,0.0,0.0,73.63,257100000,,,,H
2439,2018/19,,ogc-nice,olympique-de-marseille,0.0,0.0,0.0,0.0,0.0,73.28,89200000,0.0,0.0,0.0,0.0,0.0,73.85,58850000,,,,A
2440,2018/19,,angers-sco,olympique-lyonnais,0.0,0.0,0.0,0.0,0.0,0.0,0,0.0,0.0,0.0,0.0,0.0,72.74,89500000,,,,A
2441,2018/19,,olympique-de-marseille,paris-saint-germain,0.0,0.0,0.0,0.0,0.0,73.85,58850000,0.0,0.0,0.0,0.0,0.0,0.0,0,,,,A
2442,2018/19,,stade-rennais,stade-de-reims,0.0,0.0,0.0,0.0,0.0,73.39,253175000,0.0,0.0,0.0,0.0,0.0,69.92,48600000,,,,A
2443,2018/19,,paris-saint-germain,losc-lille,0.0,0.0,0.0,0.0,0.0,0.0,0,0.0,0.0,0.0,0.0,0.0,72.18,86050000,,,,H
2444,2018/19,,stade-de-reims,as-monaco,0.0,0.0,0.0,0.0,0.0,69.92,48600000,0.0,0.0,0.0,0.0,0.0,73.63,257100000,,,,H
2445,2018/19,,rc-strasbourg,toulouse-fc,0.0,0.0,0.0,0.0,0.0,69.0,72100000,0.0,0.0,0.0,0.0,0.0,68.76,60900000,,,,D
2446,2018/19,,losc-lille,rc-strasbourg,0.0,0.0,0.0,0.0,0.0,72.18,86050000,0.0,0.0,0.0,0.0,0.0,69.0,72100000,,,,D
2447,2018/19,,as-monaco,paris-saint-germain,0.0,0.0,0.0,0.0,0.0,73.63,257100000,0.0,0.0,0.0,0.0,0.0,0.0,0,,,,A
2448,2018/19,,stade-rennais,fc-nantes,0.0,0.0,0.0,0.0,0.0,73.39,253175000,0.0,0.0,0.0,0.0,0.0,69.58,54600000,,,,D
2449,2018/19,,fc-nantes,angers-sco,0.0,0.0,0.0,0.0,0.0,69.58,54600000,0.0,0.0,0.0,0.0,0.0,0.0,0,,,,D
2450,2018/19,,paris-saint-germain,toulouse-fc,0.0,0.0,0.0,0.0,0.0,0.0,0,0.0,0.0,0.0,0.0,0.0,68.76,60900000,,,,H
2451,2018/19,,ogc-nice,losc-lille,0.0,0.0,0.0,0.0,0.0,73.28,89200000,0.0,0.0,0.0,0.0,0.0,72.18,86050000,,,,H
2452,2018/19,,losc-lille,olympique-lyonnais,0.0,0.0,0.0,0.0,0.0,72.18,86050000,0.0,0.0,0.0,0.0,0.0,72.74,89500000,,,,D
2453,2018/19,,olympique-de-marseille,stade-de-reims,0.0,0.0,0.0,0.0,0.0,73.85,58850000,0.0,0.0,0.0,0.0,0.0,69.92,48600000,,,,D
2454,2018/19,,stade-rennais,rc-strasbourg,0.0,0.0,0.0,0.0,0.0,73.39,253175000,0.0,0.0,0.0,0.0,0.0,69.0,72100000,,,,A
2455,2018/19,,ogc-nice,angers-sco,0.0,0.0,0.0,0.0,0.0,73.28,89200000,0.0,0.0,0.0,0.0,0.0,0.0,0,,,,D
2456,2018/19,,olympique-lyonnais,stade-rennais,0.0,0.0,0.0,0.0,0.0,72.74,89500000,0.0,0.0,0.0,0.0,0.0,73.39,253175000,,,,A
2457,2018/19,,fc-nantes,olympique-de-marseille,0.0,0.0,0.0,0.0,0.0,69.58,54600000,0.0,0.0,0.0,0.0,0.0,73.85,58850000,,,,H
2458,2018/19,,stade-de-reims,toulouse-fc,0.0,0.0,0.0,0.0,0.0,69.92,48600000,0.0,0.0,0.0,0.0,0.0,68.76,60900000,,,,A
2459,2018/19,,rc-strasbourg,paris-saint-germain,0.0,0.0,0.0,0.0,0.0,69.0,72100000,0.0,0.0,0.0,0.0,0.0,0.0,0,,,,D
2460,2018/19,,losc-lille,stade-de-reims,0.0,0.0,0.0,0.0,0.0,72.18,86050000,0.0,0.0,0.0,0.0,0.0,69.92,48600000,,,,D
2461,2018/19,,stade-de-reims,rc-strasbourg,0.0,0.0,0.0,0.0,0.0,69.92,48600000,0.0,0.0,0.0,0.0,0.0,69.0,72100000,,,,H
2462,2018/19,,olympique-lyonnais,as-monaco,0.0,0.0,0.0,0.0,0.0,72.74,89500000,0.0,0.0,0.0,0.0,0.0,73.63,257100000,,,,H
2463,2018/19,,angers-sco,olympique-de-marseille,0.0,0.0,0.0,0.0,0.0,0.0,0,0.0,0.0,0.0,0.0,0.0,73.85,58850000,,,,D
2464,2018/19,,losc-lille,toulouse-fc,0.0,0.0,0.0,0.0,0.0,72.18,86050000,0.0,0.0,0.0,0.0,0.0,68.76,60900000,,,,A
2465,2018/19,,paris-saint-germain,fc-nantes,0.0,0.0,0.0,0.0,0.0,0.0,0,0.0,0.0,0.0,0.0,0.0,69.58,54600000,,,,H
2466,2018/19,,rc-strasbourg,ogc-nice,0.0,0.0,0.0,0.0,0.0,69.0,72100000,0.0,0.0,0.0,0.0,0.0,73.28,89200000,,,,H
2467,2018/19,,olympique-lyonnais,stade-de-reims,0.0,0.0,0.0,0.0,0.0,72.74,89500000,0.0,0.0,0.0,0.0,0.0,69.92,48600000,,,,D
2468,2018/19,,olympique-de-marseille,as-monaco,0.0,0.0,0.0,0.0,0.0,73.85,58850000,0.0,0.0,0.0,0.0,0.0,73.63,257100000,,,,D
2469,2018/19,,fc-nantes,stade-rennais,0.0,0.0,0.0,0.0,0.0,69.58,54600000,0.0,0.0,0.0,0.0,0.0,73.39,253175000,,,,A
2470,2018/19,,toulouse-fc,rc-strasbourg,0.0,0.0,0.0,0.0,0.0,68.76,60900000,0.0,0.0,0.0,0.0,0.0,69.0,72100000,,,,A
2471,2018/19,,as-monaco,ogc-nice,0.0,0.0,0.0,0.0,0.0,73.63,257100000,0.0,0.0,0.0,0.0,0.0,73.28,89200000,,,,D
2472,2018/19,,toulouse-fc,olympique-lyonnais,0.0,0.0,0.0,0.0,0.0,68.76,60900000,0.0,0.0,0.0,0.0,0.0,72.74,89500000,,,,D
2473,2018/19,,as-monaco,rc-strasbourg,0.0,0.0,0.0,0.0,0.0,73.63,257100000,0.0,0.0,0.0,0.0,0.0,69.0,72100000,,,,A
2474,2018/19,,stade-de-reims,ogc-nice,0.0,0.0,0.0,0.0,0.0,69.92,48600000,0.0,0.0,0.0,0.0,0.0,73.28,89200000,,,,D
2475,2018/19,,angers-sco,fc-nantes,0.0,0.0,0.0,0.0,0.0,0.0,0,0.0,0.0,0.0,0.0,0.0,69.58,54600000,,,,H
2476,2018/19,,olympique-de-marseille,losc-lille,0.0,0.0,0.0,0.0,0.0,73.85,58850000,0.0,0.0,0.0,0.0,0.0,72.18,86050000,,,,A
2477,2018/19,,paris-saint-germain,stade-rennais,0.0,0.0,0.0,0.0,0.0,0.0,0,0.0,0.0,0.0,0.0,0.0,73.39,253175000,,,,H
2478,2018/19,,toulouse-fc,angers-sco,0.0,0.0,0.0,0.0,0.0,68.76,60900000,0.0,0.0,0.0,0.0,0.0,0.0,0,,,,D
2479,2018/19,,losc-lille,ogc-nice,0.0,0.0,0.0,0.0,0.0,72.18,86050000,0.0,0.0,0.0,0.0,0.0,73.28,89200000,,,,H
2480,2018/19,,as-monaco,toulouse-fc,0.0,0.0,0.0,0.0,0.0,73.63,257100000,0.0,0.0,0.0,0.0,0.0,68.76,60900000,,,,H
2481,2018/19,,stade-de-reims,olympique-de-marseille,0.0,0.0,0.0,0.0,0.0,69.92,48600000,0.0,0.0,0.0,0.0,0.0,73.85,58850000,,,,H
2482,2018/19,,olympique-lyonnais,paris-saint-germain,0.0,0.0,0.0,0.0,0.0,72.74,89500000,0.0,0.0,0.0,0.0,0.0,0.0,0,,,,H
2483,2018/19,,rc-strasbourg,angers-sco,0.0,0.0,0.0,0.0,0.0,69.0,72100000,0.0,0.0,0.0,0.0,0.0,0.0,0,,,,A
2484,2018/19,,ogc-nice,olympique-lyonnais,0.0,0.0,0.0,0.0,0.0,73.28,89200000,0.0,0.0,0.0,0.0,0.0,72.74,89500000,,,,H
2485,2018/19,,toulouse-fc,stade-de-reims,0.0,0.0,0.0,0.0,0.0,68.76,60900000,0.0,0.0,0.0,0.0,0.0,69.92,48600000,,,,D
2486,2018/19,,angers-sco,ogc-nice,0.0,0.0,0.0,0.0,0.0,0.0,0,0.0,0.0,0.0,0.0,0.0,73.28,89200000,,,,H
2487,2018/19,,as-monaco,fc-nantes,0.0,0.0,0.0,0.0,0.0,73.63,257100000,0.0,0.0,0.0,0.0,0.0,69.58,54600000,,,,H
2488,2018/19,,stade-de-reims,stade-rennais,0.0,0.0,0.0,0.0,0.0,69.92,48600000,0.0,0.0,0.0,0.0,0.0,73.39,253175000,,,,H
2489,2018/19,,rc-strasbourg,losc-lille,0.0,0.0,0.0,0.0,0.0,69.0,72100000,0.0,0.0,0.0,0.0,0.0,72.18,86050000,,,,D
2490,2018/19,,as-monaco,olympique-lyonnais,0.0,0.0,0.0,0.0,0.0,73.63,257100000,0.0,0.0,0.0,0.0,0.0,72.74,89500000,,,,H
2491,2018/19,,stade-rennais,olympique-de-marseille,0.0,0.0,0.0,0.0,0.0,73.39,253175000,0.0,0.0,0.0,0.0,0.0,73.85,58850000,,,,D
2492,2018/19,,angers-sco,as-monaco,0.0,0.0,0.0,0.0,0.0,0.0,0,0.0,0.0,0.0,0.0,0.0,73.63,257100000,,,,D
2493,2018/19,,olympique-lyonnais,toulouse-fc,0.0,0.0,0.0,0.0,0.0,72.74,89500000,0.0,0.0,0.0,0.0,0.0,68.76,60900000,,,,H
2494,2018/19,,ogc-nice,rc-strasbourg,0.0,0.0,0.0,0.0,0.0,73.28,89200000,0.0,0.0,0.0,0.0,0.0,69.0,72100000,,,,H
2495,2018/19,,rc-strasbourg,olympique-lyonnais,0.0,0.0,0.0,0.0,0.0,69.0,72100000,0.0,0.0,0.0,0.0,0.0,72.74,89500000,,,,D
2496,2018/19,,olympique-de-marseille,ogc-nice,0.0,0.0,0.0,0.0,0.0,73.85,58850000,0.0,0.0,0.0,0.0,0.0,73.28,89200000,,,,H
2497,2018/19,,losc-lille,as-monaco,0.0,0.0,0.0,0.0,0.0,72.18,86050000,0.0,0.0,0.0,0.0,0.0,73.63,257100000,,,,A
2498,2018/19,,ogc-nice,toulouse-fc,0.0,0.0,0.0,0.0,0.0,73.28,89200000,0.0,0.0,0.0,0.0,0.0,68.76,60900000,,,,D
2499,2018/19,,paris-saint-germain,olympique-de-marseille,0.0,0.0,0.0,0.0,0.0,0.0,0,0.0,0.0,0.0,0.0,0.0,73.85,58850000,,,,H
2500,2018/19,,stade-de-reims,fc-nantes,0.0,0.0,0.0,0.0,0.0,69.92,48600000,0.0,0.0,0.0,0.0,0.0,69.58,54600000,,,,H
2501,2018/19,,stade-rennais,olympique-lyonnais,0.0,0.0,0.0,0.0,0.0,73.39,253175000,0.0,0.0,0.0,0.0,0.0,72.74,89500000,,,,A
2502,2018/19,,olympique-de-marseille,angers-sco,0.0,0.0,0.0,0.0,0.0,73.85,58850000,0.0,0.0,0.0,0.0,0.0,0.0,0,,,,D
2503,2018/19,,fc-nantes,losc-lille,0.0,0.0,0.0,0.0,0.0,69.58,54600000,0.0,0.0,0.0,0.0,0.0,72.18,86050000,,,,A
2504,2018/19,,toulouse-fc,paris-saint-germain,0.0,0.0,0.0,0.0,0.0,68.76,60900000,0.0,0.0,0.0,0.0,0.0,0.0,0,,,,A
2505,2018/19,,rc-strasbourg,stade-de-reims,0.0,0.0,0.0,0.0,0.0,69.0,72100000,0.0,0.0,0.0,0.0,0.0,69.92,48600000,,,,H
2506,2018/19,,angers-sco,stade-rennais,0.0,0.0,0.0,0.0,0.0,0.0,0,0.0,0.0,0.0,0.0,0.0,73.39,253175000,,,,D
2507,2018/19,,paris-saint-germain,rc-strasbourg,0.0,0.0,0.0,0.0,0.0,0.0,0,0.0,0.0,0.0,0.0,0.0,69.0,72100000,,,,D
2508,2018/19,,stade-de-reims,losc-lille,0.0,0.0,0.0,0.0,0.0,69.92,48600000,0.0,0.0,0.0,0.0,0.0,72.18,86050000,,,,D
2509,2018/19,,toulouse-fc,fc-nantes,0.0,0.0,0.0,0.0,0.0,68.76,60900000,0.0,0.0,0.0,0.0,0.0,69.58,54600000,,,,H
2510,2018/19,,fc-nantes,olympique-lyonnais,0.0,0.0,0.0,0.0,0.0,69.58,54600000,0.0,0.0,0.0,0.0,0.0,72.74,89500000,,,,H
2511,2018/19,,as-monaco,stade-de-reims,0.0,0.0,0.0,0.0,0.0,73.63,257100000,0.0,0.0,0.0,0.0,0.0,69.92,48600000,,,,D
2512,2018/19,,losc-lille,paris-saint-germain,0.0,0.0,0.0,0.0,0.0,72.18,86050000,0.0,0.0,0.0,0.0,0.0,0.0,0,,,,H
2513,2018/19,,stade-rennais,ogc-nice,0.0,0.0,0.0,0.0,0.0,73.39,253175000,0.0,0.0,0.0,0.0,0.0,73.28,89200000,,,,D
2514,2018/19,,fc-nantes,paris-saint-germain,0.0,0.0,0.0,0.0,0.0,69.58,54600000,0.0,0.0,0.0,0.0,0.0,0.0,0,,,,H
2515,2018/19,,olympique-lyonnais,angers-sco,0.0,0.0,0.0,0.0,0.0,72.74,89500000,0.0,0.0,0.0,0.0,0.0,0.0,0,,,,H
2516,2018/19,,paris-saint-germain,as-monaco,0.0,0.0,0.0,0.0,0.0,0.0,0,0.0,0.0,0.0,0.0,0.0,73.63,257100000,,,,H
2517,2018/19,,toulouse-fc,losc-lille,0.0,0.0,0.0,0.0,0.0,68.76,60900000,0.0,0.0,0.0,0.0,0.0,72.18,86050000,,,,D
2518,2018/19,,angers-sco,stade-de-reims,0.0,0.0,0.0,0.0,0.0,0.0,0,0.0,0.0,0.0,0.0,0.0,69.92,48600000,,,,D
2519,2018/19,,olympique-de-marseille,fc-nantes,0.0,0.0,0.0,0.0,0.0,73.85,58850000,0.0,0.0,0.0,0.0,0.0,69.58,54600000,,,,A
2520,2018/19,,stade-rennais,as-monaco,0.0,0.0,0.0,0.0,0.0,73.39,253175000,0.0,0.0,0.0,0.0,0.0,73.63,257100000,,,,D
2521,2018/19,,rc-strasbourg,olympique-de-marseille,0.0,0.0,0.0,0.0,0.0,69.0,72100000,0.0,0.0,0.0,0.0,0.0,73.85,58850000,,,,D
2522,2018/19,,paris-saint-germain,ogc-nice,0.0,0.0,0.0,0.0,0.0,0.0,0,0.0,0.0,0.0,0.0,0.0,73.28,89200000,,,,D
2523,2018/19,,olympique-lyonnais,losc-lille,0.0,0.0,0.0,0.0,0.0,72.74,89500000,0.0,0.0,0.0,0.0,0.0,72.18,86050000,,,,D
2524,2018/19,,toulouse-fc,stade-rennais,0.0,0.0,0.0,0.0,0.0,68.76,60900000,0.0,0.0,0.0,0.0,0.0,73.39,253175000,,,,D
2525,2018/19,,angers-sco,paris-saint-germain,0.0,0.0,0.0,0.0,0.0,0.0,0,0.0,0.0,0.0,0.0,0.0,0.0,0,,,,A
2526,2018/19,,ogc-nice,fc-nantes,0.0,0.0,0.0,0.0,0.0,73.28,89200000,0.0,0.0,0.0,0.0,0.0,69.58,54600000,,,,D
2527,2018/19,,olympique-de-marseille,olympique-lyonnais,0.0,0.0,0.0,0.0,0.0,73.85,58850000,0.0,0.0,0.0,0.0,0.0,72.74,89500000,,,,A
2528,2018/19,,losc-lille,angers-sco,0.0,0.0,0.0,0.0,0.0,72.18,86050000,0.0,0.0,0.0,0.0,0.0,0.0,0,,,,H
2529,2018/19,,rc-strasbourg,stade-rennais,0.0,0.0,0.0,0.0,0.0,69.0,72100000,0.0,0.0,0.0,0.0,0.0,73.39,253175000,,,,A
2530,2018/19,,toulouse-fc,olympique-de-marseille,0.0,0.0,0.0,0.0,0.0,68.76,60900000,0.0,0.0,0.0,0.0,0.0,73.85,58850000,,,,A
2531,2018/19,,fc-nantes,rc-strasbourg,0.0,0.0,0.0,0.0,0.0,69.58,54600000,0.0,0.0,0.0,0.0,0.0,69.0,72100000,,,,A
2532,2018/19,,ogc-nice,as-monaco,0.0,0.0,0.0,0.0,0.0,73.28,89200000,0.0,0.0,0.0,0.0,0.0,73.63,257100000,,,,H
2533,2018/19,,stade-de-reims,paris-saint-germain,0.0,0.0,0.0,0.0,0.0,69.92,48600000,0.0,0.0,0.0,0.0,0.0,0.0,0,,,,H
2534,2018/19,,stade-rennais,losc-lille,0.0,0.0,0.0,0.0,0.0,73.39,253175000,0.0,0.0,0.0,0.0,0.0,72.18,86050000,,,,H
3147,1999/00,,fc-metz,stade-rennais,0.0,0.0,0.0,0.0,0.0,67.29,41450000,0.0,0.0,0.0,0.0,0.0,73.39,253175000,,,,D
3148,1999/00,,rc-strasbourg,rc-lens,0.0,0.0,0.0,0.0,0.0,69.0,72100000,0.0,0.0,0.0,0.0,0.0,72.84,82750000,,,,H
3149,1999/00,,rc-lens,as-monaco,0.0,0.0,0.0,0.0,0.0,72.84,82750000,0.0,0.0,0.0,0.0,0.0,73.63,257100000,,,,H
3150,1999/00,,fc-metz,aj-auxerre,0.0,0.0,0.0,0.0,0.0,67.29,41450000,0.0,0.0,0.0,0.0,0.0,0.0,0,,,,H
3151,1999/00,,stade-rennais,paris-saint-germain,0.0,0.0,0.0,0.0,0.0,73.39,253175000,0.0,0.0,0.0,0.0,0.0,0.0,0,,,,A
3152,1999/00,,fc-nantes,rc-lens,0.0,0.0,0.0,0.0,0.0,69.58,54600000,0.0,0.0,0.0,0.0,0.0,72.84,82750000,,,,A
3153,1999/00,,paris-saint-germain,fc-metz,0.0,0.0,0.0,0.0,0.0,0.0,0,0.0,0.0,0.0,0.0,0.0,67.29,41450000,,,,H
3154,1999/00,,olympique-lyonnais,stade-rennais,0.0,0.0,0.0,0.0,0.0,72.74,89500000,0.0,0.0,0.0,0.0,0.0,73.39,253175000,,,,D
3155,1999/00,,fc-metz,olympique-lyonnais,0.0,0.0,0.0,0.0,0.0,67.29,41450000,0.0,0.0,0.0,0.0,0.0,72.74,89500000,,,,A
3156,1999/00,,paris-saint-germain,aj-auxerre,0.0,0.0,0.0,0.0,0.0,0.0,0,0.0,0.0,0.0,0.0,0.0,0.0,0,,,,D
3157,1999/00,,rc-lens,olympique-de-marseille,0.0,0.0,0.0,0.0,0.0,72.84,82750000,0.0,0.0,0.0,0.0,0.0,73.85,58850000,,,,D
3158,1999/00,,rc-strasbourg,stade-rennais,0.0,0.0,0.0,0.0,0.0,69.0,72100000,0.0,0.0,0.0,0.0,0.0,73.39,253175000,,,,H
3159,1999/00,,olympique-lyonnais,paris-saint-germain,0.0,0.0,0.0,0.0,0.0,72.74,89500000,0.0,0.0,0.0,0.0,0.0,0.0,0,,,,H
3160,1999/00,,olympique-lyonnais,aj-auxerre,0.0,0.0,0.0,0.0,0.0,72.74,89500000,0.0,0.0,0.0,0.0,0.0,0.0,0,,,,D
3161,1999/00,,fc-metz,rc-strasbourg,0.0,0.0,0.0,0.0,0.0,67.29,41450000,0.0,0.0,0.0,0.0,0.0,69.0,72100000,,,,D
3162,1999/00,,stade-rennais,as-monaco,0.0,0.0,0.0,0.0,0.0,73.39,253175000,0.0,0.0,0.0,0.0,0.0,73.63,257100000,,,,H
3163,1999/00,,as-monaco,fc-metz,0.0,0.0,0.0,0.0,0.0,73.63,257100000,0.0,0.0,0.0,0.0,0.0,67.29,41450000,,,,D
3164,1999/00,,fc-nantes,stade-rennais,0.0,0.0,0.0,0.0,0.0,69.58,54600000,0.0,0.0,0.0,0.0,0.0,73.39,253175000,,,,H
3165,1999/00,,rc-strasbourg,paris-saint-germain,0.0,0.0,0.0,0.0,0.0,69.0,72100000,0.0,0.0,0.0,0.0,0.0,0.0,0,,,,D
3166,1999/00,,olympique-lyonnais,rc-strasbourg,0.0,0.0,0.0,0.0,0.0,72.74,89500000,0.0,0.0,0.0,0.0,0.0,69.0,72100000,,,,D
3167,1999/00,,fc-metz,fc-nantes,0.0,0.0,0.0,0.0,0.0,67.29,41450000,0.0,0.0,0.0,0.0,0.0,69.58,54600000,,,,H
3168,1999/00,,paris-saint-germain,as-monaco,0.0,0.0,0.0,0.0,0.0,0.0,0,0.0,0.0,0.0,0.0,0.0,73.63,257100000,,,,A
3169,1999/00,,stade-rennais,olympique-de-marseille,0.0,0.0,0.0,0.0,0.0,73.39,253175000,0.0,0.0,0.0,0.0,0.0,73.85,58850000,,,,A
3170,1999/00,,olympique-de-marseille,fc-metz,0.0,0.0,0.0,0.0,0.0,73.85,58850000,0.0,0.0,0.0,0.0,0.0,67.29,41450000,,,,D
3171,1999/00,,aj-auxerre,rc-lens,0.0,0.0,0.0,0.0,0.0,0.0,0,0.0,0.0,0.0,0.0,0.0,72.84,82750000,,,,H
3172,1999/00,,as-monaco,olympique-lyonnais,0.0,0.0,0.0,0.0,0.0,73.63,257100000,0.0,0.0,0.0,0.0,0.0,72.74,89500000,,,,H
3173,1999/00,,fc-nantes,paris-saint-germain,0.0,0.0,0.0,0.0,0.0,69.58,54600000,0.0,0.0,0.0,0.0,0.0,0.0,0,,,,A
3174,1999/00,,olympique-lyonnais,fc-nantes,0.0,0.0,0.0,0.0,0.0,72.74,89500000,0.0,0.0,0.0,0.0,0.0,69.58,54600000,,,,H
3175,1999/00,,paris-saint-germain,olympique-de-marseille,0.0,0.0,0.0,0.0,0.0,0.0,0,0.0,0.0,0.0,0.0,0.0,73.85,58850000,,,,A
3176,1999/00,,rc-strasbourg,aj-auxerre,0.0,0.0,0.0,0.0,0.0,69.0,72100000,0.0,0.0,0.0,0.0,0.0,0.0,0,,,,A
3177,1999/00,,olympique-de-marseille,olympique-lyonnais,0.0,0.0,0.0,0.0,0.0,73.85,58850000,0.0,0.0,0.0,0.0,0.0,72.74,89500000,,,,A
3178,1999/00,,as-monaco,rc-strasbourg,0.0,0.0,0.0,0.0,0.0,73.63,257100000,0.0,0.0,0.0,0.0,0.0,69.0,72100000,,,,H
3179,1999/00,,fc-nantes,as-monaco,0.0,0.0,0.0,0.0,0.0,69.58,54600000,0.0,0.0,0.0,0.0,0.0,73.63,257100000,,,,A
3180,1999/00,,rc-strasbourg,fc-nantes,0.0,0.0,0.0,0.0,0.0,69.0,72100000,0.0,0.0,0.0,0.0,0.0,69.58,54600000,,,,H
3181,1999/00,,olympique-de-marseille,rc-strasbourg,0.0,0.0,0.0,0.0,0.0,73.85,58850000,0.0,0.0,0.0,0.0,0.0,69.0,72100000,,,,H
3182,1999/00,,rc-lens,stade-rennais,0.0,0.0,0.0,0.0,0.0,72.84,82750000,0.0,0.0,0.0,0.0,0.0,73.39,253175000,,,,D
3183,1999/00,,fc-metz,rc-lens,0.0,0.0,0.0,0.0,0.0,67.29,41450000,0.0,0.0,0.0,0.0,0.0,72.84,82750000,,,,D
3184,1999/00,,as-monaco,olympique-de-marseille,0.0,0.0,0.0,0.0,0.0,73.63,257100000,0.0,0.0,0.0,0.0,0.0,73.85,58850000,,,,D
3185,1999/00,,fc-nantes,aj-auxerre,0.0,0.0,0.0,0.0,0.0,69.58,54600000,0.0,0.0,0.0,0.0,0.0,0.0,0,,,,H
3186,1999/00,,rc-lens,paris-saint-germain,0.0,0.0,0.0,0.0,0.0,72.84,82750000,0.0,0.0,0.0,0.0,0.0,0.0,0,,,,H
3187,1999/00,,olympique-de-marseille,fc-nantes,0.0,0.0,0.0,0.0,0.0,73.85,58850000,0.0,0.0,0.0,0.0,0.0,69.58,54600000,,,,D
3188,1999/00,,olympique-lyonnais,rc-lens,0.0,0.0,0.0,0.0,0.0,72.74,89500000,0.0,0.0,0.0,0.0,0.0,72.84,82750000,,,,H
3189,1999/00,,olympique-de-marseille,aj-auxerre,0.0,0.0,0.0,0.0,0.0,73.85,58850000,0.0,0.0,0.0,0.0,0.0,0.0,0,,,,A
3190,1999/00,,stade-rennais,aj-auxerre,0.0,0.0,0.0,0.0,0.0,73.39,253175000,0.0,0.0,0.0,0.0,0.0,0.0,0,,,,H
3191,1999/00,,as-monaco,aj-auxerre,0.0,0.0,0.0,0.0,0.0,73.63,257100000,0.0,0.0,0.0,0.0,0.0,0.0,0,,,,H
3192,1999/00,,aj-auxerre,fc-metz,0.0,0.0,0.0,0.0,0.0,0.0,0,0.0,0.0,0.0,0.0,0.0,67.29,41450000,,,,D
3193,1999/00,,as-monaco,rc-lens,0.0,0.0,0.0,0.0,0.0,73.63,257100000,0.0,0.0,0.0,0.0,0.0,72.84,82750000,,,,H
3194,1999/00,,paris-saint-germain,stade-rennais,0.0,0.0,0.0,0.0,0.0,0.0,0,0.0,0.0,0.0,0.0,0.0,73.39,253175000,,,,H
3195,1999/00,,stade-rennais,olympique-lyonnais,0.0,0.0,0.0,0.0,0.0,73.39,253175000,0.0,0.0,0.0,0.0,0.0,72.74,89500000,,,,A
3196,1999/00,,fc-metz,paris-saint-germain,0.0,0.0,0.0,0.0,0.0,67.29,41450000,0.0,0.0,0.0,0.0,0.0,0.0,0,,,,A
3197,1999/00,,rc-lens,fc-nantes,0.0,0.0,0.0,0.0,0.0,72.84,82750000,0.0,0.0,0.0,0.0,0.0,69.58,54600000,,,,A
3198,1999/00,,aj-auxerre,paris-saint-germain,0.0,0.0,0.0,0.0,0.0,0.0,0,0.0,0.0,0.0,0.0,0.0,0.0,0,,,,H
3199,1999/00,,olympique-lyonnais,fc-metz,0.0,0.0,0.0,0.0,0.0,72.74,89500000,0.0,0.0,0.0,0.0,0.0,67.29,41450000,,,,H
3200,1999/00,,olympique-de-marseille,rc-lens,0.0,0.0,0.0,0.0,0.0,73.85,58850000,0.0,0.0,0.0,0.0,0.0,72.84,82750000,,,,A
3201,1999/00,,paris-saint-germain,olympique-lyonnais,0.0,0.0,0.0,0.0,0.0,0.0,0,0.0,0.0,0.0,0.0,0.0,72.74,89500000,,,,D
3202,1999/00,,stade-rennais,rc-strasbourg,0.0,0.0,0.0,0.0,0.0,73.39,253175000,0.0,0.0,0.0,0.0,0.0,69.0,72100000,,,,H
3203,1999/00,,aj-auxerre,olympique-lyonnais,0.0,0.0,0.0,0.0,0.0,0.0,0,0.0,0.0,0.0,0.0,0.0,72.74,89500000,,,,H
3204,1999/00,,as-monaco,stade-rennais,0.0,0.0,0.0,0.0,0.0,73.63,257100000,0.0,0.0,0.0,0.0,0.0,73.39,253175000,,,,H
3205,1999/00,,rc-strasbourg,fc-metz,0.0,0.0,0.0,0.0,0.0,69.0,72100000,0.0,0.0,0.0,0.0,0.0,67.29,41450000,,,,D
3206,1999/00,,fc-metz,as-monaco,0.0,0.0,0.0,0.0,0.0,67.29,41450000,0.0,0.0,0.0,0.0,0.0,73.63,257100000,,,,D
3207,1999/00,,paris-saint-germain,rc-strasbourg,0.0,0.0,0.0,0.0,0.0,0.0,0,0.0,0.0,0.0,0.0,0.0,69.0,72100000,,,,H
3208,1999/00,,stade-rennais,fc-nantes,0.0,0.0,0.0,0.0,0.0,73.39,253175000,0.0,0.0,0.0,0.0,0.0,69.58,54600000,,,,D
3209,1999/00,,as-monaco,paris-saint-germain,0.0,0.0,0.0,0.0,0.0,73.63,257100000,0.0,0.0,0.0,0.0,0.0,0.0,0,,,,H
3210,1999/00,,olympique-de-marseille,stade-rennais,0.0,0.0,0.0,0.0,0.0,73.85,58850000,0.0,0.0,0.0,0.0,0.0,73.39,253175000,,,,D
3211,1999/00,,fc-nantes,fc-metz,0.0,0.0,0.0,0.0,0.0,69.58,54600000,0.0,0.0,0.0,0.0,0.0,67.29,41450000,,,,A
3212,1999/00,,rc-strasbourg,olympique-lyonnais,0.0,0.0,0.0,0.0,0.0,69.0,72100000,0.0,0.0,0.0,0.0,0.0,72.74,89500000,,,,H
3213,1999/00,,rc-lens,aj-auxerre,0.0,0.0,0.0,0.0,0.0,72.84,82750000,0.0,0.0,0.0,0.0,0.0,0.0,0,,,,H
3214,1999/00,,paris-saint-germain,fc-nantes,0.0,0.0,0.0,0.0,0.0,0.0,0,0.0,0.0,0.0,0.0,0.0,69.58,54600000,,,,D
3215,1999/00,,olympique-lyonnais,as-monaco,0.0,0.0,0.0,0.0,0.0,72.74,89500000,0.0,0.0,0.0,0.0,0.0,73.63,257100000,,,,H
3216,1999/00,,fc-metz,olympique-de-marseille,0.0,0.0,0.0,0.0,0.0,67.29,41450000,0.0,0.0,0.0,0.0,0.0,73.85,58850000,,,,H
3217,1999/00,,olympique-de-marseille,paris-saint-germain,0.0,0.0,0.0,0.0,0.0,73.85,58850000,0.0,0.0,0.0,0.0,0.0,0.0,0,,,,H
3218,1999/00,,fc-nantes,olympique-lyonnais,0.0,0.0,0.0,0.0,0.0,69.58,54600000,0.0,0.0,0.0,0.0,0.0,72.74,89500000,,,,H
3219,1999/00,,aj-auxerre,rc-strasbourg,0.0,0.0,0.0,0.0,0.0,0.0,0,0.0,0.0,0.0,0.0,0.0,69.0,72100000,,,,A
3220,1999/00,,olympique-lyonnais,olympique-de-marseille,0.0,0.0,0.0,0.0,0.0,72.74,89500000,0.0,0.0,0.0,0.0,0.0,73.85,58850000,,,,H
3221,1999/00,,rc-strasbourg,as-monaco,0.0,0.0,0.0,0.0,0.0,69.0,72100000,0.0,0.0,0.0,0.0,0.0,73.63,257100000,,,,H
3222,1999/00,,fc-nantes,rc-strasbourg,0.0,0.0,0.0,0.0,0.0,69.58,54600000,0.0,0.0,0.0,0.0,0.0,69.0,72100000,,,,H
3223,1999/00,,aj-auxerre,as-monaco,0.0,0.0,0.0,0.0,0.0,0.0,0,0.0,0.0,0.0,0.0,0.0,73.63,257100000,,,,A
3224,1999/00,,rc-strasbourg,olympique-de-marseille,0.0,0.0,0.0,0.0,0.0,69.0,72100000,0.0,0.0,0.0,0.0,0.0,73.85,58850000,,,,H
3225,1999/00,,as-monaco,fc-nantes,0.0,0.0,0.0,0.0,0.0,73.63,257100000,0.0,0.0,0.0,0.0,0.0,69.58,54600000,,,,H
3226,1999/00,,stade-rennais,rc-lens,0.0,0.0,0.0,0.0,0.0,73.39,253175000,0.0,0.0,0.0,0.0,0.0,72.84,82750000,,,,H
3227,1999/00,,olympique-de-marseille,as-monaco,0.0,0.0,0.0,0.0,0.0,73.85,58850000,0.0,0.0,0.0,0.0,0.0,73.63,257100000,,,,H
3228,1999/00,,aj-auxerre,fc-nantes,0.0,0.0,0.0,0.0,0.0,0.0,0,0.0,0.0,0.0,0.0,0.0,69.58,54600000,,,,D
3229,1999/00,,rc-lens,fc-metz,0.0,0.0,0.0,0.0,0.0,72.84,82750000,0.0,0.0,0.0,0.0,0.0,67.29,41450000,,,,H
3230,1999/00,,paris-saint-germain,rc-lens,0.0,0.0,0.0,0.0,0.0,0.0,0,0.0,0.0,0.0,0.0,0.0,72.84,82750000,,,,H
3231,1999/00,,fc-nantes,olympique-de-marseille,0.0,0.0,0.0,0.0,0.0,69.58,54600000,0.0,0.0,0.0,0.0,0.0,73.85,58850000,,,,D
3232,1999/00,,rc-lens,olympique-lyonnais,0.0,0.0,0.0,0.0,0.0,72.84,82750000,0.0,0.0,0.0,0.0,0.0,72.74,89500000,,,,H
3233,1999/00,,aj-auxerre,olympique-de-marseille,0.0,0.0,0.0,0.0,0.0,0.0,0,0.0,0.0,0.0,0.0,0.0,73.85,58850000,,,,D
3234,1999/00,,aj-auxerre,stade-rennais,0.0,0.0,0.0,0.0,0.0,0.0,0,0.0,0.0,0.0,0.0,0.0,73.39,253175000,,,,H
3235,1999/00,,rc-lens,rc-strasbourg,0.0,0.0,0.0,0.0,0.0,72.84,82750000,0.0,0.0,0.0,0.0,0.0,69.0,72100000,,,,H
3236,1999/00,,stade-rennais,fc-metz,0.0,0.0,0.0,0.0,0.0,73.39,253175000,0.0,0.0,0.0,0.0,0.0,67.29,41450000,,,,H
3237,2000/01,,paris-saint-germain,rc-strasbourg,0.0,0.0,0.0,0.0,0.0,0.0,0,0.0,0.0,0.0,0.0,0.0,69.0,72100000,,,,H
3238,2000/01,,losc-lille,as-monaco,0.0,0.0,0.0,0.0,0.0,72.18,86050000,0.0,0.0,0.0,0.0,0.0,73.63,257100000,,,,D
3239,2000/01,,olympique-lyonnais,stade-rennais,0.0,0.0,0.0,0.0,0.0,72.74,89500000,0.0,0.0,0.0,0.0,0.0,73.39,253175000,,,,D
3240,2000/01,,fc-nantes,rc-lens,0.0,0.0,0.0,0.0,0.0,69.58,54600000,0.0,0.0,0.0,0.0,0.0,72.84,82750000,,,,A
3241,2000/01,,as-monaco,fc-nantes,0.0,0.0,0.0,0.0,0.0,73.63,257100000,0.0,0.0,0.0,0.0,0.0,69.58,54600000,,,,A
3242,2000/01,,fc-metz,aj-auxerre,0.0,0.0,0.0,0.0,0.0,67.29,41450000,0.0,0.0,0.0,0.0,0.0,0.0,0,,,,A
3243,2000/01,,stade-rennais,paris-saint-germain,0.0,0.0,0.0,0.0,0.0,73.39,253175000,0.0,0.0,0.0,0.0,0.0,0.0,0,,,,D
3244,2000/01,,rc-strasbourg,losc-lille,0.0,0.0,0.0,0.0,0.0,69.0,72100000,0.0,0.0,0.0,0.0,0.0,72.18,86050000,,,,A
3245,2000/01,,losc-lille,stade-rennais,0.0,0.0,0.0,0.0,0.0,72.18,86050000,0.0,0.0,0.0,0.0,0.0,73.39,253175000,,,,H
3246,2000/01,,olympique-lyonnais,fc-metz,0.0,0.0,0.0,0.0,0.0,72.74,89500000,0.0,0.0,0.0,0.0,0.0,67.29,41450000,,,,D
3247,2000/01,,rc-strasbourg,as-monaco,0.0,0.0,0.0,0.0,0.0,69.0,72100000,0.0,0.0,0.0,0.0,0.0,73.63,257100000,,,,A
3248,2000/01,,olympique-de-marseille,rc-lens,0.0,0.0,0.0,0.0,0.0,73.85,58850000,0.0,0.0,0.0,0.0,0.0,72.84,82750000,,,,D
3249,2000/01,,rc-lens,toulouse-fc,0.0,0.0,0.0,0.0,0.0,72.84,82750000,0.0,0.0,0.0,0.0,0.0,68.76,60900000,,,,H
3250,2000/01,,fc-metz,paris-saint-germain,0.0,0.0,0.0,0.0,0.0,67.29,41450000,0.0,0.0,0.0,0.0,0.0,0.0,0,,,,H
3251,2000/01,,fc-nantes,olympique-de-marseille,0.0,0.0,0.0,0.0,0.0,69.58,54600000,0.0,0.0,0.0,0.0,0.0,73.85,58850000,,,,H
3252,2000/01,,stade-rennais,rc-strasbourg,0.0,0.0,0.0,0.0,0.0,73.39,253175000,0.0,0.0,0.0,0.0,0.0,69.0,72100000,,,,H
3253,2000/01,,losc-lille,fc-metz,0.0,0.0,0.0,0.0,0.0,72.18,86050000,0.0,0.0,0.0,0.0,0.0,67.29,41450000,,,,H
3254,2000/01,,stade-rennais,as-monaco,0.0,0.0,0.0,0.0,0.0,73.39,253175000,0.0,0.0,0.0,0.0,0.0,73.63,257100000,,,,D
3255,2000/01,,toulouse-fc,fc-nantes,0.0,0.0,0.0,0.0,0.0,68.76,60900000,0.0,0.0,0.0,0.0,0.0,69.58,54600000,,,,D
3256,2000/01,,as-monaco,olympique-de-marseille,0.0,0.0,0.0,0.0,0.0,73.63,257100000,0.0,0.0,0.0,0.0,0.0,73.85,58850000,,,,A
3257,2000/01,,rc-lens,aj-auxerre,0.0,0.0,0.0,0.0,0.0,72.84,82750000,0.0,0.0,0.0,0.0,0.0,0.0,0,,,,H
3258,2000/01,,fc-metz,rc-strasbourg,0.0,0.0,0.0,0.0,0.0,67.29,41450000,0.0,0.0,0.0,0.0,0.0,69.0,72100000,,,,H
3259,2000/01,,aj-auxerre,fc-nantes,0.0,0.0,0.0,0.0,0.0,0.0,0,0.0,0.0,0.0,0.0,0.0,69.58,54600000,,,,D
3260,2000/01,,olympique-lyonnais,rc-lens,0.0,0.0,0.0,0.0,0.0,72.74,89500000,0.0,0.0,0.0,0.0,0.0,72.84,82750000,,,,H
3261,2000/01,,stade-rennais,fc-metz,0.0,0.0,0.0,0.0,0.0,73.39,253175000,0.0,0.0,0.0,0.0,0.0,67.29,41450000,,,,A
3262,2000/01,,toulouse-fc,olympique-de-marseille,0.0,0.0,0.0,0.0,0.0,68.76,60900000,0.0,0.0,0.0,0.0,0.0,73.85,58850000,,,,H
3263,2000/01,,rc-lens,paris-saint-germain,0.0,0.0,0.0,0.0,0.0,72.84,82750000,0.0,0.0,0.0,0.0,0.0,0.0,0,,,,D
3264,2000/01,,as-monaco,toulouse-fc,0.0,0.0,0.0,0.0,0.0,73.63,257100000,0.0,0.0,0.0,0.0,0.0,68.76,60900000,,,,H
3265,2000/01,,fc-nantes,olympique-lyonnais,0.0,0.0,0.0,0.0,0.0,69.58,54600000,0.0,0.0,0.0,0.0,0.0,72.74,89500000,,,,A
3266,2000/01,,aj-auxerre,olympique-de-marseille,0.0,0.0,0.0,0.0,0.0,0.0,0,0.0,0.0,0.0,0.0,0.0,73.85,58850000,,,,A
3267,2000/01,,fc-metz,as-monaco,0.0,0.0,0.0,0.0,0.0,67.29,41450000,0.0,0.0,0.0,0.0,0.0,73.63,257100000,,,,A
3268,2000/01,,paris-saint-germain,fc-nantes,0.0,0.0,0.0,0.0,0.0,0.0,0,0.0,0.0,0.0,0.0,0.0,69.58,54600000,,,,H
3269,2000/01,,losc-lille,rc-lens,0.0,0.0,0.0,0.0,0.0,72.18,86050000,0.0,0.0,0.0,0.0,0.0,72.84,82750000,,,,H
3270,2000/01,,rc-lens,rc-strasbourg,0.0,0.0,0.0,0.0,0.0,72.84,82750000,0.0,0.0,0.0,0.0,0.0,69.0,72100000,,,,D
3271,2000/01,,toulouse-fc,aj-auxerre,0.0,0.0,0.0,0.0,0.0,68.76,60900000,0.0,0.0,0.0,0.0,0.0,0.0,0,,,,A
3272,2000/01,,olympique-de-marseille,olympique-lyonnais,0.0,0.0,0.0,0.0,0.0,73.85,58850000,0.0,0.0,0.0,0.0,0.0,72.74,89500000,,,,D
3273,2000/01,,fc-nantes,losc-lille,0.0,0.0,0.0,0.0,0.0,69.58,54600000,0.0,0.0,0.0,0.0,0.0,72.18,86050000,,,,D
3274,2000/01,,paris-saint-germain,olympique-de-marseille,0.0,0.0,0.0,0.0,0.0,0.0,0,0.0,0.0,0.0,0.0,0.0,73.85,58850000,,,,H
3275,2000/01,,stade-rennais,rc-lens,0.0,0.0,0.0,0.0,0.0,73.39,253175000,0.0,0.0,0.0,0.0,0.0,72.84,82750000,,,,H
3276,2000/01,,rc-strasbourg,fc-nantes,0.0,0.0,0.0,0.0,0.0,69.0,72100000,0.0,0.0,0.0,0.0,0.0,69.58,54600000,,,,A
3277,2000/01,,as-monaco,aj-auxerre,0.0,0.0,0.0,0.0,0.0,73.63,257100000,0.0,0.0,0.0,0.0,0.0,0.0,0,,,,D
3278,2000/01,,fc-nantes,stade-rennais,0.0,0.0,0.0,0.0,0.0,69.58,54600000,0.0,0.0,0.0,0.0,0.0,73.39,253175000,,,,H
3279,2000/01,,toulouse-fc,paris-saint-germain,0.0,0.0,0.0,0.0,0.0,68.76,60900000,0.0,0.0,0.0,0.0,0.0,0.0,0,,,,A
3280,2000/01,,olympique-de-marseille,losc-lille,0.0,0.0,0.0,0.0,0.0,73.85,58850000,0.0,0.0,0.0,0.0,0.0,72.18,86050000,,,,A
3281,2000/01,,rc-strasbourg,olympique-de-marseille,0.0,0.0,0.0,0.0,0.0,69.0,72100000,0.0,0.0,0.0,0.0,0.0,73.85,58850000,,,,D
3282,2000/01,,losc-lille,toulouse-fc,0.0,0.0,0.0,0.0,0.0,72.18,86050000,0.0,0.0,0.0,0.0,0.0,68.76,60900000,,,,H
3283,2000/01,,olympique-lyonnais,aj-auxerre,0.0,0.0,0.0,0.0,0.0,72.74,89500000,0.0,0.0,0.0,0.0,0.0,0.0,0,,,,D
3284,2000/01,,fc-metz,rc-lens,0.0,0.0,0.0,0.0,0.0,67.29,41450000,0.0,0.0,0.0,0.0,0.0,72.84,82750000,,,,H
3285,2000/01,,as-monaco,olympique-lyonnais,0.0,0.0,0.0,0.0,0.0,73.63,257100000,0.0,0.0,0.0,0.0,0.0,72.74,89500000,,,,A
3286,2000/01,,aj-auxerre,paris-saint-germain,0.0,0.0,0.0,0.0,0.0,0.0,0,0.0,0.0,0.0,0.0,0.0,0.0,0,,,,H
3287,2000/01,,olympique-de-marseille,stade-rennais,0.0,0.0,0.0,0.0,0.0,73.85,58850000,0.0,0.0,0.0,0.0,0.0,73.39,253175000,,,,A
3288,2000/01,,fc-nantes,fc-metz,0.0,0.0,0.0,0.0,0.0,69.58,54600000,0.0,0.0,0.0,0.0,0.0,67.29,41450000,,,,H
3289,2000/01,,toulouse-fc,rc-strasbourg,0.0,0.0,0.0,0.0,0.0,68.76,60900000,0.0,0.0,0.0,0.0,0.0,69.0,72100000,,,,D
3290,2000/01,,losc-lille,aj-auxerre,0.0,0.0,0.0,0.0,0.0,72.18,86050000,0.0,0.0,0.0,0.0,0.0,0.0,0,,,,D
3291,2000/01,,paris-saint-germain,olympique-lyonnais,0.0,0.0,0.0,0.0,0.0,0.0,0,0.0,0.0,0.0,0.0,0.0,72.74,89500000,,,,D
3292,2000/01,,stade-rennais,toulouse-fc,0.0,0.0,0.0,0.0,0.0,73.39,253175000,0.0,0.0,0.0,0.0,0.0,68.76,60900000,,,,D
3293,2000/01,,olympique-de-marseille,fc-metz,0.0,0.0,0.0,0.0,0.0,73.85,58850000,0.0,0.0,0.0,0.0,0.0,67.29,41450000,,,,H
3294,2000/01,,olympique-lyonnais,losc-lille,0.0,0.0,0.0,0.0,0.0,72.74,89500000,0.0,0.0,0.0,0.0,0.0,72.18,86050000,,,,A
3295,2000/01,,as-monaco,paris-saint-germain,0.0,0.0,0.0,0.0,0.0,73.63,257100000,0.0,0.0,0.0,0.0,0.0,0.0,0,,,,H
3296,2000/01,,aj-auxerre,rc-strasbourg,0.0,0.0,0.0,0.0,0.0,0.0,0,0.0,0.0,0.0,0.0,0.0,69.0,72100000,,,,A
3297,2000/01,,rc-lens,as-monaco,0.0,0.0,0.0,0.0,0.0,72.84,82750000,0.0,0.0,0.0,0.0,0.0,73.63,257100000,,,,H
3298,2000/01,,fc-metz,toulouse-fc,0.0,0.0,0.0,0.0,0.0,67.29,41450000,0.0,0.0,0.0,0.0,0.0,68.76,60900000,,,,D
3299,2000/01,,stade-rennais,aj-auxerre,0.0,0.0,0.0,0.0,0.0,73.39,253175000,0.0,0.0,0.0,0.0,0.0,0.0,0,,,,A
3300,2000/01,,rc-strasbourg,olympique-lyonnais,0.0,0.0,0.0,0.0,0.0,69.0,72100000,0.0,0.0,0.0,0.0,0.0,72.74,89500000,,,,A
3301,2000/01,,paris-saint-germain,stade-rennais,0.0,0.0,0.0,0.0,0.0,0.0,0,0.0,0.0,0.0,0.0,0.0,73.39,253175000,,,,A
3302,2000/01,,aj-auxerre,fc-metz,0.0,0.0,0.0,0.0,0.0,0.0,0,0.0,0.0,0.0,0.0,0.0,67.29,41450000,,,,H
3303,2000/01,,losc-lille,rc-strasbourg,0.0,0.0,0.0,0.0,0.0,72.18,86050000,0.0,0.0,0.0,0.0,0.0,69.0,72100000,,,,D
3304,2000/01,,fc-nantes,as-monaco,0.0,0.0,0.0,0.0,0.0,69.58,54600000,0.0,0.0,0.0,0.0,0.0,73.63,257100000,,,,H
3305,2000/01,,fc-metz,olympique-lyonnais,0.0,0.0,0.0,0.0,0.0,67.29,41450000,0.0,0.0,0.0,0.0,0.0,72.74,89500000,,,,D
3306,2000/01,,as-monaco,rc-strasbourg,0.0,0.0,0.0,0.0,0.0,73.63,257100000,0.0,0.0,0.0,0.0,0.0,69.0,72100000,,,,H
3307,2000/01,,stade-rennais,losc-lille,0.0,0.0,0.0,0.0,0.0,73.39,253175000,0.0,0.0,0.0,0.0,0.0,72.18,86050000,,,,H
3308,2000/01,,rc-lens,olympique-de-marseille,0.0,0.0,0.0,0.0,0.0,72.84,82750000,0.0,0.0,0.0,0.0,0.0,73.85,58850000,,,,H
3309,2000/01,,paris-saint-germain,fc-metz,0.0,0.0,0.0,0.0,0.0,0.0,0,0.0,0.0,0.0,0.0,0.0,67.29,41450000,,,,H
3310,2000/01,,rc-strasbourg,stade-rennais,0.0,0.0,0.0,0.0,0.0,69.0,72100000,0.0,0.0,0.0,0.0,0.0,73.39,253175000,,,,D
3311,2000/01,,toulouse-fc,rc-lens,0.0,0.0,0.0,0.0,0.0,68.76,60900000,0.0,0.0,0.0,0.0,0.0,72.84,82750000,,,,H
3312,2000/01,,olympique-de-marseille,fc-nantes,0.0,0.0,0.0,0.0,0.0,73.85,58850000,0.0,0.0,0.0,0.0,0.0,69.58,54600000,,,,H
3313,2000/01,,losc-lille,paris-saint-germain,0.0,0.0,0.0,0.0,0.0,72.18,86050000,0.0,0.0,0.0,0.0,0.0,0.0,0,,,,H
3314,2000/01,,olympique-lyonnais,toulouse-fc,0.0,0.0,0.0,0.0,0.0,72.74,89500000,0.0,0.0,0.0,0.0,0.0,68.76,60900000,,,,H
3315,2000/01,,fc-metz,losc-lille,0.0,0.0,0.0,0.0,0.0,67.29,41450000,0.0,0.0,0.0,0.0,0.0,72.18,86050000,,,,D
3316,2000/01,,as-monaco,stade-rennais,0.0,0.0,0.0,0.0,0.0,73.63,257100000,0.0,0.0,0.0,0.0,0.0,73.39,253175000,,,,A
3317,2000/01,,fc-nantes,toulouse-fc,0.0,0.0,0.0,0.0,0.0,69.58,54600000,0.0,0.0,0.0,0.0,0.0,68.76,60900000,,,,H
3318,2000/01,,olympique-de-marseille,as-monaco,0.0,0.0,0.0,0.0,0.0,73.85,58850000,0.0,0.0,0.0,0.0,0.0,73.63,257100000,,,,H
3319,2000/01,,aj-auxerre,rc-lens,0.0,0.0,0.0,0.0,0.0,0.0,0,0.0,0.0,0.0,0.0,0.0,72.84,82750000,,,,H
3320,2000/01,,rc-lens,olympique-lyonnais,0.0,0.0,0.0,0.0,0.0,72.84,82750000,0.0,0.0,0.0,0.0,0.0,72.74,89500000,,,,D
3321,2000/01,,olympique-de-marseille,toulouse-fc,0.0,0.0,0.0,0.0,0.0,73.85,58850000,0.0,0.0,0.0,0.0,0.0,68.76,60900000,,,,D
3322,2000/01,,fc-metz,stade-rennais,0.0,0.0,0.0,0.0,0.0,67.29,41450000,0.0,0.0,0.0,0.0,0.0,73.39,253175000,,,,D
3323,2000/01,,fc-nantes,aj-auxerre,0.0,0.0,0.0,0.0,0.0,69.58,54600000,0.0,0.0,0.0,0.0,0.0,0.0,0,,,,D
3324,2000/01,,olympique-lyonnais,fc-nantes,0.0,0.0,0.0,0.0,0.0,72.74,89500000,0.0,0.0,0.0,0.0,0.0,69.58,54600000,,,,H
3325,2000/01,,paris-saint-germain,rc-lens,0.0,0.0,0.0,0.0,0.0,0.0,0,0.0,0.0,0.0,0.0,0.0,72.84,82750000,,,,H
3326,2000/01,,toulouse-fc,as-monaco,0.0,0.0,0.0,0.0,0.0,68.76,60900000,0.0,0.0,0.0,0.0,0.0,73.63,257100000,,,,H
3327,2000/01,,olympique-de-marseille,aj-auxerre,0.0,0.0,0.0,0.0,0.0,73.85,58850000,0.0,0.0,0.0,0.0,0.0,0.0,0,,,,A
3328,2000/01,,as-monaco,fc-metz,0.0,0.0,0.0,0.0,0.0,73.63,257100000,0.0,0.0,0.0,0.0,0.0,67.29,41450000,,,,H
3329,2000/01,,fc-nantes,paris-saint-germain,0.0,0.0,0.0,0.0,0.0,69.58,54600000,0.0,0.0,0.0,0.0,0.0,0.0,0,,,,H
3330,2000/01,,rc-lens,losc-lille,0.0,0.0,0.0,0.0,0.0,72.84,82750000,0.0,0.0,0.0,0.0,0.0,72.18,86050000,,,,A
3331,2000/01,,olympique-lyonnais,olympique-de-marseille,0.0,0.0,0.0,0.0,0.0,72.74,89500000,0.0,0.0,0.0,0.0,0.0,73.85,58850000,,,,D
3332,2000/01,,aj-auxerre,toulouse-fc,0.0,0.0,0.0,0.0,0.0,0.0,0,0.0,0.0,0.0,0.0,0.0,68.76,60900000,,,,H
3333,2000/01,,losc-lille,fc-nantes,0.0,0.0,0.0,0.0,0.0,72.18,86050000,0.0,0.0,0.0,0.0,0.0,69.58,54600000,,,,D
3334,2000/01,,rc-strasbourg,rc-lens,0.0,0.0,0.0,0.0,0.0,69.0,72100000,0.0,0.0,0.0,0.0,0.0,72.84,82750000,,,,H
3335,2000/01,,rc-lens,stade-rennais,0.0,0.0,0.0,0.0,0.0,72.84,82750000,0.0,0.0,0.0,0.0,0.0,73.39,253175000,,,,A
3336,2000/01,,olympique-de-marseille,paris-saint-germain,0.0,0.0,0.0,0.0,0.0,73.85,58850000,0.0,0.0,0.0,0.0,0.0,0.0,0,,,,H
3337,2000/01,,toulouse-fc,olympique-lyonnais,0.0,0.0,0.0,0.0,0.0,68.76,60900000,0.0,0.0,0.0,0.0,0.0,72.74,89500000,,,,D
3338,2000/01,,fc-nantes,rc-strasbourg,0.0,0.0,0.0,0.0,0.0,69.58,54600000,0.0,0.0,0.0,0.0,0.0,69.0,72100000,,,,H
3339,2000/01,,aj-auxerre,as-monaco,0.0,0.0,0.0,0.0,0.0,0.0,0,0.0,0.0,0.0,0.0,0.0,73.63,257100000,,,,H
3340,2000/01,,losc-lille,olympique-de-marseille,0.0,0.0,0.0,0.0,0.0,72.18,86050000,0.0,0.0,0.0,0.0,0.0,73.85,58850000,,,,H
3341,2000/01,,paris-saint-germain,toulouse-fc,0.0,0.0,0.0,0.0,0.0,0.0,0,0.0,0.0,0.0,0.0,0.0,68.76,60900000,,,,H
3342,2000/01,,stade-rennais,fc-nantes,0.0,0.0,0.0,0.0,0.0,73.39,253175000,0.0,0.0,0.0,0.0,0.0,69.58,54600000,,,,A
3343,2000/01,,aj-auxerre,olympique-lyonnais,0.0,0.0,0.0,0.0,0.0,0.0,0,0.0,0.0,0.0,0.0,0.0,72.74,89500000,,,,A
3344,2000/01,,rc-lens,fc-metz,0.0,0.0,0.0,0.0,0.0,72.84,82750000,0.0,0.0,0.0,0.0,0.0,67.29,41450000,,,,D
3345,2000/01,,olympique-de-marseille,rc-strasbourg,0.0,0.0,0.0,0.0,0.0,73.85,58850000,0.0,0.0,0.0,0.0,0.0,69.0,72100000,,,,D
3346,2000/01,,toulouse-fc,losc-lille,0.0,0.0,0.0,0.0,0.0,68.76,60900000,0.0,0.0,0.0,0.0,0.0,72.18,86050000,,,,A
3347,2000/01,,olympique-lyonnais,as-monaco,0.0,0.0,0.0,0.0,0.0,72.74,89500000,0.0,0.0,0.0,0.0,0.0,73.63,257100000,,,,H
3348,2000/01,,fc-metz,fc-nantes,0.0,0.0,0.0,0.0,0.0,67.29,41450000,0.0,0.0,0.0,0.0,0.0,69.58,54600000,,,,A
3349,2000/01,,paris-saint-germain,aj-auxerre,0.0,0.0,0.0,0.0,0.0,0.0,0,0.0,0.0,0.0,0.0,0.0,0.0,0,,,,H
3350,2000/01,,stade-rennais,olympique-de-marseille,0.0,0.0,0.0,0.0,0.0,73.39,253175000,0.0,0.0,0.0,0.0,0.0,73.85,58850000,,,,H
3351,2000/01,,rc-strasbourg,toulouse-fc,0.0,0.0,0.0,0.0,0.0,69.0,72100000,0.0,0.0,0.0,0.0,0.0,68.76,60900000,,,,H
3352,2000/01,,rc-strasbourg,fc-metz,0.0,0.0,0.0,0.0,0.0,69.0,72100000,0.0,0.0,0.0,0.0,0.0,67.29,41450000,,,,A
3353,2000/01,,aj-auxerre,losc-lille,0.0,0.0,0.0,0.0,0.0,0.0,0,0.0,0.0,0.0,0.0,0.0,72.18,86050000,,,,D
3354,2000/01,,toulouse-fc,stade-rennais,0.0,0.0,0.0,0.0,0.0,68.76,60900000,0.0,0.0,0.0,0.0,0.0,73.39,253175000,,,,H
3355,2000/01,,olympique-lyonnais,paris-saint-germain,0.0,0.0,0.0,0.0,0.0,72.74,89500000,0.0,0.0,0.0,0.0,0.0,0.0,0,,,,H
3356,2000/01,,losc-lille,olympique-lyonnais,0.0,0.0,0.0,0.0,0.0,72.18,86050000,0.0,0.0,0.0,0.0,0.0,72.74,89500000,,,,A
3357,2000/01,,fc-metz,olympique-de-marseille,0.0,0.0,0.0,0.0,0.0,67.29,41450000,0.0,0.0,0.0,0.0,0.0,73.85,58850000,,,,H
3358,2000/01,,paris-saint-germain,as-monaco,0.0,0.0,0.0,0.0,0.0,0.0,0,0.0,0.0,0.0,0.0,0.0,73.63,257100000,,,,D
3359,2000/01,,rc-strasbourg,aj-auxerre,0.0,0.0,0.0,0.0,0.0,69.0,72100000,0.0,0.0,0.0,0.0,0.0,0.0,0,,,,H
3360,2000/01,,aj-auxerre,stade-rennais,0.0,0.0,0.0,0.0,0.0,0.0,0,0.0,0.0,0.0,0.0,0.0,73.39,253175000,,,,A
3361,2000/01,,olympique-lyonnais,rc-strasbourg,0.0,0.0,0.0,0.0,0.0,72.74,89500000,0.0,0.0,0.0,0.0,0.0,69.0,72100000,,,,H
3362,2000/01,,as-monaco,rc-lens,0.0,0.0,0.0,0.0,0.0,73.63,257100000,0.0,0.0,0.0,0.0,0.0,72.84,82750000,,,,D
3363,2000/01,,paris-saint-germain,losc-lille,0.0,0.0,0.0,0.0,0.0,0.0,0,0.0,0.0,0.0,0.0,0.0,72.18,86050000,,,,D
3364,2000/01,,toulouse-fc,fc-metz,0.0,0.0,0.0,0.0,0.0,68.76,60900000,0.0,0.0,0.0,0.0,0.0,67.29,41450000,,,,H
3365,2000/01,,rc-lens,fc-nantes,0.0,0.0,0.0,0.0,0.0,72.84,82750000,0.0,0.0,0.0,0.0,0.0,69.58,54600000,,,,A
3366,2000/01,,as-monaco,losc-lille,0.0,0.0,0.0,0.0,0.0,73.63,257100000,0.0,0.0,0.0,0.0,0.0,72.18,86050000,,,,A
3367,2000/01,,stade-rennais,olympique-lyonnais,0.0,0.0,0.0,0.0,0.0,73.39,253175000,0.0,0.0,0.0,0.0,0.0,72.74,89500000,,,,A
3368,2000/01,,rc-strasbourg,paris-saint-germain,0.0,0.0,0.0,0.0,0.0,69.0,72100000,0.0,0.0,0.0,0.0,0.0,0.0,0,,,,A
3369,2001/02,,rc-lens,olympique-lyonnais,0.0,0.0,0.0,0.0,0.0,72.84,82750000,0.0,0.0,0.0,0.0,0.0,72.74,89500000,,,,H
3370,2001/02,,fc-lorient,fc-metz,0.0,0.0,0.0,0.0,0.0,70.23,70850000,0.0,0.0,0.0,0.0,0.0,67.29,41450000,,,,H
3371,2001/02,,paris-saint-germain,losc-lille,0.0,0.0,0.0,0.0,0.0,0.0,0,0.0,0.0,0.0,0.0,0.0,72.18,86050000,,,,D
3372,2001/02,,stade-rennais,aj-auxerre,0.0,0.0,0.0,0.0,0.0,73.39,253175000,0.0,0.0,0.0,0.0,0.0,0.0,0,,,,A
3373,2001/02,,aj-auxerre,paris-saint-germain,0.0,0.0,0.0,0.0,0.0,0.0,0,0.0,0.0,0.0,0.0,0.0,0.0,0,,,,D
3374,2001/02,,losc-lille,fc-lorient,0.0,0.0,0.0,0.0,0.0,72.18,86050000,0.0,0.0,0.0,0.0,0.0,70.23,70850000,,,,H
3375,2001/02,,fc-nantes,rc-lens,0.0,0.0,0.0,0.0,0.0,69.58,54600000,0.0,0.0,0.0,0.0,0.0,72.84,82750000,,,,A
3376,2001/02,,rc-lens,olympique-de-marseille,0.0,0.0,0.0,0.0,0.0,72.84,82750000,0.0,0.0,0.0,0.0,0.0,73.85,58850000,,,,H
3377,2001/02,,stade-rennais,as-monaco,0.0,0.0,0.0,0.0,0.0,73.39,253175000,0.0,0.0,0.0,0.0,0.0,73.63,257100000,,,,H
3378,2001/02,,fc-lorient,aj-auxerre,0.0,0.0,0.0,0.0,0.0,70.23,70850000,0.0,0.0,0.0,0.0,0.0,0.0,0,,,,A
3379,2001/02,,fc-metz,rc-lens,0.0,0.0,0.0,0.0,0.0,67.29,41450000,0.0,0.0,0.0,0.0,0.0,72.84,82750000,,,,A
3380,2001/02,,as-monaco,paris-saint-germain,0.0,0.0,0.0,0.0,0.0,73.63,257100000,0.0,0.0,0.0,0.0,0.0,0.0,0,,,,D
3381,2001/02,,fc-lorient,as-monaco,0.0,0.0,0.0,0.0,0.0,70.23,70850000,0.0,0.0,0.0,0.0,0.0,73.63,257100000,,,,H
3382,2001/02,,paris-saint-germain,stade-rennais,0.0,0.0,0.0,0.0,0.0,0.0,0,0.0,0.0,0.0,0.0,0.0,73.39,253175000,,,,H
3383,2001/02,,rc-lens,losc-lille,0.0,0.0,0.0,0.0,0.0,72.84,82750000,0.0,0.0,0.0,0.0,0.0,72.18,86050000,,,,D
3384,2001/02,,olympique-de-marseille,olympique-lyonnais,0.0,0.0,0.0,0.0,0.0,73.85,58850000,0.0,0.0,0.0,0.0,0.0,72.74,89500000,,,,D
3385,2001/02,,paris-saint-germain,rc-lens,0.0,0.0,0.0,0.0,0.0,0.0,0,0.0,0.0,0.0,0.0,0.0,72.84,82750000,,,,D
3386,2001/02,,stade-rennais,fc-lorient,0.0,0.0,0.0,0.0,0.0,73.39,253175000,0.0,0.0,0.0,0.0,0.0,70.23,70850000,,,,D
3387,2001/02,,fc-lorient,paris-saint-germain,0.0,0.0,0.0,0.0,0.0,70.23,70850000,0.0,0.0,0.0,0.0,0.0,0.0,0,,,,D
3388,2001/02,,olympique-lyonnais,fc-nantes,0.0,0.0,0.0,0.0,0.0,72.74,89500000,0.0,0.0,0.0,0.0,0.0,69.58,54600000,,,,H
3389,2001/02,,olympique-de-marseille,fc-nantes,0.0,0.0,0.0,0.0,0.0,73.85,58850000,0.0,0.0,0.0,0.0,0.0,69.58,54600000,,,,H
3390,2001/02,,fc-metz,olympique-lyonnais,0.0,0.0,0.0,0.0,0.0,67.29,41450000,0.0,0.0,0.0,0.0,0.0,72.74,89500000,,,,H
3391,2001/02,,as-monaco,rc-lens,0.0,0.0,0.0,0.0,0.0,73.63,257100000,0.0,0.0,0.0,0.0,0.0,72.84,82750000,,,,H
3392,2001/02,,rc-lens,aj-auxerre,0.0,0.0,0.0,0.0,0.0,72.84,82750000,0.0,0.0,0.0,0.0,0.0,0.0,0,,,,D
3393,2001/02,,olympique-lyonnais,stade-rennais,0.0,0.0,0.0,0.0,0.0,72.74,89500000,0.0,0.0,0.0,0.0,0.0,73.39,253175000,,,,H
3394,2001/02,,fc-nantes,fc-metz,0.0,0.0,0.0,0.0,0.0,69.58,54600000,0.0,0.0,0.0,0.0,0.0,67.29,41450000,,,,D
3395,2001/02,,losc-lille,fc-nantes,0.0,0.0,0.0,0.0,0.0,72.18,86050000,0.0,0.0,0.0,0.0,0.0,69.58,54600000,,,,H
3396,2001/02,,fc-lorient,rc-lens,0.0,0.0,0.0,0.0,0.0,70.23,70850000,0.0,0.0,0.0,0.0,0.0,72.84,82750000,,,,A
3397,2001/02,,fc-metz,olympique-de-marseille,0.0,0.0,0.0,0.0,0.0,67.29,41450000,0.0,0.0,0.0,0.0,0.0,73.85,58850000,,,,A
3398,2001/02,,paris-saint-germain,olympique-lyonnais,0.0,0.0,0.0,0.0,0.0,0.0,0,0.0,0.0,0.0,0.0,0.0,72.74,89500000,,,,D
3399,2001/02,,olympique-de-marseille,losc-lille,0.0,0.0,0.0,0.0,0.0,73.85,58850000,0.0,0.0,0.0,0.0,0.0,72.18,86050000,,,,D
3400,2001/02,,fc-nantes,aj-auxerre,0.0,0.0,0.0,0.0,0.0,69.58,54600000,0.0,0.0,0.0,0.0,0.0,0.0,0,,,,D
3401,2001/02,,aj-auxerre,olympique-de-marseille,0.0,0.0,0.0,0.0,0.0,0.0,0,0.0,0.0,0.0,0.0,0.0,73.85,58850000,,,,H
3402,2001/02,,losc-lille,fc-metz,0.0,0.0,0.0,0.0,0.0,72.18,86050000,0.0,0.0,0.0,0.0,0.0,67.29,41450000,,,,H
3403,2001/02,,as-monaco,olympique-lyonnais,0.0,0.0,0.0,0.0,0.0,73.63,257100000,0.0,0.0,0.0,0.0,0.0,72.74,89500000,,,,H
3404,2001/02,,stade-rennais,rc-lens,0.0,0.0,0.0,0.0,0.0,73.39,253175000,0.0,0.0,0.0,0.0,0.0,72.84,82750000,,,,A
3405,2001/02,,olympique-de-marseille,stade-rennais,0.0,0.0,0.0,0.0,0.0,73.85,58850000,0.0,0.0,0.0,0.0,0.0,73.39,253175000,,,,H
3406,2001/02,,fc-nantes,as-monaco,0.0,0.0,0.0,0.0,0.0,69.58,54600000,0.0,0.0,0.0,0.0,0.0,73.63,257100000,,,,H
3407,2001/02,,olympique-lyonnais,losc-lille,0.0,0.0,0.0,0.0,0.0,72.74,89500000,0.0,0.0,0.0,0.0,0.0,72.18,86050000,,,,H
3408,2001/02,,fc-metz,aj-auxerre,0.0,0.0,0.0,0.0,0.0,67.29,41450000,0.0,0.0,0.0,0.0,0.0,0.0,0,,,,H
3409,2001/02,,as-monaco,olympique-de-marseille,0.0,0.0,0.0,0.0,0.0,73.63,257100000,0.0,0.0,0.0,0.0,0.0,73.85,58850000,,,,D
3410,2001/02,,aj-auxerre,losc-lille,0.0,0.0,0.0,0.0,0.0,0.0,0,0.0,0.0,0.0,0.0,0.0,72.18,86050000,,,,H
3411,2001/02,,fc-lorient,olympique-lyonnais,0.0,0.0,0.0,0.0,0.0,70.23,70850000,0.0,0.0,0.0,0.0,0.0,72.74,89500000,,,,A
3412,2001/02,,stade-rennais,fc-nantes,0.0,0.0,0.0,0.0,0.0,73.39,253175000,0.0,0.0,0.0,0.0,0.0,69.58,54600000,,,,H
3413,2001/02,,fc-metz,as-monaco,0.0,0.0,0.0,0.0,0.0,67.29,41450000,0.0,0.0,0.0,0.0,0.0,73.63,257100000,,,,H
3414,2001/02,,losc-lille,stade-rennais,0.0,0.0,0.0,0.0,0.0,72.18,86050000,0.0,0.0,0.0,0.0,0.0,73.39,253175000,,,,H
3415,2001/02,,olympique-lyonnais,aj-auxerre,0.0,0.0,0.0,0.0,0.0,72.74,89500000,0.0,0.0,0.0,0.0,0.0,0.0,0,,,,H
3416,2001/02,,fc-nantes,paris-saint-germain,0.0,0.0,0.0,0.0,0.0,69.58,54600000,0.0,0.0,0.0,0.0,0.0,0.0,0,,,,A
3417,2001/02,,fc-lorient,fc-nantes,0.0,0.0,0.0,0.0,0.0,70.23,70850000,0.0,0.0,0.0,0.0,0.0,69.58,54600000,,,,A
3418,2001/02,,as-monaco,losc-lille,0.0,0.0,0.0,0.0,0.0,73.63,257100000,0.0,0.0,0.0,0.0,0.0,72.18,86050000,,,,D
3419,2001/02,,stade-rennais,fc-metz,0.0,0.0,0.0,0.0,0.0,73.39,253175000,0.0,0.0,0.0,0.0,0.0,67.29,41450000,,,,D
3420,2001/02,,paris-saint-germain,olympique-de-marseille,0.0,0.0,0.0,0.0,0.0,0.0,0,0.0,0.0,0.0,0.0,0.0,73.85,58850000,,,,D
3421,2001/02,,aj-auxerre,as-monaco,0.0,0.0,0.0,0.0,0.0,0.0,0,0.0,0.0,0.0,0.0,0.0,73.63,257100000,,,,H
3422,2001/02,,olympique-de-marseille,fc-lorient,0.0,0.0,0.0,0.0,0.0,73.85,58850000,0.0,0.0,0.0,0.0,0.0,70.23,70850000,,,,H
3423,2001/02,,fc-metz,paris-saint-germain,0.0,0.0,0.0,0.0,0.0,67.29,41450000,0.0,0.0,0.0,0.0,0.0,0.0,0,,,,A
3424,2001/02,,rc-lens,fc-nantes,0.0,0.0,0.0,0.0,0.0,72.84,82750000,0.0,0.0,0.0,0.0,0.0,69.58,54600000,,,,H
3425,2001/02,,fc-lorient,losc-lille,0.0,0.0,0.0,0.0,0.0,70.23,70850000,0.0,0.0,0.0,0.0,0.0,72.18,86050000,,,,A
3426,2001/02,,paris-saint-germain,aj-auxerre,0.0,0.0,0.0,0.0,0.0,0.0,0,0.0,0.0,0.0,0.0,0.0,0.0,0,,,,D
3427,2001/02,,olympique-de-marseille,rc-lens,0.0,0.0,0.0,0.0,0.0,73.85,58850000,0.0,0.0,0.0,0.0,0.0,72.84,82750000,,,,A
3428,2001/02,,as-monaco,stade-rennais,0.0,0.0,0.0,0.0,0.0,73.63,257100000,0.0,0.0,0.0,0.0,0.0,73.39,253175000,,,,H
3429,2001/02,,paris-saint-germain,as-monaco,0.0,0.0,0.0,0.0,0.0,0.0,0,0.0,0.0,0.0,0.0,0.0,73.63,257100000,,,,A
3430,2001/02,,losc-lille,rc-lens,0.0,0.0,0.0,0.0,0.0,72.18,86050000,0.0,0.0,0.0,0.0,0.0,72.84,82750000,,,,A
3431,2001/02,,as-monaco,fc-lorient,0.0,0.0,0.0,0.0,0.0,73.63,257100000,0.0,0.0,0.0,0.0,0.0,70.23,70850000,,,,H
3432,2001/02,,stade-rennais,paris-saint-germain,0.0,0.0,0.0,0.0,0.0,73.39,253175000,0.0,0.0,0.0,0.0,0.0,0.0,0,,,,A
3433,2001/02,,aj-auxerre,fc-lorient,0.0,0.0,0.0,0.0,0.0,0.0,0,0.0,0.0,0.0,0.0,0.0,70.23,70850000,,,,D
3434,2001/02,,fc-lorient,stade-rennais,0.0,0.0,0.0,0.0,0.0,70.23,70850000,0.0,0.0,0.0,0.0,0.0,73.39,253175000,,,,H
3435,2001/02,,olympique-lyonnais,olympique-de-marseille,0.0,0.0,0.0,0.0,0.0,72.74,89500000,0.0,0.0,0.0,0.0,0.0,73.85,58850000,,,,H
3436,2001/02,,rc-lens,paris-saint-germain,0.0,0.0,0.0,0.0,0.0,72.84,82750000,0.0,0.0,0.0,0.0,0.0,0.0,0,,,,D
3437,2001/02,,fc-nantes,olympique-lyonnais,0.0,0.0,0.0,0.0,0.0,69.58,54600000,0.0,0.0,0.0,0.0,0.0,72.74,89500000,,,,H
3438,2001/02,,paris-saint-germain,fc-lorient,0.0,0.0,0.0,0.0,0.0,0.0,0,0.0,0.0,0.0,0.0,0.0,70.23,70850000,,,,H
3439,2001/02,,rc-lens,as-monaco,0.0,0.0,0.0,0.0,0.0,72.84,82750000,0.0,0.0,0.0,0.0,0.0,73.63,257100000,,,,H
3440,2001/02,,olympique-lyonnais,fc-metz,0.0,0.0,0.0,0.0,0.0,72.74,89500000,0.0,0.0,0.0,0.0,0.0,67.29,41450000,,,,H
3441,2001/02,,fc-nantes,olympique-de-marseille,0.0,0.0,0.0,0.0,0.0,69.58,54600000,0.0,0.0,0.0,0.0,0.0,73.85,58850000,,,,H
3442,2001/02,,aj-auxerre,rc-lens,0.0,0.0,0.0,0.0,0.0,0.0,0,0.0,0.0,0.0,0.0,0.0,72.84,82750000,,,,H
3443,2001/02,,fc-metz,fc-nantes,0.0,0.0,0.0,0.0,0.0,67.29,41450000,0.0,0.0,0.0,0.0,0.0,69.58,54600000,,,,H
3444,2001/02,,stade-rennais,olympique-lyonnais,0.0,0.0,0.0,0.0,0.0,73.39,253175000,0.0,0.0,0.0,0.0,0.0,72.74,89500000,,,,D
3445,2001/02,,rc-lens,fc-lorient,0.0,0.0,0.0,0.0,0.0,72.84,82750000,0.0,0.0,0.0,0.0,0.0,70.23,70850000,,,,D
3446,2001/02,,fc-nantes,losc-lille,0.0,0.0,0.0,0.0,0.0,69.58,54600000,0.0,0.0,0.0,0.0,0.0,72.18,86050000,,,,A
3447,2001/02,,olympique-lyonnais,paris-saint-germain,0.0,0.0,0.0,0.0,0.0,72.74,89500000,0.0,0.0,0.0,0.0,0.0,0.0,0,,,,H
3448,2001/02,,olympique-de-marseille,fc-metz,0.0,0.0,0.0,0.0,0.0,73.85,58850000,0.0,0.0,0.0,0.0,0.0,67.29,41450000,,,,H
3449,2001/02,,aj-auxerre,fc-nantes,0.0,0.0,0.0,0.0,0.0,0.0,0,0.0,0.0,0.0,0.0,0.0,69.58,54600000,,,,H
3450,2001/02,,losc-lille,olympique-de-marseille,0.0,0.0,0.0,0.0,0.0,72.18,86050000,0.0,0.0,0.0,0.0,0.0,73.85,58850000,,,,H
3451,2001/02,,rc-lens,fc-metz,0.0,0.0,0.0,0.0,0.0,72.84,82750000,0.0,0.0,0.0,0.0,0.0,67.29,41450000,,,,D
3452,2001/02,,rc-lens,stade-rennais,0.0,0.0,0.0,0.0,0.0,72.84,82750000,0.0,0.0,0.0,0.0,0.0,73.39,253175000,,,,H
3453,2001/02,,olympique-lyonnais,as-monaco,0.0,0.0,0.0,0.0,0.0,72.74,89500000,0.0,0.0,0.0,0.0,0.0,73.63,257100000,,,,H
3454,2001/02,,fc-metz,losc-lille,0.0,0.0,0.0,0.0,0.0,67.29,41450000,0.0,0.0,0.0,0.0,0.0,72.18,86050000,,,,A
3455,2001/02,,aj-auxerre,fc-metz,0.0,0.0,0.0,0.0,0.0,0.0,0,0.0,0.0,0.0,0.0,0.0,67.29,41450000,,,,H
3456,2001/02,,losc-lille,olympique-lyonnais,0.0,0.0,0.0,0.0,0.0,72.18,86050000,0.0,0.0,0.0,0.0,0.0,72.74,89500000,,,,H
3457,2001/02,,as-monaco,fc-nantes,0.0,0.0,0.0,0.0,0.0,73.63,257100000,0.0,0.0,0.0,0.0,0.0,69.58,54600000,,,,A
3458,2001/02,,stade-rennais,olympique-de-marseille,0.0,0.0,0.0,0.0,0.0,73.39,253175000,0.0,0.0,0.0,0.0,0.0,73.85,58850000,,,,H
3459,2001/02,,losc-lille,aj-auxerre,0.0,0.0,0.0,0.0,0.0,72.18,86050000,0.0,0.0,0.0,0.0,0.0,0.0,0,,,,A
3460,2001/02,,olympique-lyonnais,fc-lorient,0.0,0.0,0.0,0.0,0.0,72.74,89500000,0.0,0.0,0.0,0.0,0.0,70.23,70850000,,,,H
3461,2001/02,,fc-nantes,stade-rennais,0.0,0.0,0.0,0.0,0.0,69.58,54600000,0.0,0.0,0.0,0.0,0.0,73.39,253175000,,,,H
3462,2001/02,,olympique-de-marseille,as-monaco,0.0,0.0,0.0,0.0,0.0,73.85,58850000,0.0,0.0,0.0,0.0,0.0,73.63,257100000,,,,D
3463,2001/02,,olympique-de-marseille,aj-auxerre,0.0,0.0,0.0,0.0,0.0,73.85,58850000,0.0,0.0,0.0,0.0,0.0,0.0,0,,,,H
3464,2001/02,,as-monaco,fc-metz,0.0,0.0,0.0,0.0,0.0,73.63,257100000,0.0,0.0,0.0,0.0,0.0,67.29,41450000,,,,D
3465,2001/02,,paris-saint-germain,fc-nantes,0.0,0.0,0.0,0.0,0.0,0.0,0,0.0,0.0,0.0,0.0,0.0,69.58,54600000,,,,D
3466,2001/02,,stade-rennais,losc-lille,0.0,0.0,0.0,0.0,0.0,73.39,253175000,0.0,0.0,0.0,0.0,0.0,72.18,86050000,,,,H
3467,2001/02,,aj-auxerre,olympique-lyonnais,0.0,0.0,0.0,0.0,0.0,0.0,0,0.0,0.0,0.0,0.0,0.0,72.74,89500000,,,,A
3468,2001/02,,olympique-de-marseille,paris-saint-germain,0.0,0.0,0.0,0.0,0.0,73.85,58850000,0.0,0.0,0.0,0.0,0.0,0.0,0,,,,H
3469,2001/02,,losc-lille,as-monaco,0.0,0.0,0.0,0.0,0.0,72.18,86050000,0.0,0.0,0.0,0.0,0.0,73.63,257100000,,,,D
3470,2001/02,,fc-metz,stade-rennais,0.0,0.0,0.0,0.0,0.0,67.29,41450000,0.0,0.0,0.0,0.0,0.0,73.39,253175000,,,,H
3471,2001/02,,fc-nantes,fc-lorient,0.0,0.0,0.0,0.0,0.0,69.58,54600000,0.0,0.0,0.0,0.0,0.0,70.23,70850000,,,,H
3472,2001/02,,fc-lorient,olympique-de-marseille,0.0,0.0,0.0,0.0,0.0,70.23,70850000,0.0,0.0,0.0,0.0,0.0,73.85,58850000,,,,D
3473,2001/02,,as-monaco,aj-auxerre,0.0,0.0,0.0,0.0,0.0,73.63,257100000,0.0,0.0,0.0,0.0,0.0,0.0,0,,,,D
3474,2001/02,,paris-saint-germain,fc-metz,0.0,0.0,0.0,0.0,0.0,0.0,0,0.0,0.0,0.0,0.0,0.0,67.29,41450000,,,,H
3475,2001/02,,aj-auxerre,stade-rennais,0.0,0.0,0.0,0.0,0.0,0.0,0,0.0,0.0,0.0,0.0,0.0,73.39,253175000,,,,A
3476,2001/02,,losc-lille,paris-saint-germain,0.0,0.0,0.0,0.0,0.0,72.18,86050000,0.0,0.0,0.0,0.0,0.0,0.0,0,,,,H
3477,2001/02,,olympique-lyonnais,rc-lens,0.0,0.0,0.0,0.0,0.0,72.74,89500000,0.0,0.0,0.0,0.0,0.0,72.84,82750000,,,,H
3478,2001/02,,fc-metz,fc-lorient,0.0,0.0,0.0,0.0,0.0,67.29,41450000,0.0,0.0,0.0,0.0,0.0,70.23,70850000,,,,D
3479,2002/03,,olympique-de-marseille,fc-nantes,0.0,0.0,0.0,0.0,0.0,73.85,58850000,0.0,0.0,0.0,0.0,0.0,69.58,54600000,,,,A
3480,2002/03,,paris-saint-germain,aj-auxerre,0.0,0.0,0.0,0.0,0.0,0.0,0,0.0,0.0,0.0,0.0,0.0,0.0,0,,,,H
3481,2002/03,,as-monaco,olympique-de-marseille,0.0,0.0,0.0,0.0,0.0,73.63,257100000,0.0,0.0,0.0,0.0,0.0,73.85,58850000,,,,A
3482,2002/03,,ogc-nice,rc-strasbourg,0.0,0.0,0.0,0.0,0.0,73.28,89200000,0.0,0.0,0.0,0.0,0.0,69.0,72100000,,,,H
3483,2002/03,,olympique-de-marseille,olympique-lyonnais,0.0,0.0,0.0,0.0,0.0,73.85,58850000,0.0,0.0,0.0,0.0,0.0,72.74,89500000,,,,D
3484,2002/03,,losc-lille,ogc-nice,0.0,0.0,0.0,0.0,0.0,72.18,86050000,0.0,0.0,0.0,0.0,0.0,73.28,89200000,,,,A
3485,2002/03,,fc-nantes,rc-lens,0.0,0.0,0.0,0.0,0.0,69.58,54600000,0.0,0.0,0.0,0.0,0.0,72.84,82750000,,,,D
3486,2002/03,,stade-rennais,olympique-de-marseille,0.0,0.0,0.0,0.0,0.0,73.39,253175000,0.0,0.0,0.0,0.0,0.0,73.85,58850000,,,,A
3487,2002/03,,rc-lens,as-monaco,0.0,0.0,0.0,0.0,0.0,72.84,82750000,0.0,0.0,0.0,0.0,0.0,73.63,257100000,,,,H
3488,2002/03,,paris-saint-germain,ogc-nice,0.0,0.0,0.0,0.0,0.0,0.0,0,0.0,0.0,0.0,0.0,0.0,73.28,89200000,,,,D
3489,2002/03,,rc-strasbourg,losc-lille,0.0,0.0,0.0,0.0,0.0,69.0,72100000,0.0,0.0,0.0,0.0,0.0,72.18,86050000,,,,D
3490,2002/03,,olympique-de-marseille,aj-auxerre,0.0,0.0,0.0,0.0,0.0,73.85,58850000,0.0,0.0,0.0,0.0,0.0,0.0,0,,,,D
3491,2002/03,,olympique-lyonnais,rc-lens,0.0,0.0,0.0,0.0,0.0,72.74,89500000,0.0,0.0,0.0,0.0,0.0,72.84,82750000,,,,H
3492,2002/03,,losc-lille,paris-saint-germain,0.0,0.0,0.0,0.0,0.0,72.18,86050000,0.0,0.0,0.0,0.0,0.0,0.0,0,,,,H
3493,2002/03,,as-monaco,fc-nantes,0.0,0.0,0.0,0.0,0.0,73.63,257100000,0.0,0.0,0.0,0.0,0.0,69.58,54600000,,,,H
3494,2002/03,,ogc-nice,olympique-de-marseille,0.0,0.0,0.0,0.0,0.0,73.28,89200000,0.0,0.0,0.0,0.0,0.0,73.85,58850000,,,,H
3495,2002/03,,rc-lens,stade-rennais,0.0,0.0,0.0,0.0,0.0,72.84,82750000,0.0,0.0,0.0,0.0,0.0,73.39,253175000,,,,H
3496,2002/03,,fc-nantes,olympique-lyonnais,0.0,0.0,0.0,0.0,0.0,69.58,54600000,0.0,0.0,0.0,0.0,0.0,72.74,89500000,,,,H
3497,2002/03,,paris-saint-germain,rc-strasbourg,0.0,0.0,0.0,0.0,0.0,0.0,0,0.0,0.0,0.0,0.0,0.0,69.0,72100000,,,,H
3498,2002/03,,olympique-lyonnais,as-monaco,0.0,0.0,0.0,0.0,0.0,72.74,89500000,0.0,0.0,0.0,0.0,0.0,73.63,257100000,,,,A
3499,2002/03,,stade-rennais,fc-nantes,0.0,0.0,0.0,0.0,0.0,73.39,253175000,0.0,0.0,0.0,0.0,0.0,69.58,54600000,,,,H
3500,2002/03,,rc-lens,losc-lille,0.0,0.0,0.0,0.0,0.0,72.84,82750000,0.0,0.0,0.0,0.0,0.0,72.18,86050000,,,,D
3501,2002/03,,as-monaco,stade-rennais,0.0,0.0,0.0,0.0,0.0,73.63,257100000,0.0,0.0,0.0,0.0,0.0,73.39,253175000,,,,H
3502,2002/03,,fc-nantes,aj-auxerre,0.0,0.0,0.0,0.0,0.0,69.58,54600000,0.0,0.0,0.0,0.0,0.0,0.0,0,,,,A
3503,2002/03,,losc-lille,olympique-de-marseille,0.0,0.0,0.0,0.0,0.0,72.18,86050000,0.0,0.0,0.0,0.0,0.0,73.85,58850000,,,,H
3504,2002/03,,stade-rennais,olympique-lyonnais,0.0,0.0,0.0,0.0,0.0,73.39,253175000,0.0,0.0,0.0,0.0,0.0,72.74,89500000,,,,A
3505,2002/03,,aj-auxerre,as-monaco,0.0,0.0,0.0,0.0,0.0,0.0,0,0.0,0.0,0.0,0.0,0.0,73.63,257100000,,,,D
3506,2002/03,,olympique-lyonnais,aj-auxerre,0.0,0.0,0.0,0.0,0.0,72.74,89500000,0.0,0.0,0.0,0.0,0.0,0.0,0,,,,H
3507,2002/03,,as-monaco,losc-lille,0.0,0.0,0.0,0.0,0.0,73.63,257100000,0.0,0.0,0.0,0.0,0.0,72.18,86050000,,,,D
3508,2002/03,,fc-nantes,ogc-nice,0.0,0.0,0.0,0.0,0.0,69.58,54600000,0.0,0.0,0.0,0.0,0.0,73.28,89200000,,,,D
3509,2002/03,,olympique-de-marseille,rc-strasbourg,0.0,0.0,0.0,0.0,0.0,73.85,58850000,0.0,0.0,0.0,0.0,0.0,69.0,72100000,,,,H
3510,2002/03,,aj-auxerre,stade-rennais,0.0,0.0,0.0,0.0,0.0,0.0,0,0.0,0.0,0.0,0.0,0.0,73.39,253175000,,,,H
3511,2002/03,,ogc-nice,rc-lens,0.0,0.0,0.0,0.0,0.0,73.28,89200000,0.0,0.0,0.0,0.0,0.0,72.84,82750000,,,,D
6283,1999/00,,fc-metz,stade-rennais,0.0,0.0,0.0,0.0,0.0,67.29,41450000,0.0,0.0,0.0,0.0,0.0,73.39,253175000,,,,D
3512,2002/03,,paris-saint-germain,olympique-de-marseille,0.0,0.0,0.0,0.0,0.0,0.0,0,0.0,0.0,0.0,0.0,0.0,73.85,58850000,,,,H
3513,2002/03,,rc-lens,aj-auxerre,0.0,0.0,0.0,0.0,0.0,72.84,82750000,0.0,0.0,0.0,0.0,0.0,0.0,0,,,,H
3514,2002/03,,olympique-lyonnais,ogc-nice,0.0,0.0,0.0,0.0,0.0,72.74,89500000,0.0,0.0,0.0,0.0,0.0,73.28,89200000,,,,D
3515,2002/03,,ogc-nice,as-monaco,0.0,0.0,0.0,0.0,0.0,73.28,89200000,0.0,0.0,0.0,0.0,0.0,73.63,257100000,,,,H
3516,2002/03,,losc-lille,fc-nantes,0.0,0.0,0.0,0.0,0.0,72.18,86050000,0.0,0.0,0.0,0.0,0.0,69.58,54600000,,,,A
3517,2002/03,,rc-strasbourg,rc-lens,0.0,0.0,0.0,0.0,0.0,69.0,72100000,0.0,0.0,0.0,0.0,0.0,72.84,82750000,,,,H
3518,2002/03,,aj-auxerre,ogc-nice,0.0,0.0,0.0,0.0,0.0,0.0,0,0.0,0.0,0.0,0.0,0.0,73.28,89200000,,,,A
3519,2002/03,,fc-nantes,rc-strasbourg,0.0,0.0,0.0,0.0,0.0,69.58,54600000,0.0,0.0,0.0,0.0,0.0,69.0,72100000,,,,H
3520,2002/03,,rc-lens,paris-saint-germain,0.0,0.0,0.0,0.0,0.0,72.84,82750000,0.0,0.0,0.0,0.0,0.0,0.0,0,,,,H
3521,2002/03,,paris-saint-germain,fc-nantes,0.0,0.0,0.0,0.0,0.0,0.0,0,0.0,0.0,0.0,0.0,0.0,69.58,54600000,,,,A
3522,2002/03,,losc-lille,olympique-lyonnais,0.0,0.0,0.0,0.0,0.0,72.18,86050000,0.0,0.0,0.0,0.0,0.0,72.74,89500000,,,,H
3523,2002/03,,olympique-de-marseille,rc-lens,0.0,0.0,0.0,0.0,0.0,73.85,58850000,0.0,0.0,0.0,0.0,0.0,72.84,82750000,,,,H
3524,2002/03,,ogc-nice,stade-rennais,0.0,0.0,0.0,0.0,0.0,73.28,89200000,0.0,0.0,0.0,0.0,0.0,73.39,253175000,,,,D
3525,2002/03,,rc-strasbourg,as-monaco,0.0,0.0,0.0,0.0,0.0,69.0,72100000,0.0,0.0,0.0,0.0,0.0,73.63,257100000,,,,H
3526,2002/03,,as-monaco,paris-saint-germain,0.0,0.0,0.0,0.0,0.0,73.63,257100000,0.0,0.0,0.0,0.0,0.0,0.0,0,,,,H
3527,2002/03,,stade-rennais,losc-lille,0.0,0.0,0.0,0.0,0.0,73.39,253175000,0.0,0.0,0.0,0.0,0.0,72.18,86050000,,,,H
6284,1999/00,,rc-strasbourg,rc-lens,0.0,0.0,0.0,0.0,0.0,69.0,72100000,0.0,0.0,0.0,0.0,0.0,72.84,82750000,,,,H
6285,1999/00,,rc-lens,as-monaco,0.0,0.0,0.0,0.0,0.0,72.84,82750000,0.0,0.0,0.0,0.0,0.0,73.63,257100000,,,,H
6286,1999/00,,fc-metz,aj-auxerre,0.0,0.0,0.0,0.0,0.0,67.29,41450000,0.0,0.0,0.0,0.0,0.0,0.0,0,,,,H
6287,1999/00,,stade-rennais,paris-saint-germain,0.0,0.0,0.0,0.0,0.0,73.39,253175000,0.0,0.0,0.0,0.0,0.0,0.0,0,,,,A
6288,1999/00,,fc-nantes,rc-lens,0.0,0.0,0.0,0.0,0.0,69.58,54600000,0.0,0.0,0.0,0.0,0.0,72.84,82750000,,,,A
6289,1999/00,,paris-saint-germain,fc-metz,0.0,0.0,0.0,0.0,0.0,0.0,0,0.0,0.0,0.0,0.0,0.0,67.29,41450000,,,,H
6290,1999/00,,olympique-lyonnais,stade-rennais,0.0,0.0,0.0,0.0,0.0,72.74,89500000,0.0,0.0,0.0,0.0,0.0,73.39,253175000,,,,D
6291,1999/00,,fc-metz,olympique-lyonnais,0.0,0.0,0.0,0.0,0.0,67.29,41450000,0.0,0.0,0.0,0.0,0.0,72.74,89500000,,,,A
6292,1999/00,,paris-saint-germain,aj-auxerre,0.0,0.0,0.0,0.0,0.0,0.0,0,0.0,0.0,0.0,0.0,0.0,0.0,0,,,,D
6293,1999/00,,rc-lens,olympique-de-marseille,0.0,0.0,0.0,0.0,0.0,72.84,82750000,0.0,0.0,0.0,0.0,0.0,73.85,58850000,,,,D
6294,1999/00,,rc-strasbourg,stade-rennais,0.0,0.0,0.0,0.0,0.0,69.0,72100000,0.0,0.0,0.0,0.0,0.0,73.39,253175000,,,,H
6295,1999/00,,olympique-lyonnais,paris-saint-germain,0.0,0.0,0.0,0.0,0.0,72.74,89500000,0.0,0.0,0.0,0.0,0.0,0.0,0,,,,H
6296,1999/00,,olympique-lyonnais,aj-auxerre,0.0,0.0,0.0,0.0,0.0,72.74,89500000,0.0,0.0,0.0,0.0,0.0,0.0,0,,,,D
6297,1999/00,,fc-metz,rc-strasbourg,0.0,0.0,0.0,0.0,0.0,67.29,41450000,0.0,0.0,0.0,0.0,0.0,69.0,72100000,,,,D
6298,1999/00,,stade-rennais,as-monaco,0.0,0.0,0.0,0.0,0.0,73.39,253175000,0.0,0.0,0.0,0.0,0.0,73.63,257100000,,,,H
6299,1999/00,,as-monaco,fc-metz,0.0,0.0,0.0,0.0,0.0,73.63,257100000,0.0,0.0,0.0,0.0,0.0,67.29,41450000,,,,D
6300,1999/00,,fc-nantes,stade-rennais,0.0,0.0,0.0,0.0,0.0,69.58,54600000,0.0,0.0,0.0,0.0,0.0,73.39,253175000,,,,H
6301,1999/00,,rc-strasbourg,paris-saint-germain,0.0,0.0,0.0,0.0,0.0,69.0,72100000,0.0,0.0,0.0,0.0,0.0,0.0,0,,,,D
6302,1999/00,,olympique-lyonnais,rc-strasbourg,0.0,0.0,0.0,0.0,0.0,72.74,89500000,0.0,0.0,0.0,0.0,0.0,69.0,72100000,,,,D
6303,1999/00,,fc-metz,fc-nantes,0.0,0.0,0.0,0.0,0.0,67.29,41450000,0.0,0.0,0.0,0.0,0.0,69.58,54600000,,,,H
6304,1999/00,,paris-saint-germain,as-monaco,0.0,0.0,0.0,0.0,0.0,0.0,0,0.0,0.0,0.0,0.0,0.0,73.63,257100000,,,,A
6305,1999/00,,stade-rennais,olympique-de-marseille,0.0,0.0,0.0,0.0,0.0,73.39,253175000,0.0,0.0,0.0,0.0,0.0,73.85,58850000,,,,A
6306,1999/00,,olympique-de-marseille,fc-metz,0.0,0.0,0.0,0.0,0.0,73.85,58850000,0.0,0.0,0.0,0.0,0.0,67.29,41450000,,,,D
6307,1999/00,,aj-auxerre,rc-lens,0.0,0.0,0.0,0.0,0.0,0.0,0,0.0,0.0,0.0,0.0,0.0,72.84,82750000,,,,H
6308,1999/00,,as-monaco,olympique-lyonnais,0.0,0.0,0.0,0.0,0.0,73.63,257100000,0.0,0.0,0.0,0.0,0.0,72.74,89500000,,,,H
6309,1999/00,,fc-nantes,paris-saint-germain,0.0,0.0,0.0,0.0,0.0,69.58,54600000,0.0,0.0,0.0,0.0,0.0,0.0,0,,,,A
6310,1999/00,,olympique-lyonnais,fc-nantes,0.0,0.0,0.0,0.0,0.0,72.74,89500000,0.0,0.0,0.0,0.0,0.0,69.58,54600000,,,,H
6311,1999/00,,paris-saint-germain,olympique-de-marseille,0.0,0.0,0.0,0.0,0.0,0.0,0,0.0,0.0,0.0,0.0,0.0,73.85,58850000,,,,A
6312,1999/00,,rc-strasbourg,aj-auxerre,0.0,0.0,0.0,0.0,0.0,69.0,72100000,0.0,0.0,0.0,0.0,0.0,0.0,0,,,,A
6313,1999/00,,olympique-de-marseille,olympique-lyonnais,0.0,0.0,0.0,0.0,0.0,73.85,58850000,0.0,0.0,0.0,0.0,0.0,72.74,89500000,,,,A
6314,1999/00,,as-monaco,rc-strasbourg,0.0,0.0,0.0,0.0,0.0,73.63,257100000,0.0,0.0,0.0,0.0,0.0,69.0,72100000,,,,H
6315,1999/00,,fc-nantes,as-monaco,0.0,0.0,0.0,0.0,0.0,69.58,54600000,0.0,0.0,0.0,0.0,0.0,73.63,257100000,,,,A
6316,1999/00,,rc-strasbourg,fc-nantes,0.0,0.0,0.0,0.0,0.0,69.0,72100000,0.0,0.0,0.0,0.0,0.0,69.58,54600000,,,,H
6317,1999/00,,olympique-de-marseille,rc-strasbourg,0.0,0.0,0.0,0.0,0.0,73.85,58850000,0.0,0.0,0.0,0.0,0.0,69.0,72100000,,,,H
6318,1999/00,,rc-lens,stade-rennais,0.0,0.0,0.0,0.0,0.0,72.84,82750000,0.0,0.0,0.0,0.0,0.0,73.39,253175000,,,,D
6319,1999/00,,fc-metz,rc-lens,0.0,0.0,0.0,0.0,0.0,67.29,41450000,0.0,0.0,0.0,0.0,0.0,72.84,82750000,,,,D
6320,1999/00,,as-monaco,olympique-de-marseille,0.0,0.0,0.0,0.0,0.0,73.63,257100000,0.0,0.0,0.0,0.0,0.0,73.85,58850000,,,,D
6321,1999/00,,fc-nantes,aj-auxerre,0.0,0.0,0.0,0.0,0.0,69.58,54600000,0.0,0.0,0.0,0.0,0.0,0.0,0,,,,H
6322,1999/00,,rc-lens,paris-saint-germain,0.0,0.0,0.0,0.0,0.0,72.84,82750000,0.0,0.0,0.0,0.0,0.0,0.0,0,,,,H
6323,1999/00,,olympique-de-marseille,fc-nantes,0.0,0.0,0.0,0.0,0.0,73.85,58850000,0.0,0.0,0.0,0.0,0.0,69.58,54600000,,,,D
6324,1999/00,,olympique-lyonnais,rc-lens,0.0,0.0,0.0,0.0,0.0,72.74,89500000,0.0,0.0,0.0,0.0,0.0,72.84,82750000,,,,H
6325,1999/00,,olympique-de-marseille,aj-auxerre,0.0,0.0,0.0,0.0,0.0,73.85,58850000,0.0,0.0,0.0,0.0,0.0,0.0,0,,,,A
6326,1999/00,,stade-rennais,aj-auxerre,0.0,0.0,0.0,0.0,0.0,73.39,253175000,0.0,0.0,0.0,0.0,0.0,0.0,0,,,,H
6327,1999/00,,as-monaco,aj-auxerre,0.0,0.0,0.0,0.0,0.0,73.63,257100000,0.0,0.0,0.0,0.0,0.0,0.0,0,,,,H
6328,1999/00,,aj-auxerre,fc-metz,0.0,0.0,0.0,0.0,0.0,0.0,0,0.0,0.0,0.0,0.0,0.0,67.29,41450000,,,,D
6329,1999/00,,as-monaco,rc-lens,0.0,0.0,0.0,0.0,0.0,73.63,257100000,0.0,0.0,0.0,0.0,0.0,72.84,82750000,,,,H
6330,1999/00,,paris-saint-germain,stade-rennais,0.0,0.0,0.0,0.0,0.0,0.0,0,0.0,0.0,0.0,0.0,0.0,73.39,253175000,,,,H
6331,1999/00,,stade-rennais,olympique-lyonnais,0.0,0.0,0.0,0.0,0.0,73.39,253175000,0.0,0.0,0.0,0.0,0.0,72.74,89500000,,,,A
6332,1999/00,,fc-metz,paris-saint-germain,0.0,0.0,0.0,0.0,0.0,67.29,41450000,0.0,0.0,0.0,0.0,0.0,0.0,0,,,,A
6333,1999/00,,rc-lens,fc-nantes,0.0,0.0,0.0,0.0,0.0,72.84,82750000,0.0,0.0,0.0,0.0,0.0,69.58,54600000,,,,A
6334,1999/00,,aj-auxerre,paris-saint-germain,0.0,0.0,0.0,0.0,0.0,0.0,0,0.0,0.0,0.0,0.0,0.0,0.0,0,,,,H
6335,1999/00,,olympique-lyonnais,fc-metz,0.0,0.0,0.0,0.0,0.0,72.74,89500000,0.0,0.0,0.0,0.0,0.0,67.29,41450000,,,,H
6336,1999/00,,olympique-de-marseille,rc-lens,0.0,0.0,0.0,0.0,0.0,73.85,58850000,0.0,0.0,0.0,0.0,0.0,72.84,82750000,,,,A
6337,1999/00,,paris-saint-germain,olympique-lyonnais,0.0,0.0,0.0,0.0,0.0,0.0,0,0.0,0.0,0.0,0.0,0.0,72.74,89500000,,,,D
6338,1999/00,,stade-rennais,rc-strasbourg,0.0,0.0,0.0,0.0,0.0,73.39,253175000,0.0,0.0,0.0,0.0,0.0,69.0,72100000,,,,H
6339,1999/00,,aj-auxerre,olympique-lyonnais,0.0,0.0,0.0,0.0,0.0,0.0,0,0.0,0.0,0.0,0.0,0.0,72.74,89500000,,,,H
6340,1999/00,,as-monaco,stade-rennais,0.0,0.0,0.0,0.0,0.0,73.63,257100000,0.0,0.0,0.0,0.0,0.0,73.39,253175000,,,,H
6341,1999/00,,rc-strasbourg,fc-metz,0.0,0.0,0.0,0.0,0.0,69.0,72100000,0.0,0.0,0.0,0.0,0.0,67.29,41450000,,,,D
6342,1999/00,,fc-metz,as-monaco,0.0,0.0,0.0,0.0,0.0,67.29,41450000,0.0,0.0,0.0,0.0,0.0,73.63,257100000,,,,D
6343,1999/00,,paris-saint-germain,rc-strasbourg,0.0,0.0,0.0,0.0,0.0,0.0,0,0.0,0.0,0.0,0.0,0.0,69.0,72100000,,,,H
6344,1999/00,,stade-rennais,fc-nantes,0.0,0.0,0.0,0.0,0.0,73.39,253175000,0.0,0.0,0.0,0.0,0.0,69.58,54600000,,,,D
6345,1999/00,,as-monaco,paris-saint-germain,0.0,0.0,0.0,0.0,0.0,73.63,257100000,0.0,0.0,0.0,0.0,0.0,0.0,0,,,,H
6346,1999/00,,olympique-de-marseille,stade-rennais,0.0,0.0,0.0,0.0,0.0,73.85,58850000,0.0,0.0,0.0,0.0,0.0,73.39,253175000,,,,D
6347,1999/00,,fc-nantes,fc-metz,0.0,0.0,0.0,0.0,0.0,69.58,54600000,0.0,0.0,0.0,0.0,0.0,67.29,41450000,,,,A
6348,1999/00,,rc-strasbourg,olympique-lyonnais,0.0,0.0,0.0,0.0,0.0,69.0,72100000,0.0,0.0,0.0,0.0,0.0,72.74,89500000,,,,H
3528,2002/03,,olympique-lyonnais,rc-strasbourg,0.0,0.0,0.0,0.0,0.0,72.74,89500000,0.0,0.0,0.0,0.0,0.0,69.0,72100000,,,,H
6349,1999/00,,rc-lens,aj-auxerre,0.0,0.0,0.0,0.0,0.0,72.84,82750000,0.0,0.0,0.0,0.0,0.0,0.0,0,,,,H
6350,1999/00,,paris-saint-germain,fc-nantes,0.0,0.0,0.0,0.0,0.0,0.0,0,0.0,0.0,0.0,0.0,0.0,69.58,54600000,,,,D
6351,1999/00,,olympique-lyonnais,as-monaco,0.0,0.0,0.0,0.0,0.0,72.74,89500000,0.0,0.0,0.0,0.0,0.0,73.63,257100000,,,,H
6352,1999/00,,fc-metz,olympique-de-marseille,0.0,0.0,0.0,0.0,0.0,67.29,41450000,0.0,0.0,0.0,0.0,0.0,73.85,58850000,,,,H
6353,1999/00,,olympique-de-marseille,paris-saint-germain,0.0,0.0,0.0,0.0,0.0,73.85,58850000,0.0,0.0,0.0,0.0,0.0,0.0,0,,,,H
6354,1999/00,,fc-nantes,olympique-lyonnais,0.0,0.0,0.0,0.0,0.0,69.58,54600000,0.0,0.0,0.0,0.0,0.0,72.74,89500000,,,,H
6355,1999/00,,aj-auxerre,rc-strasbourg,0.0,0.0,0.0,0.0,0.0,0.0,0,0.0,0.0,0.0,0.0,0.0,69.0,72100000,,,,A
6356,1999/00,,olympique-lyonnais,olympique-de-marseille,0.0,0.0,0.0,0.0,0.0,72.74,89500000,0.0,0.0,0.0,0.0,0.0,73.85,58850000,,,,H
6357,1999/00,,rc-strasbourg,as-monaco,0.0,0.0,0.0,0.0,0.0,69.0,72100000,0.0,0.0,0.0,0.0,0.0,73.63,257100000,,,,H
6358,1999/00,,fc-nantes,rc-strasbourg,0.0,0.0,0.0,0.0,0.0,69.58,54600000,0.0,0.0,0.0,0.0,0.0,69.0,72100000,,,,H
6359,1999/00,,aj-auxerre,as-monaco,0.0,0.0,0.0,0.0,0.0,0.0,0,0.0,0.0,0.0,0.0,0.0,73.63,257100000,,,,A
6360,1999/00,,rc-strasbourg,olympique-de-marseille,0.0,0.0,0.0,0.0,0.0,69.0,72100000,0.0,0.0,0.0,0.0,0.0,73.85,58850000,,,,H
6361,1999/00,,as-monaco,fc-nantes,0.0,0.0,0.0,0.0,0.0,73.63,257100000,0.0,0.0,0.0,0.0,0.0,69.58,54600000,,,,H
6362,1999/00,,stade-rennais,rc-lens,0.0,0.0,0.0,0.0,0.0,73.39,253175000,0.0,0.0,0.0,0.0,0.0,72.84,82750000,,,,H
6363,1999/00,,olympique-de-marseille,as-monaco,0.0,0.0,0.0,0.0,0.0,73.85,58850000,0.0,0.0,0.0,0.0,0.0,73.63,257100000,,,,H
6364,1999/00,,aj-auxerre,fc-nantes,0.0,0.0,0.0,0.0,0.0,0.0,0,0.0,0.0,0.0,0.0,0.0,69.58,54600000,,,,D
6365,1999/00,,rc-lens,fc-metz,0.0,0.0,0.0,0.0,0.0,72.84,82750000,0.0,0.0,0.0,0.0,0.0,67.29,41450000,,,,H
6366,1999/00,,paris-saint-germain,rc-lens,0.0,0.0,0.0,0.0,0.0,0.0,0,0.0,0.0,0.0,0.0,0.0,72.84,82750000,,,,H
6367,1999/00,,fc-nantes,olympique-de-marseille,0.0,0.0,0.0,0.0,0.0,69.58,54600000,0.0,0.0,0.0,0.0,0.0,73.85,58850000,,,,D
6368,1999/00,,rc-lens,olympique-lyonnais,0.0,0.0,0.0,0.0,0.0,72.84,82750000,0.0,0.0,0.0,0.0,0.0,72.74,89500000,,,,H
6369,1999/00,,aj-auxerre,olympique-de-marseille,0.0,0.0,0.0,0.0,0.0,0.0,0,0.0,0.0,0.0,0.0,0.0,73.85,58850000,,,,D
6370,1999/00,,aj-auxerre,stade-rennais,0.0,0.0,0.0,0.0,0.0,0.0,0,0.0,0.0,0.0,0.0,0.0,73.39,253175000,,,,H
6371,1999/00,,rc-lens,rc-strasbourg,0.0,0.0,0.0,0.0,0.0,72.84,82750000,0.0,0.0,0.0,0.0,0.0,69.0,72100000,,,,H
6372,1999/00,,stade-rennais,fc-metz,0.0,0.0,0.0,0.0,0.0,73.39,253175000,0.0,0.0,0.0,0.0,0.0,67.29,41450000,,,,H
6373,2000/01,,paris-saint-germain,rc-strasbourg,0.0,0.0,0.0,0.0,0.0,0.0,0,0.0,0.0,0.0,0.0,0.0,69.0,72100000,,,,H
6374,2000/01,,losc-lille,as-monaco,0.0,0.0,0.0,0.0,0.0,72.18,86050000,0.0,0.0,0.0,0.0,0.0,73.63,257100000,,,,D
6375,2000/01,,olympique-lyonnais,stade-rennais,0.0,0.0,0.0,0.0,0.0,72.74,89500000,0.0,0.0,0.0,0.0,0.0,73.39,253175000,,,,D
6376,2000/01,,fc-nantes,rc-lens,0.0,0.0,0.0,0.0,0.0,69.58,54600000,0.0,0.0,0.0,0.0,0.0,72.84,82750000,,,,A
6377,2000/01,,as-monaco,fc-nantes,0.0,0.0,0.0,0.0,0.0,73.63,257100000,0.0,0.0,0.0,0.0,0.0,69.58,54600000,,,,A
6378,2000/01,,fc-metz,aj-auxerre,0.0,0.0,0.0,0.0,0.0,67.29,41450000,0.0,0.0,0.0,0.0,0.0,0.0,0,,,,A
6379,2000/01,,stade-rennais,paris-saint-germain,0.0,0.0,0.0,0.0,0.0,73.39,253175000,0.0,0.0,0.0,0.0,0.0,0.0,0,,,,D
6380,2000/01,,rc-strasbourg,losc-lille,0.0,0.0,0.0,0.0,0.0,69.0,72100000,0.0,0.0,0.0,0.0,0.0,72.18,86050000,,,,A
6381,2000/01,,losc-lille,stade-rennais,0.0,0.0,0.0,0.0,0.0,72.18,86050000,0.0,0.0,0.0,0.0,0.0,73.39,253175000,,,,H
6382,2000/01,,olympique-lyonnais,fc-metz,0.0,0.0,0.0,0.0,0.0,72.74,89500000,0.0,0.0,0.0,0.0,0.0,67.29,41450000,,,,D
6383,2000/01,,rc-strasbourg,as-monaco,0.0,0.0,0.0,0.0,0.0,69.0,72100000,0.0,0.0,0.0,0.0,0.0,73.63,257100000,,,,A
6384,2000/01,,olympique-de-marseille,rc-lens,0.0,0.0,0.0,0.0,0.0,73.85,58850000,0.0,0.0,0.0,0.0,0.0,72.84,82750000,,,,D
6385,2000/01,,rc-lens,toulouse-fc,0.0,0.0,0.0,0.0,0.0,72.84,82750000,0.0,0.0,0.0,0.0,0.0,68.76,60900000,,,,H
6386,2000/01,,fc-metz,paris-saint-germain,0.0,0.0,0.0,0.0,0.0,67.29,41450000,0.0,0.0,0.0,0.0,0.0,0.0,0,,,,H
6387,2000/01,,fc-nantes,olympique-de-marseille,0.0,0.0,0.0,0.0,0.0,69.58,54600000,0.0,0.0,0.0,0.0,0.0,73.85,58850000,,,,H
6388,2000/01,,stade-rennais,rc-strasbourg,0.0,0.0,0.0,0.0,0.0,73.39,253175000,0.0,0.0,0.0,0.0,0.0,69.0,72100000,,,,H
6389,2000/01,,losc-lille,fc-metz,0.0,0.0,0.0,0.0,0.0,72.18,86050000,0.0,0.0,0.0,0.0,0.0,67.29,41450000,,,,H
6390,2000/01,,stade-rennais,as-monaco,0.0,0.0,0.0,0.0,0.0,73.39,253175000,0.0,0.0,0.0,0.0,0.0,73.63,257100000,,,,D
6391,2000/01,,toulouse-fc,fc-nantes,0.0,0.0,0.0,0.0,0.0,68.76,60900000,0.0,0.0,0.0,0.0,0.0,69.58,54600000,,,,D
6392,2000/01,,as-monaco,olympique-de-marseille,0.0,0.0,0.0,0.0,0.0,73.63,257100000,0.0,0.0,0.0,0.0,0.0,73.85,58850000,,,,A
6393,2000/01,,rc-lens,aj-auxerre,0.0,0.0,0.0,0.0,0.0,72.84,82750000,0.0,0.0,0.0,0.0,0.0,0.0,0,,,,H
6394,2000/01,,fc-metz,rc-strasbourg,0.0,0.0,0.0,0.0,0.0,67.29,41450000,0.0,0.0,0.0,0.0,0.0,69.0,72100000,,,,H
6395,2000/01,,aj-auxerre,fc-nantes,0.0,0.0,0.0,0.0,0.0,0.0,0,0.0,0.0,0.0,0.0,0.0,69.58,54600000,,,,D
6396,2000/01,,olympique-lyonnais,rc-lens,0.0,0.0,0.0,0.0,0.0,72.74,89500000,0.0,0.0,0.0,0.0,0.0,72.84,82750000,,,,H
6397,2000/01,,stade-rennais,fc-metz,0.0,0.0,0.0,0.0,0.0,73.39,253175000,0.0,0.0,0.0,0.0,0.0,67.29,41450000,,,,A
6398,2000/01,,toulouse-fc,olympique-de-marseille,0.0,0.0,0.0,0.0,0.0,68.76,60900000,0.0,0.0,0.0,0.0,0.0,73.85,58850000,,,,H
6399,2000/01,,rc-lens,paris-saint-germain,0.0,0.0,0.0,0.0,0.0,72.84,82750000,0.0,0.0,0.0,0.0,0.0,0.0,0,,,,D
6400,2000/01,,as-monaco,toulouse-fc,0.0,0.0,0.0,0.0,0.0,73.63,257100000,0.0,0.0,0.0,0.0,0.0,68.76,60900000,,,,H
6401,2000/01,,fc-nantes,olympique-lyonnais,0.0,0.0,0.0,0.0,0.0,69.58,54600000,0.0,0.0,0.0,0.0,0.0,72.74,89500000,,,,A
6402,2000/01,,aj-auxerre,olympique-de-marseille,0.0,0.0,0.0,0.0,0.0,0.0,0,0.0,0.0,0.0,0.0,0.0,73.85,58850000,,,,A
6403,2000/01,,fc-metz,as-monaco,0.0,0.0,0.0,0.0,0.0,67.29,41450000,0.0,0.0,0.0,0.0,0.0,73.63,257100000,,,,A
6404,2000/01,,paris-saint-germain,fc-nantes,0.0,0.0,0.0,0.0,0.0,0.0,0,0.0,0.0,0.0,0.0,0.0,69.58,54600000,,,,H
6405,2000/01,,losc-lille,rc-lens,0.0,0.0,0.0,0.0,0.0,72.18,86050000,0.0,0.0,0.0,0.0,0.0,72.84,82750000,,,,H
6406,2000/01,,rc-lens,rc-strasbourg,0.0,0.0,0.0,0.0,0.0,72.84,82750000,0.0,0.0,0.0,0.0,0.0,69.0,72100000,,,,D
6407,2000/01,,toulouse-fc,aj-auxerre,0.0,0.0,0.0,0.0,0.0,68.76,60900000,0.0,0.0,0.0,0.0,0.0,0.0,0,,,,A
6408,2000/01,,olympique-de-marseille,olympique-lyonnais,0.0,0.0,0.0,0.0,0.0,73.85,58850000,0.0,0.0,0.0,0.0,0.0,72.74,89500000,,,,D
6409,2000/01,,fc-nantes,losc-lille,0.0,0.0,0.0,0.0,0.0,69.58,54600000,0.0,0.0,0.0,0.0,0.0,72.18,86050000,,,,D
6410,2000/01,,paris-saint-germain,olympique-de-marseille,0.0,0.0,0.0,0.0,0.0,0.0,0,0.0,0.0,0.0,0.0,0.0,73.85,58850000,,,,H
6411,2000/01,,stade-rennais,rc-lens,0.0,0.0,0.0,0.0,0.0,73.39,253175000,0.0,0.0,0.0,0.0,0.0,72.84,82750000,,,,H
6412,2000/01,,rc-strasbourg,fc-nantes,0.0,0.0,0.0,0.0,0.0,69.0,72100000,0.0,0.0,0.0,0.0,0.0,69.58,54600000,,,,A
6413,2000/01,,as-monaco,aj-auxerre,0.0,0.0,0.0,0.0,0.0,73.63,257100000,0.0,0.0,0.0,0.0,0.0,0.0,0,,,,D
6414,2000/01,,fc-nantes,stade-rennais,0.0,0.0,0.0,0.0,0.0,69.58,54600000,0.0,0.0,0.0,0.0,0.0,73.39,253175000,,,,H
6415,2000/01,,toulouse-fc,paris-saint-germain,0.0,0.0,0.0,0.0,0.0,68.76,60900000,0.0,0.0,0.0,0.0,0.0,0.0,0,,,,A
6416,2000/01,,olympique-de-marseille,losc-lille,0.0,0.0,0.0,0.0,0.0,73.85,58850000,0.0,0.0,0.0,0.0,0.0,72.18,86050000,,,,A
6417,2000/01,,rc-strasbourg,olympique-de-marseille,0.0,0.0,0.0,0.0,0.0,69.0,72100000,0.0,0.0,0.0,0.0,0.0,73.85,58850000,,,,D
6418,2000/01,,losc-lille,toulouse-fc,0.0,0.0,0.0,0.0,0.0,72.18,86050000,0.0,0.0,0.0,0.0,0.0,68.76,60900000,,,,H
6419,2000/01,,olympique-lyonnais,aj-auxerre,0.0,0.0,0.0,0.0,0.0,72.74,89500000,0.0,0.0,0.0,0.0,0.0,0.0,0,,,,D
6420,2000/01,,fc-metz,rc-lens,0.0,0.0,0.0,0.0,0.0,67.29,41450000,0.0,0.0,0.0,0.0,0.0,72.84,82750000,,,,H
6421,2000/01,,as-monaco,olympique-lyonnais,0.0,0.0,0.0,0.0,0.0,73.63,257100000,0.0,0.0,0.0,0.0,0.0,72.74,89500000,,,,A
6422,2000/01,,aj-auxerre,paris-saint-germain,0.0,0.0,0.0,0.0,0.0,0.0,0,0.0,0.0,0.0,0.0,0.0,0.0,0,,,,H
6423,2000/01,,olympique-de-marseille,stade-rennais,0.0,0.0,0.0,0.0,0.0,73.85,58850000,0.0,0.0,0.0,0.0,0.0,73.39,253175000,,,,A
6424,2000/01,,fc-nantes,fc-metz,0.0,0.0,0.0,0.0,0.0,69.58,54600000,0.0,0.0,0.0,0.0,0.0,67.29,41450000,,,,H
6425,2000/01,,toulouse-fc,rc-strasbourg,0.0,0.0,0.0,0.0,0.0,68.76,60900000,0.0,0.0,0.0,0.0,0.0,69.0,72100000,,,,D
6426,2000/01,,losc-lille,aj-auxerre,0.0,0.0,0.0,0.0,0.0,72.18,86050000,0.0,0.0,0.0,0.0,0.0,0.0,0,,,,D
6427,2000/01,,paris-saint-germain,olympique-lyonnais,0.0,0.0,0.0,0.0,0.0,0.0,0,0.0,0.0,0.0,0.0,0.0,72.74,89500000,,,,D
6428,2000/01,,stade-rennais,toulouse-fc,0.0,0.0,0.0,0.0,0.0,73.39,253175000,0.0,0.0,0.0,0.0,0.0,68.76,60900000,,,,D
3529,2002/03,,losc-lille,aj-auxerre,0.0,0.0,0.0,0.0,0.0,72.18,86050000,0.0,0.0,0.0,0.0,0.0,0.0,0,,,,D
6429,2000/01,,olympique-de-marseille,fc-metz,0.0,0.0,0.0,0.0,0.0,73.85,58850000,0.0,0.0,0.0,0.0,0.0,67.29,41450000,,,,H
6430,2000/01,,olympique-lyonnais,losc-lille,0.0,0.0,0.0,0.0,0.0,72.74,89500000,0.0,0.0,0.0,0.0,0.0,72.18,86050000,,,,A
6431,2000/01,,as-monaco,paris-saint-germain,0.0,0.0,0.0,0.0,0.0,73.63,257100000,0.0,0.0,0.0,0.0,0.0,0.0,0,,,,H
6432,2000/01,,aj-auxerre,rc-strasbourg,0.0,0.0,0.0,0.0,0.0,0.0,0,0.0,0.0,0.0,0.0,0.0,69.0,72100000,,,,A
6433,2000/01,,rc-lens,as-monaco,0.0,0.0,0.0,0.0,0.0,72.84,82750000,0.0,0.0,0.0,0.0,0.0,73.63,257100000,,,,H
6434,2000/01,,fc-metz,toulouse-fc,0.0,0.0,0.0,0.0,0.0,67.29,41450000,0.0,0.0,0.0,0.0,0.0,68.76,60900000,,,,D
6435,2000/01,,stade-rennais,aj-auxerre,0.0,0.0,0.0,0.0,0.0,73.39,253175000,0.0,0.0,0.0,0.0,0.0,0.0,0,,,,A
6436,2000/01,,rc-strasbourg,olympique-lyonnais,0.0,0.0,0.0,0.0,0.0,69.0,72100000,0.0,0.0,0.0,0.0,0.0,72.74,89500000,,,,A
6437,2000/01,,paris-saint-germain,stade-rennais,0.0,0.0,0.0,0.0,0.0,0.0,0,0.0,0.0,0.0,0.0,0.0,73.39,253175000,,,,A
6438,2000/01,,aj-auxerre,fc-metz,0.0,0.0,0.0,0.0,0.0,0.0,0,0.0,0.0,0.0,0.0,0.0,67.29,41450000,,,,H
6439,2000/01,,losc-lille,rc-strasbourg,0.0,0.0,0.0,0.0,0.0,72.18,86050000,0.0,0.0,0.0,0.0,0.0,69.0,72100000,,,,D
6440,2000/01,,fc-nantes,as-monaco,0.0,0.0,0.0,0.0,0.0,69.58,54600000,0.0,0.0,0.0,0.0,0.0,73.63,257100000,,,,H
6441,2000/01,,fc-metz,olympique-lyonnais,0.0,0.0,0.0,0.0,0.0,67.29,41450000,0.0,0.0,0.0,0.0,0.0,72.74,89500000,,,,D
6442,2000/01,,as-monaco,rc-strasbourg,0.0,0.0,0.0,0.0,0.0,73.63,257100000,0.0,0.0,0.0,0.0,0.0,69.0,72100000,,,,H
6443,2000/01,,stade-rennais,losc-lille,0.0,0.0,0.0,0.0,0.0,73.39,253175000,0.0,0.0,0.0,0.0,0.0,72.18,86050000,,,,H
6444,2000/01,,rc-lens,olympique-de-marseille,0.0,0.0,0.0,0.0,0.0,72.84,82750000,0.0,0.0,0.0,0.0,0.0,73.85,58850000,,,,H
6445,2000/01,,paris-saint-germain,fc-metz,0.0,0.0,0.0,0.0,0.0,0.0,0,0.0,0.0,0.0,0.0,0.0,67.29,41450000,,,,H
6446,2000/01,,rc-strasbourg,stade-rennais,0.0,0.0,0.0,0.0,0.0,69.0,72100000,0.0,0.0,0.0,0.0,0.0,73.39,253175000,,,,D
6447,2000/01,,toulouse-fc,rc-lens,0.0,0.0,0.0,0.0,0.0,68.76,60900000,0.0,0.0,0.0,0.0,0.0,72.84,82750000,,,,H
6448,2000/01,,olympique-de-marseille,fc-nantes,0.0,0.0,0.0,0.0,0.0,73.85,58850000,0.0,0.0,0.0,0.0,0.0,69.58,54600000,,,,H
6449,2000/01,,losc-lille,paris-saint-germain,0.0,0.0,0.0,0.0,0.0,72.18,86050000,0.0,0.0,0.0,0.0,0.0,0.0,0,,,,H
6450,2000/01,,olympique-lyonnais,toulouse-fc,0.0,0.0,0.0,0.0,0.0,72.74,89500000,0.0,0.0,0.0,0.0,0.0,68.76,60900000,,,,H
6451,2000/01,,fc-metz,losc-lille,0.0,0.0,0.0,0.0,0.0,67.29,41450000,0.0,0.0,0.0,0.0,0.0,72.18,86050000,,,,D
6452,2000/01,,as-monaco,stade-rennais,0.0,0.0,0.0,0.0,0.0,73.63,257100000,0.0,0.0,0.0,0.0,0.0,73.39,253175000,,,,A
6453,2000/01,,fc-nantes,toulouse-fc,0.0,0.0,0.0,0.0,0.0,69.58,54600000,0.0,0.0,0.0,0.0,0.0,68.76,60900000,,,,H
6454,2000/01,,olympique-de-marseille,as-monaco,0.0,0.0,0.0,0.0,0.0,73.85,58850000,0.0,0.0,0.0,0.0,0.0,73.63,257100000,,,,H
6455,2000/01,,aj-auxerre,rc-lens,0.0,0.0,0.0,0.0,0.0,0.0,0,0.0,0.0,0.0,0.0,0.0,72.84,82750000,,,,H
6456,2000/01,,rc-lens,olympique-lyonnais,0.0,0.0,0.0,0.0,0.0,72.84,82750000,0.0,0.0,0.0,0.0,0.0,72.74,89500000,,,,D
6457,2000/01,,olympique-de-marseille,toulouse-fc,0.0,0.0,0.0,0.0,0.0,73.85,58850000,0.0,0.0,0.0,0.0,0.0,68.76,60900000,,,,D
6458,2000/01,,fc-metz,stade-rennais,0.0,0.0,0.0,0.0,0.0,67.29,41450000,0.0,0.0,0.0,0.0,0.0,73.39,253175000,,,,D
6459,2000/01,,fc-nantes,aj-auxerre,0.0,0.0,0.0,0.0,0.0,69.58,54600000,0.0,0.0,0.0,0.0,0.0,0.0,0,,,,D
6460,2000/01,,olympique-lyonnais,fc-nantes,0.0,0.0,0.0,0.0,0.0,72.74,89500000,0.0,0.0,0.0,0.0,0.0,69.58,54600000,,,,H
6461,2000/01,,paris-saint-germain,rc-lens,0.0,0.0,0.0,0.0,0.0,0.0,0,0.0,0.0,0.0,0.0,0.0,72.84,82750000,,,,H
6462,2000/01,,toulouse-fc,as-monaco,0.0,0.0,0.0,0.0,0.0,68.76,60900000,0.0,0.0,0.0,0.0,0.0,73.63,257100000,,,,H
6463,2000/01,,olympique-de-marseille,aj-auxerre,0.0,0.0,0.0,0.0,0.0,73.85,58850000,0.0,0.0,0.0,0.0,0.0,0.0,0,,,,A
6464,2000/01,,as-monaco,fc-metz,0.0,0.0,0.0,0.0,0.0,73.63,257100000,0.0,0.0,0.0,0.0,0.0,67.29,41450000,,,,H
6465,2000/01,,fc-nantes,paris-saint-germain,0.0,0.0,0.0,0.0,0.0,69.58,54600000,0.0,0.0,0.0,0.0,0.0,0.0,0,,,,H
6466,2000/01,,rc-lens,losc-lille,0.0,0.0,0.0,0.0,0.0,72.84,82750000,0.0,0.0,0.0,0.0,0.0,72.18,86050000,,,,A
6467,2000/01,,olympique-lyonnais,olympique-de-marseille,0.0,0.0,0.0,0.0,0.0,72.74,89500000,0.0,0.0,0.0,0.0,0.0,73.85,58850000,,,,D
6468,2000/01,,aj-auxerre,toulouse-fc,0.0,0.0,0.0,0.0,0.0,0.0,0,0.0,0.0,0.0,0.0,0.0,68.76,60900000,,,,H
6469,2000/01,,losc-lille,fc-nantes,0.0,0.0,0.0,0.0,0.0,72.18,86050000,0.0,0.0,0.0,0.0,0.0,69.58,54600000,,,,D
6470,2000/01,,rc-strasbourg,rc-lens,0.0,0.0,0.0,0.0,0.0,69.0,72100000,0.0,0.0,0.0,0.0,0.0,72.84,82750000,,,,H
6471,2000/01,,rc-lens,stade-rennais,0.0,0.0,0.0,0.0,0.0,72.84,82750000,0.0,0.0,0.0,0.0,0.0,73.39,253175000,,,,A
6472,2000/01,,olympique-de-marseille,paris-saint-germain,0.0,0.0,0.0,0.0,0.0,73.85,58850000,0.0,0.0,0.0,0.0,0.0,0.0,0,,,,H
6473,2000/01,,toulouse-fc,olympique-lyonnais,0.0,0.0,0.0,0.0,0.0,68.76,60900000,0.0,0.0,0.0,0.0,0.0,72.74,89500000,,,,D
6474,2000/01,,fc-nantes,rc-strasbourg,0.0,0.0,0.0,0.0,0.0,69.58,54600000,0.0,0.0,0.0,0.0,0.0,69.0,72100000,,,,H
6475,2000/01,,aj-auxerre,as-monaco,0.0,0.0,0.0,0.0,0.0,0.0,0,0.0,0.0,0.0,0.0,0.0,73.63,257100000,,,,H
6476,2000/01,,losc-lille,olympique-de-marseille,0.0,0.0,0.0,0.0,0.0,72.18,86050000,0.0,0.0,0.0,0.0,0.0,73.85,58850000,,,,H
6477,2000/01,,paris-saint-germain,toulouse-fc,0.0,0.0,0.0,0.0,0.0,0.0,0,0.0,0.0,0.0,0.0,0.0,68.76,60900000,,,,H
6478,2000/01,,stade-rennais,fc-nantes,0.0,0.0,0.0,0.0,0.0,73.39,253175000,0.0,0.0,0.0,0.0,0.0,69.58,54600000,,,,A
6479,2000/01,,aj-auxerre,olympique-lyonnais,0.0,0.0,0.0,0.0,0.0,0.0,0,0.0,0.0,0.0,0.0,0.0,72.74,89500000,,,,A
6480,2000/01,,rc-lens,fc-metz,0.0,0.0,0.0,0.0,0.0,72.84,82750000,0.0,0.0,0.0,0.0,0.0,67.29,41450000,,,,D
6481,2000/01,,olympique-de-marseille,rc-strasbourg,0.0,0.0,0.0,0.0,0.0,73.85,58850000,0.0,0.0,0.0,0.0,0.0,69.0,72100000,,,,D
6482,2000/01,,toulouse-fc,losc-lille,0.0,0.0,0.0,0.0,0.0,68.76,60900000,0.0,0.0,0.0,0.0,0.0,72.18,86050000,,,,A
6483,2000/01,,olympique-lyonnais,as-monaco,0.0,0.0,0.0,0.0,0.0,72.74,89500000,0.0,0.0,0.0,0.0,0.0,73.63,257100000,,,,H
6484,2000/01,,fc-metz,fc-nantes,0.0,0.0,0.0,0.0,0.0,67.29,41450000,0.0,0.0,0.0,0.0,0.0,69.58,54600000,,,,A
6485,2000/01,,paris-saint-germain,aj-auxerre,0.0,0.0,0.0,0.0,0.0,0.0,0,0.0,0.0,0.0,0.0,0.0,0.0,0,,,,H
6486,2000/01,,stade-rennais,olympique-de-marseille,0.0,0.0,0.0,0.0,0.0,73.39,253175000,0.0,0.0,0.0,0.0,0.0,73.85,58850000,,,,H
6487,2000/01,,rc-strasbourg,toulouse-fc,0.0,0.0,0.0,0.0,0.0,69.0,72100000,0.0,0.0,0.0,0.0,0.0,68.76,60900000,,,,H
6488,2000/01,,rc-strasbourg,fc-metz,0.0,0.0,0.0,0.0,0.0,69.0,72100000,0.0,0.0,0.0,0.0,0.0,67.29,41450000,,,,A
6489,2000/01,,aj-auxerre,losc-lille,0.0,0.0,0.0,0.0,0.0,0.0,0,0.0,0.0,0.0,0.0,0.0,72.18,86050000,,,,D
6490,2000/01,,toulouse-fc,stade-rennais,0.0,0.0,0.0,0.0,0.0,68.76,60900000,0.0,0.0,0.0,0.0,0.0,73.39,253175000,,,,H
6491,2000/01,,olympique-lyonnais,paris-saint-germain,0.0,0.0,0.0,0.0,0.0,72.74,89500000,0.0,0.0,0.0,0.0,0.0,0.0,0,,,,H
6492,2000/01,,losc-lille,olympique-lyonnais,0.0,0.0,0.0,0.0,0.0,72.18,86050000,0.0,0.0,0.0,0.0,0.0,72.74,89500000,,,,A
6493,2000/01,,fc-metz,olympique-de-marseille,0.0,0.0,0.0,0.0,0.0,67.29,41450000,0.0,0.0,0.0,0.0,0.0,73.85,58850000,,,,H
6494,2000/01,,paris-saint-germain,as-monaco,0.0,0.0,0.0,0.0,0.0,0.0,0,0.0,0.0,0.0,0.0,0.0,73.63,257100000,,,,D
6495,2000/01,,rc-strasbourg,aj-auxerre,0.0,0.0,0.0,0.0,0.0,69.0,72100000,0.0,0.0,0.0,0.0,0.0,0.0,0,,,,H
6496,2000/01,,aj-auxerre,stade-rennais,0.0,0.0,0.0,0.0,0.0,0.0,0,0.0,0.0,0.0,0.0,0.0,73.39,253175000,,,,A
6497,2000/01,,olympique-lyonnais,rc-strasbourg,0.0,0.0,0.0,0.0,0.0,72.74,89500000,0.0,0.0,0.0,0.0,0.0,69.0,72100000,,,,H
6498,2000/01,,as-monaco,rc-lens,0.0,0.0,0.0,0.0,0.0,73.63,257100000,0.0,0.0,0.0,0.0,0.0,72.84,82750000,,,,D
6499,2000/01,,paris-saint-germain,losc-lille,0.0,0.0,0.0,0.0,0.0,0.0,0,0.0,0.0,0.0,0.0,0.0,72.18,86050000,,,,D
6500,2000/01,,toulouse-fc,fc-metz,0.0,0.0,0.0,0.0,0.0,68.76,60900000,0.0,0.0,0.0,0.0,0.0,67.29,41450000,,,,H
6501,2000/01,,rc-lens,fc-nantes,0.0,0.0,0.0,0.0,0.0,72.84,82750000,0.0,0.0,0.0,0.0,0.0,69.58,54600000,,,,A
6502,2000/01,,as-monaco,losc-lille,0.0,0.0,0.0,0.0,0.0,73.63,257100000,0.0,0.0,0.0,0.0,0.0,72.18,86050000,,,,A
6503,2000/01,,stade-rennais,olympique-lyonnais,0.0,0.0,0.0,0.0,0.0,73.39,253175000,0.0,0.0,0.0,0.0,0.0,72.74,89500000,,,,A
6504,2000/01,,rc-strasbourg,paris-saint-germain,0.0,0.0,0.0,0.0,0.0,69.0,72100000,0.0,0.0,0.0,0.0,0.0,0.0,0,,,,A
6505,2001/02,,rc-lens,olympique-lyonnais,0.0,0.0,0.0,0.0,0.0,72.84,82750000,0.0,0.0,0.0,0.0,0.0,72.74,89500000,,,,H
6506,2001/02,,fc-lorient,fc-metz,0.0,0.0,0.0,0.0,0.0,70.23,70850000,0.0,0.0,0.0,0.0,0.0,67.29,41450000,,,,H
6507,2001/02,,paris-saint-germain,losc-lille,0.0,0.0,0.0,0.0,0.0,0.0,0,0.0,0.0,0.0,0.0,0.0,72.18,86050000,,,,D
6508,2001/02,,stade-rennais,aj-auxerre,0.0,0.0,0.0,0.0,0.0,73.39,253175000,0.0,0.0,0.0,0.0,0.0,0.0,0,,,,A
3530,2002/03,,paris-saint-germain,olympique-lyonnais,0.0,0.0,0.0,0.0,0.0,0.0,0,0.0,0.0,0.0,0.0,0.0,72.74,89500000,,,,H
6509,2001/02,,aj-auxerre,paris-saint-germain,0.0,0.0,0.0,0.0,0.0,0.0,0,0.0,0.0,0.0,0.0,0.0,0.0,0,,,,D
6510,2001/02,,losc-lille,fc-lorient,0.0,0.0,0.0,0.0,0.0,72.18,86050000,0.0,0.0,0.0,0.0,0.0,70.23,70850000,,,,H
6511,2001/02,,fc-nantes,rc-lens,0.0,0.0,0.0,0.0,0.0,69.58,54600000,0.0,0.0,0.0,0.0,0.0,72.84,82750000,,,,A
6512,2001/02,,rc-lens,olympique-de-marseille,0.0,0.0,0.0,0.0,0.0,72.84,82750000,0.0,0.0,0.0,0.0,0.0,73.85,58850000,,,,H
6513,2001/02,,stade-rennais,as-monaco,0.0,0.0,0.0,0.0,0.0,73.39,253175000,0.0,0.0,0.0,0.0,0.0,73.63,257100000,,,,H
6514,2001/02,,fc-lorient,aj-auxerre,0.0,0.0,0.0,0.0,0.0,70.23,70850000,0.0,0.0,0.0,0.0,0.0,0.0,0,,,,A
6515,2001/02,,fc-metz,rc-lens,0.0,0.0,0.0,0.0,0.0,67.29,41450000,0.0,0.0,0.0,0.0,0.0,72.84,82750000,,,,A
6516,2001/02,,as-monaco,paris-saint-germain,0.0,0.0,0.0,0.0,0.0,73.63,257100000,0.0,0.0,0.0,0.0,0.0,0.0,0,,,,D
6517,2001/02,,fc-lorient,as-monaco,0.0,0.0,0.0,0.0,0.0,70.23,70850000,0.0,0.0,0.0,0.0,0.0,73.63,257100000,,,,H
6518,2001/02,,paris-saint-germain,stade-rennais,0.0,0.0,0.0,0.0,0.0,0.0,0,0.0,0.0,0.0,0.0,0.0,73.39,253175000,,,,H
6519,2001/02,,rc-lens,losc-lille,0.0,0.0,0.0,0.0,0.0,72.84,82750000,0.0,0.0,0.0,0.0,0.0,72.18,86050000,,,,D
6520,2001/02,,olympique-de-marseille,olympique-lyonnais,0.0,0.0,0.0,0.0,0.0,73.85,58850000,0.0,0.0,0.0,0.0,0.0,72.74,89500000,,,,D
6521,2001/02,,paris-saint-germain,rc-lens,0.0,0.0,0.0,0.0,0.0,0.0,0,0.0,0.0,0.0,0.0,0.0,72.84,82750000,,,,D
6522,2001/02,,stade-rennais,fc-lorient,0.0,0.0,0.0,0.0,0.0,73.39,253175000,0.0,0.0,0.0,0.0,0.0,70.23,70850000,,,,D
6523,2001/02,,fc-lorient,paris-saint-germain,0.0,0.0,0.0,0.0,0.0,70.23,70850000,0.0,0.0,0.0,0.0,0.0,0.0,0,,,,D
6524,2001/02,,olympique-lyonnais,fc-nantes,0.0,0.0,0.0,0.0,0.0,72.74,89500000,0.0,0.0,0.0,0.0,0.0,69.58,54600000,,,,H
6525,2001/02,,olympique-de-marseille,fc-nantes,0.0,0.0,0.0,0.0,0.0,73.85,58850000,0.0,0.0,0.0,0.0,0.0,69.58,54600000,,,,H
6526,2001/02,,fc-metz,olympique-lyonnais,0.0,0.0,0.0,0.0,0.0,67.29,41450000,0.0,0.0,0.0,0.0,0.0,72.74,89500000,,,,H
6527,2001/02,,as-monaco,rc-lens,0.0,0.0,0.0,0.0,0.0,73.63,257100000,0.0,0.0,0.0,0.0,0.0,72.84,82750000,,,,H
6528,2001/02,,rc-lens,aj-auxerre,0.0,0.0,0.0,0.0,0.0,72.84,82750000,0.0,0.0,0.0,0.0,0.0,0.0,0,,,,D
6529,2001/02,,olympique-lyonnais,stade-rennais,0.0,0.0,0.0,0.0,0.0,72.74,89500000,0.0,0.0,0.0,0.0,0.0,73.39,253175000,,,,H
6530,2001/02,,fc-nantes,fc-metz,0.0,0.0,0.0,0.0,0.0,69.58,54600000,0.0,0.0,0.0,0.0,0.0,67.29,41450000,,,,D
6531,2001/02,,losc-lille,fc-nantes,0.0,0.0,0.0,0.0,0.0,72.18,86050000,0.0,0.0,0.0,0.0,0.0,69.58,54600000,,,,H
6532,2001/02,,fc-lorient,rc-lens,0.0,0.0,0.0,0.0,0.0,70.23,70850000,0.0,0.0,0.0,0.0,0.0,72.84,82750000,,,,A
6533,2001/02,,fc-metz,olympique-de-marseille,0.0,0.0,0.0,0.0,0.0,67.29,41450000,0.0,0.0,0.0,0.0,0.0,73.85,58850000,,,,A
6534,2001/02,,paris-saint-germain,olympique-lyonnais,0.0,0.0,0.0,0.0,0.0,0.0,0,0.0,0.0,0.0,0.0,0.0,72.74,89500000,,,,D
6535,2001/02,,olympique-de-marseille,losc-lille,0.0,0.0,0.0,0.0,0.0,73.85,58850000,0.0,0.0,0.0,0.0,0.0,72.18,86050000,,,,D
6536,2001/02,,fc-nantes,aj-auxerre,0.0,0.0,0.0,0.0,0.0,69.58,54600000,0.0,0.0,0.0,0.0,0.0,0.0,0,,,,D
6537,2001/02,,aj-auxerre,olympique-de-marseille,0.0,0.0,0.0,0.0,0.0,0.0,0,0.0,0.0,0.0,0.0,0.0,73.85,58850000,,,,H
6538,2001/02,,losc-lille,fc-metz,0.0,0.0,0.0,0.0,0.0,72.18,86050000,0.0,0.0,0.0,0.0,0.0,67.29,41450000,,,,H
6539,2001/02,,as-monaco,olympique-lyonnais,0.0,0.0,0.0,0.0,0.0,73.63,257100000,0.0,0.0,0.0,0.0,0.0,72.74,89500000,,,,H
6540,2001/02,,stade-rennais,rc-lens,0.0,0.0,0.0,0.0,0.0,73.39,253175000,0.0,0.0,0.0,0.0,0.0,72.84,82750000,,,,A
6541,2001/02,,olympique-de-marseille,stade-rennais,0.0,0.0,0.0,0.0,0.0,73.85,58850000,0.0,0.0,0.0,0.0,0.0,73.39,253175000,,,,H
6542,2001/02,,fc-nantes,as-monaco,0.0,0.0,0.0,0.0,0.0,69.58,54600000,0.0,0.0,0.0,0.0,0.0,73.63,257100000,,,,H
6543,2001/02,,olympique-lyonnais,losc-lille,0.0,0.0,0.0,0.0,0.0,72.74,89500000,0.0,0.0,0.0,0.0,0.0,72.18,86050000,,,,H
6544,2001/02,,fc-metz,aj-auxerre,0.0,0.0,0.0,0.0,0.0,67.29,41450000,0.0,0.0,0.0,0.0,0.0,0.0,0,,,,H
6545,2001/02,,as-monaco,olympique-de-marseille,0.0,0.0,0.0,0.0,0.0,73.63,257100000,0.0,0.0,0.0,0.0,0.0,73.85,58850000,,,,D
6546,2001/02,,aj-auxerre,losc-lille,0.0,0.0,0.0,0.0,0.0,0.0,0,0.0,0.0,0.0,0.0,0.0,72.18,86050000,,,,H
6547,2001/02,,fc-lorient,olympique-lyonnais,0.0,0.0,0.0,0.0,0.0,70.23,70850000,0.0,0.0,0.0,0.0,0.0,72.74,89500000,,,,A
6548,2001/02,,stade-rennais,fc-nantes,0.0,0.0,0.0,0.0,0.0,73.39,253175000,0.0,0.0,0.0,0.0,0.0,69.58,54600000,,,,H
6549,2001/02,,fc-metz,as-monaco,0.0,0.0,0.0,0.0,0.0,67.29,41450000,0.0,0.0,0.0,0.0,0.0,73.63,257100000,,,,H
6550,2001/02,,losc-lille,stade-rennais,0.0,0.0,0.0,0.0,0.0,72.18,86050000,0.0,0.0,0.0,0.0,0.0,73.39,253175000,,,,H
6551,2001/02,,olympique-lyonnais,aj-auxerre,0.0,0.0,0.0,0.0,0.0,72.74,89500000,0.0,0.0,0.0,0.0,0.0,0.0,0,,,,H
6552,2001/02,,fc-nantes,paris-saint-germain,0.0,0.0,0.0,0.0,0.0,69.58,54600000,0.0,0.0,0.0,0.0,0.0,0.0,0,,,,A
6553,2001/02,,fc-lorient,fc-nantes,0.0,0.0,0.0,0.0,0.0,70.23,70850000,0.0,0.0,0.0,0.0,0.0,69.58,54600000,,,,A
6554,2001/02,,as-monaco,losc-lille,0.0,0.0,0.0,0.0,0.0,73.63,257100000,0.0,0.0,0.0,0.0,0.0,72.18,86050000,,,,D
6555,2001/02,,stade-rennais,fc-metz,0.0,0.0,0.0,0.0,0.0,73.39,253175000,0.0,0.0,0.0,0.0,0.0,67.29,41450000,,,,D
6556,2001/02,,paris-saint-germain,olympique-de-marseille,0.0,0.0,0.0,0.0,0.0,0.0,0,0.0,0.0,0.0,0.0,0.0,73.85,58850000,,,,D
6557,2001/02,,aj-auxerre,as-monaco,0.0,0.0,0.0,0.0,0.0,0.0,0,0.0,0.0,0.0,0.0,0.0,73.63,257100000,,,,H
6558,2001/02,,olympique-de-marseille,fc-lorient,0.0,0.0,0.0,0.0,0.0,73.85,58850000,0.0,0.0,0.0,0.0,0.0,70.23,70850000,,,,H
6559,2001/02,,fc-metz,paris-saint-germain,0.0,0.0,0.0,0.0,0.0,67.29,41450000,0.0,0.0,0.0,0.0,0.0,0.0,0,,,,A
6560,2001/02,,rc-lens,fc-nantes,0.0,0.0,0.0,0.0,0.0,72.84,82750000,0.0,0.0,0.0,0.0,0.0,69.58,54600000,,,,H
6561,2001/02,,fc-lorient,losc-lille,0.0,0.0,0.0,0.0,0.0,70.23,70850000,0.0,0.0,0.0,0.0,0.0,72.18,86050000,,,,A
6562,2001/02,,paris-saint-germain,aj-auxerre,0.0,0.0,0.0,0.0,0.0,0.0,0,0.0,0.0,0.0,0.0,0.0,0.0,0,,,,D
6563,2001/02,,olympique-de-marseille,rc-lens,0.0,0.0,0.0,0.0,0.0,73.85,58850000,0.0,0.0,0.0,0.0,0.0,72.84,82750000,,,,A
6564,2001/02,,as-monaco,stade-rennais,0.0,0.0,0.0,0.0,0.0,73.63,257100000,0.0,0.0,0.0,0.0,0.0,73.39,253175000,,,,H
6565,2001/02,,paris-saint-germain,as-monaco,0.0,0.0,0.0,0.0,0.0,0.0,0,0.0,0.0,0.0,0.0,0.0,73.63,257100000,,,,A
6566,2001/02,,losc-lille,rc-lens,0.0,0.0,0.0,0.0,0.0,72.18,86050000,0.0,0.0,0.0,0.0,0.0,72.84,82750000,,,,A
6567,2001/02,,as-monaco,fc-lorient,0.0,0.0,0.0,0.0,0.0,73.63,257100000,0.0,0.0,0.0,0.0,0.0,70.23,70850000,,,,H
6568,2001/02,,stade-rennais,paris-saint-germain,0.0,0.0,0.0,0.0,0.0,73.39,253175000,0.0,0.0,0.0,0.0,0.0,0.0,0,,,,A
6569,2001/02,,aj-auxerre,fc-lorient,0.0,0.0,0.0,0.0,0.0,0.0,0,0.0,0.0,0.0,0.0,0.0,70.23,70850000,,,,D
6570,2001/02,,fc-lorient,stade-rennais,0.0,0.0,0.0,0.0,0.0,70.23,70850000,0.0,0.0,0.0,0.0,0.0,73.39,253175000,,,,H
6571,2001/02,,olympique-lyonnais,olympique-de-marseille,0.0,0.0,0.0,0.0,0.0,72.74,89500000,0.0,0.0,0.0,0.0,0.0,73.85,58850000,,,,H
6572,2001/02,,rc-lens,paris-saint-germain,0.0,0.0,0.0,0.0,0.0,72.84,82750000,0.0,0.0,0.0,0.0,0.0,0.0,0,,,,D
6573,2001/02,,fc-nantes,olympique-lyonnais,0.0,0.0,0.0,0.0,0.0,69.58,54600000,0.0,0.0,0.0,0.0,0.0,72.74,89500000,,,,H
6574,2001/02,,paris-saint-germain,fc-lorient,0.0,0.0,0.0,0.0,0.0,0.0,0,0.0,0.0,0.0,0.0,0.0,70.23,70850000,,,,H
6575,2001/02,,rc-lens,as-monaco,0.0,0.0,0.0,0.0,0.0,72.84,82750000,0.0,0.0,0.0,0.0,0.0,73.63,257100000,,,,H
6576,2001/02,,olympique-lyonnais,fc-metz,0.0,0.0,0.0,0.0,0.0,72.74,89500000,0.0,0.0,0.0,0.0,0.0,67.29,41450000,,,,H
6577,2001/02,,fc-nantes,olympique-de-marseille,0.0,0.0,0.0,0.0,0.0,69.58,54600000,0.0,0.0,0.0,0.0,0.0,73.85,58850000,,,,H
6578,2001/02,,aj-auxerre,rc-lens,0.0,0.0,0.0,0.0,0.0,0.0,0,0.0,0.0,0.0,0.0,0.0,72.84,82750000,,,,H
6579,2001/02,,fc-metz,fc-nantes,0.0,0.0,0.0,0.0,0.0,67.29,41450000,0.0,0.0,0.0,0.0,0.0,69.58,54600000,,,,H
6580,2001/02,,stade-rennais,olympique-lyonnais,0.0,0.0,0.0,0.0,0.0,73.39,253175000,0.0,0.0,0.0,0.0,0.0,72.74,89500000,,,,D
6581,2001/02,,rc-lens,fc-lorient,0.0,0.0,0.0,0.0,0.0,72.84,82750000,0.0,0.0,0.0,0.0,0.0,70.23,70850000,,,,D
6582,2001/02,,fc-nantes,losc-lille,0.0,0.0,0.0,0.0,0.0,69.58,54600000,0.0,0.0,0.0,0.0,0.0,72.18,86050000,,,,A
6583,2001/02,,olympique-lyonnais,paris-saint-germain,0.0,0.0,0.0,0.0,0.0,72.74,89500000,0.0,0.0,0.0,0.0,0.0,0.0,0,,,,H
6584,2001/02,,olympique-de-marseille,fc-metz,0.0,0.0,0.0,0.0,0.0,73.85,58850000,0.0,0.0,0.0,0.0,0.0,67.29,41450000,,,,H
6585,2001/02,,aj-auxerre,fc-nantes,0.0,0.0,0.0,0.0,0.0,0.0,0,0.0,0.0,0.0,0.0,0.0,69.58,54600000,,,,H
6586,2001/02,,losc-lille,olympique-de-marseille,0.0,0.0,0.0,0.0,0.0,72.18,86050000,0.0,0.0,0.0,0.0,0.0,73.85,58850000,,,,H
6587,2001/02,,rc-lens,fc-metz,0.0,0.0,0.0,0.0,0.0,72.84,82750000,0.0,0.0,0.0,0.0,0.0,67.29,41450000,,,,D
6588,2001/02,,rc-lens,stade-rennais,0.0,0.0,0.0,0.0,0.0,72.84,82750000,0.0,0.0,0.0,0.0,0.0,73.39,253175000,,,,H
3531,2002/03,,rc-strasbourg,stade-rennais,0.0,0.0,0.0,0.0,0.0,69.0,72100000,0.0,0.0,0.0,0.0,0.0,73.39,253175000,,,,A
6589,2001/02,,olympique-lyonnais,as-monaco,0.0,0.0,0.0,0.0,0.0,72.74,89500000,0.0,0.0,0.0,0.0,0.0,73.63,257100000,,,,H
6590,2001/02,,fc-metz,losc-lille,0.0,0.0,0.0,0.0,0.0,67.29,41450000,0.0,0.0,0.0,0.0,0.0,72.18,86050000,,,,A
6591,2001/02,,aj-auxerre,fc-metz,0.0,0.0,0.0,0.0,0.0,0.0,0,0.0,0.0,0.0,0.0,0.0,67.29,41450000,,,,H
6592,2001/02,,losc-lille,olympique-lyonnais,0.0,0.0,0.0,0.0,0.0,72.18,86050000,0.0,0.0,0.0,0.0,0.0,72.74,89500000,,,,H
6593,2001/02,,as-monaco,fc-nantes,0.0,0.0,0.0,0.0,0.0,73.63,257100000,0.0,0.0,0.0,0.0,0.0,69.58,54600000,,,,A
6594,2001/02,,stade-rennais,olympique-de-marseille,0.0,0.0,0.0,0.0,0.0,73.39,253175000,0.0,0.0,0.0,0.0,0.0,73.85,58850000,,,,H
6595,2001/02,,losc-lille,aj-auxerre,0.0,0.0,0.0,0.0,0.0,72.18,86050000,0.0,0.0,0.0,0.0,0.0,0.0,0,,,,A
6596,2001/02,,olympique-lyonnais,fc-lorient,0.0,0.0,0.0,0.0,0.0,72.74,89500000,0.0,0.0,0.0,0.0,0.0,70.23,70850000,,,,H
6597,2001/02,,fc-nantes,stade-rennais,0.0,0.0,0.0,0.0,0.0,69.58,54600000,0.0,0.0,0.0,0.0,0.0,73.39,253175000,,,,H
6598,2001/02,,olympique-de-marseille,as-monaco,0.0,0.0,0.0,0.0,0.0,73.85,58850000,0.0,0.0,0.0,0.0,0.0,73.63,257100000,,,,D
6599,2001/02,,olympique-de-marseille,aj-auxerre,0.0,0.0,0.0,0.0,0.0,73.85,58850000,0.0,0.0,0.0,0.0,0.0,0.0,0,,,,H
6600,2001/02,,as-monaco,fc-metz,0.0,0.0,0.0,0.0,0.0,73.63,257100000,0.0,0.0,0.0,0.0,0.0,67.29,41450000,,,,D
6601,2001/02,,paris-saint-germain,fc-nantes,0.0,0.0,0.0,0.0,0.0,0.0,0,0.0,0.0,0.0,0.0,0.0,69.58,54600000,,,,D
6602,2001/02,,stade-rennais,losc-lille,0.0,0.0,0.0,0.0,0.0,73.39,253175000,0.0,0.0,0.0,0.0,0.0,72.18,86050000,,,,H
6603,2001/02,,aj-auxerre,olympique-lyonnais,0.0,0.0,0.0,0.0,0.0,0.0,0,0.0,0.0,0.0,0.0,0.0,72.74,89500000,,,,A
6604,2001/02,,olympique-de-marseille,paris-saint-germain,0.0,0.0,0.0,0.0,0.0,73.85,58850000,0.0,0.0,0.0,0.0,0.0,0.0,0,,,,H
6605,2001/02,,losc-lille,as-monaco,0.0,0.0,0.0,0.0,0.0,72.18,86050000,0.0,0.0,0.0,0.0,0.0,73.63,257100000,,,,D
6606,2001/02,,fc-metz,stade-rennais,0.0,0.0,0.0,0.0,0.0,67.29,41450000,0.0,0.0,0.0,0.0,0.0,73.39,253175000,,,,H
6607,2001/02,,fc-nantes,fc-lorient,0.0,0.0,0.0,0.0,0.0,69.58,54600000,0.0,0.0,0.0,0.0,0.0,70.23,70850000,,,,H
6608,2001/02,,fc-lorient,olympique-de-marseille,0.0,0.0,0.0,0.0,0.0,70.23,70850000,0.0,0.0,0.0,0.0,0.0,73.85,58850000,,,,D
6609,2001/02,,as-monaco,aj-auxerre,0.0,0.0,0.0,0.0,0.0,73.63,257100000,0.0,0.0,0.0,0.0,0.0,0.0,0,,,,D
6610,2001/02,,paris-saint-germain,fc-metz,0.0,0.0,0.0,0.0,0.0,0.0,0,0.0,0.0,0.0,0.0,0.0,67.29,41450000,,,,H
6611,2001/02,,aj-auxerre,stade-rennais,0.0,0.0,0.0,0.0,0.0,0.0,0,0.0,0.0,0.0,0.0,0.0,73.39,253175000,,,,A
6612,2001/02,,losc-lille,paris-saint-germain,0.0,0.0,0.0,0.0,0.0,72.18,86050000,0.0,0.0,0.0,0.0,0.0,0.0,0,,,,H
6613,2001/02,,olympique-lyonnais,rc-lens,0.0,0.0,0.0,0.0,0.0,72.74,89500000,0.0,0.0,0.0,0.0,0.0,72.84,82750000,,,,H
6614,2001/02,,fc-metz,fc-lorient,0.0,0.0,0.0,0.0,0.0,67.29,41450000,0.0,0.0,0.0,0.0,0.0,70.23,70850000,,,,D
6615,2002/03,,olympique-de-marseille,fc-nantes,0.0,0.0,0.0,0.0,0.0,73.85,58850000,0.0,0.0,0.0,0.0,0.0,69.58,54600000,,,,A
6616,2002/03,,paris-saint-germain,aj-auxerre,0.0,0.0,0.0,0.0,0.0,0.0,0,0.0,0.0,0.0,0.0,0.0,0.0,0,,,,H
6617,2002/03,,as-monaco,olympique-de-marseille,0.0,0.0,0.0,0.0,0.0,73.63,257100000,0.0,0.0,0.0,0.0,0.0,73.85,58850000,,,,A
6618,2002/03,,ogc-nice,rc-strasbourg,0.0,0.0,0.0,0.0,0.0,73.28,89200000,0.0,0.0,0.0,0.0,0.0,69.0,72100000,,,,H
6619,2002/03,,olympique-de-marseille,olympique-lyonnais,0.0,0.0,0.0,0.0,0.0,73.85,58850000,0.0,0.0,0.0,0.0,0.0,72.74,89500000,,,,D
6620,2002/03,,losc-lille,ogc-nice,0.0,0.0,0.0,0.0,0.0,72.18,86050000,0.0,0.0,0.0,0.0,0.0,73.28,89200000,,,,A
6621,2002/03,,fc-nantes,rc-lens,0.0,0.0,0.0,0.0,0.0,69.58,54600000,0.0,0.0,0.0,0.0,0.0,72.84,82750000,,,,D
6622,2002/03,,stade-rennais,olympique-de-marseille,0.0,0.0,0.0,0.0,0.0,73.39,253175000,0.0,0.0,0.0,0.0,0.0,73.85,58850000,,,,A
6623,2002/03,,rc-lens,as-monaco,0.0,0.0,0.0,0.0,0.0,72.84,82750000,0.0,0.0,0.0,0.0,0.0,73.63,257100000,,,,H
6624,2002/03,,paris-saint-germain,ogc-nice,0.0,0.0,0.0,0.0,0.0,0.0,0,0.0,0.0,0.0,0.0,0.0,73.28,89200000,,,,D
6625,2002/03,,rc-strasbourg,losc-lille,0.0,0.0,0.0,0.0,0.0,69.0,72100000,0.0,0.0,0.0,0.0,0.0,72.18,86050000,,,,D
6626,2002/03,,olympique-de-marseille,aj-auxerre,0.0,0.0,0.0,0.0,0.0,73.85,58850000,0.0,0.0,0.0,0.0,0.0,0.0,0,,,,D
6627,2002/03,,olympique-lyonnais,rc-lens,0.0,0.0,0.0,0.0,0.0,72.74,89500000,0.0,0.0,0.0,0.0,0.0,72.84,82750000,,,,H
6628,2002/03,,losc-lille,paris-saint-germain,0.0,0.0,0.0,0.0,0.0,72.18,86050000,0.0,0.0,0.0,0.0,0.0,0.0,0,,,,H
6629,2002/03,,as-monaco,fc-nantes,0.0,0.0,0.0,0.0,0.0,73.63,257100000,0.0,0.0,0.0,0.0,0.0,69.58,54600000,,,,H
6630,2002/03,,ogc-nice,olympique-de-marseille,0.0,0.0,0.0,0.0,0.0,73.28,89200000,0.0,0.0,0.0,0.0,0.0,73.85,58850000,,,,H
6631,2002/03,,rc-lens,stade-rennais,0.0,0.0,0.0,0.0,0.0,72.84,82750000,0.0,0.0,0.0,0.0,0.0,73.39,253175000,,,,H
6632,2002/03,,fc-nantes,olympique-lyonnais,0.0,0.0,0.0,0.0,0.0,69.58,54600000,0.0,0.0,0.0,0.0,0.0,72.74,89500000,,,,H
6633,2002/03,,paris-saint-germain,rc-strasbourg,0.0,0.0,0.0,0.0,0.0,0.0,0,0.0,0.0,0.0,0.0,0.0,69.0,72100000,,,,H
6634,2002/03,,olympique-lyonnais,as-monaco,0.0,0.0,0.0,0.0,0.0,72.74,89500000,0.0,0.0,0.0,0.0,0.0,73.63,257100000,,,,A
6635,2002/03,,stade-rennais,fc-nantes,0.0,0.0,0.0,0.0,0.0,73.39,253175000,0.0,0.0,0.0,0.0,0.0,69.58,54600000,,,,H
6636,2002/03,,rc-lens,losc-lille,0.0,0.0,0.0,0.0,0.0,72.84,82750000,0.0,0.0,0.0,0.0,0.0,72.18,86050000,,,,D
6637,2002/03,,as-monaco,stade-rennais,0.0,0.0,0.0,0.0,0.0,73.63,257100000,0.0,0.0,0.0,0.0,0.0,73.39,253175000,,,,H
6638,2002/03,,fc-nantes,aj-auxerre,0.0,0.0,0.0,0.0,0.0,69.58,54600000,0.0,0.0,0.0,0.0,0.0,0.0,0,,,,A
6639,2002/03,,losc-lille,olympique-de-marseille,0.0,0.0,0.0,0.0,0.0,72.18,86050000,0.0,0.0,0.0,0.0,0.0,73.85,58850000,,,,H
6640,2002/03,,stade-rennais,olympique-lyonnais,0.0,0.0,0.0,0.0,0.0,73.39,253175000,0.0,0.0,0.0,0.0,0.0,72.74,89500000,,,,A
6641,2002/03,,aj-auxerre,as-monaco,0.0,0.0,0.0,0.0,0.0,0.0,0,0.0,0.0,0.0,0.0,0.0,73.63,257100000,,,,D
6642,2002/03,,olympique-lyonnais,aj-auxerre,0.0,0.0,0.0,0.0,0.0,72.74,89500000,0.0,0.0,0.0,0.0,0.0,0.0,0,,,,H
6643,2002/03,,as-monaco,losc-lille,0.0,0.0,0.0,0.0,0.0,73.63,257100000,0.0,0.0,0.0,0.0,0.0,72.18,86050000,,,,D
6644,2002/03,,fc-nantes,ogc-nice,0.0,0.0,0.0,0.0,0.0,69.58,54600000,0.0,0.0,0.0,0.0,0.0,73.28,89200000,,,,D
6645,2002/03,,olympique-de-marseille,rc-strasbourg,0.0,0.0,0.0,0.0,0.0,73.85,58850000,0.0,0.0,0.0,0.0,0.0,69.0,72100000,,,,H
6646,2002/03,,aj-auxerre,stade-rennais,0.0,0.0,0.0,0.0,0.0,0.0,0,0.0,0.0,0.0,0.0,0.0,73.39,253175000,,,,H
6647,2002/03,,ogc-nice,rc-lens,0.0,0.0,0.0,0.0,0.0,73.28,89200000,0.0,0.0,0.0,0.0,0.0,72.84,82750000,,,,D
6648,2002/03,,paris-saint-germain,olympique-de-marseille,0.0,0.0,0.0,0.0,0.0,0.0,0,0.0,0.0,0.0,0.0,0.0,73.85,58850000,,,,H
3532,2002/03,,aj-auxerre,rc-strasbourg,0.0,0.0,0.0,0.0,0.0,0.0,0,0.0,0.0,0.0,0.0,0.0,69.0,72100000,,,,D
3533,2002/03,,stade-rennais,paris-saint-germain,0.0,0.0,0.0,0.0,0.0,73.39,253175000,0.0,0.0,0.0,0.0,0.0,0.0,0,,,,H
3534,2002/03,,olympique-de-marseille,as-monaco,0.0,0.0,0.0,0.0,0.0,73.85,58850000,0.0,0.0,0.0,0.0,0.0,73.63,257100000,,,,D
3535,2002/03,,rc-strasbourg,ogc-nice,0.0,0.0,0.0,0.0,0.0,69.0,72100000,0.0,0.0,0.0,0.0,0.0,73.28,89200000,,,,D
3536,2002/03,,olympique-lyonnais,olympique-de-marseille,0.0,0.0,0.0,0.0,0.0,72.74,89500000,0.0,0.0,0.0,0.0,0.0,73.85,58850000,,,,H
3537,2002/03,,ogc-nice,losc-lille,0.0,0.0,0.0,0.0,0.0,73.28,89200000,0.0,0.0,0.0,0.0,0.0,72.18,86050000,,,,H
3538,2002/03,,olympique-de-marseille,stade-rennais,0.0,0.0,0.0,0.0,0.0,73.85,58850000,0.0,0.0,0.0,0.0,0.0,73.39,253175000,,,,H
3539,2002/03,,aj-auxerre,olympique-de-marseille,0.0,0.0,0.0,0.0,0.0,0.0,0,0.0,0.0,0.0,0.0,0.0,73.85,58850000,,,,D
3540,2002/03,,losc-lille,rc-strasbourg,0.0,0.0,0.0,0.0,0.0,72.18,86050000,0.0,0.0,0.0,0.0,0.0,69.0,72100000,,,,A
3541,2002/03,,as-monaco,rc-lens,0.0,0.0,0.0,0.0,0.0,73.63,257100000,0.0,0.0,0.0,0.0,0.0,72.84,82750000,,,,D
3542,2002/03,,ogc-nice,paris-saint-germain,0.0,0.0,0.0,0.0,0.0,73.28,89200000,0.0,0.0,0.0,0.0,0.0,0.0,0,,,,D
3543,2002/03,,olympique-de-marseille,ogc-nice,0.0,0.0,0.0,0.0,0.0,73.85,58850000,0.0,0.0,0.0,0.0,0.0,73.28,89200000,,,,H
3544,2002/03,,rc-lens,olympique-lyonnais,0.0,0.0,0.0,0.0,0.0,72.84,82750000,0.0,0.0,0.0,0.0,0.0,72.74,89500000,,,,D
3545,2002/03,,fc-nantes,as-monaco,0.0,0.0,0.0,0.0,0.0,69.58,54600000,0.0,0.0,0.0,0.0,0.0,73.63,257100000,,,,A
3546,2002/03,,paris-saint-germain,losc-lille,0.0,0.0,0.0,0.0,0.0,0.0,0,0.0,0.0,0.0,0.0,0.0,72.18,86050000,,,,H
3547,2002/03,,olympique-lyonnais,fc-nantes,0.0,0.0,0.0,0.0,0.0,72.74,89500000,0.0,0.0,0.0,0.0,0.0,69.58,54600000,,,,D
3548,2002/03,,stade-rennais,rc-lens,0.0,0.0,0.0,0.0,0.0,73.39,253175000,0.0,0.0,0.0,0.0,0.0,72.84,82750000,,,,D
3549,2002/03,,rc-strasbourg,paris-saint-germain,0.0,0.0,0.0,0.0,0.0,69.0,72100000,0.0,0.0,0.0,0.0,0.0,0.0,0,,,,A
3550,2002/03,,as-monaco,olympique-lyonnais,0.0,0.0,0.0,0.0,0.0,73.63,257100000,0.0,0.0,0.0,0.0,0.0,72.74,89500000,,,,H
3551,2002/03,,fc-nantes,stade-rennais,0.0,0.0,0.0,0.0,0.0,69.58,54600000,0.0,0.0,0.0,0.0,0.0,73.39,253175000,,,,H
3552,2002/03,,losc-lille,rc-lens,0.0,0.0,0.0,0.0,0.0,72.18,86050000,0.0,0.0,0.0,0.0,0.0,72.84,82750000,,,,A
3553,2002/03,,stade-rennais,as-monaco,0.0,0.0,0.0,0.0,0.0,73.39,253175000,0.0,0.0,0.0,0.0,0.0,73.63,257100000,,,,D
3554,2002/03,,aj-auxerre,fc-nantes,0.0,0.0,0.0,0.0,0.0,0.0,0,0.0,0.0,0.0,0.0,0.0,69.58,54600000,,,,A
3555,2002/03,,olympique-lyonnais,stade-rennais,0.0,0.0,0.0,0.0,0.0,72.74,89500000,0.0,0.0,0.0,0.0,0.0,73.39,253175000,,,,H
3556,2002/03,,olympique-de-marseille,losc-lille,0.0,0.0,0.0,0.0,0.0,73.85,58850000,0.0,0.0,0.0,0.0,0.0,72.18,86050000,,,,H
6649,2002/03,,rc-lens,aj-auxerre,0.0,0.0,0.0,0.0,0.0,72.84,82750000,0.0,0.0,0.0,0.0,0.0,0.0,0,,,,H
6650,2002/03,,olympique-lyonnais,ogc-nice,0.0,0.0,0.0,0.0,0.0,72.74,89500000,0.0,0.0,0.0,0.0,0.0,73.28,89200000,,,,D
6651,2002/03,,ogc-nice,as-monaco,0.0,0.0,0.0,0.0,0.0,73.28,89200000,0.0,0.0,0.0,0.0,0.0,73.63,257100000,,,,H
6652,2002/03,,losc-lille,fc-nantes,0.0,0.0,0.0,0.0,0.0,72.18,86050000,0.0,0.0,0.0,0.0,0.0,69.58,54600000,,,,A
6653,2002/03,,rc-strasbourg,rc-lens,0.0,0.0,0.0,0.0,0.0,69.0,72100000,0.0,0.0,0.0,0.0,0.0,72.84,82750000,,,,H
6654,2002/03,,aj-auxerre,ogc-nice,0.0,0.0,0.0,0.0,0.0,0.0,0,0.0,0.0,0.0,0.0,0.0,73.28,89200000,,,,A
6655,2002/03,,fc-nantes,rc-strasbourg,0.0,0.0,0.0,0.0,0.0,69.58,54600000,0.0,0.0,0.0,0.0,0.0,69.0,72100000,,,,H
6656,2002/03,,rc-lens,paris-saint-germain,0.0,0.0,0.0,0.0,0.0,72.84,82750000,0.0,0.0,0.0,0.0,0.0,0.0,0,,,,H
6657,2002/03,,paris-saint-germain,fc-nantes,0.0,0.0,0.0,0.0,0.0,0.0,0,0.0,0.0,0.0,0.0,0.0,69.58,54600000,,,,A
6658,2002/03,,losc-lille,olympique-lyonnais,0.0,0.0,0.0,0.0,0.0,72.18,86050000,0.0,0.0,0.0,0.0,0.0,72.74,89500000,,,,H
6659,2002/03,,olympique-de-marseille,rc-lens,0.0,0.0,0.0,0.0,0.0,73.85,58850000,0.0,0.0,0.0,0.0,0.0,72.84,82750000,,,,H
3557,2002/03,,as-monaco,aj-auxerre,0.0,0.0,0.0,0.0,0.0,73.63,257100000,0.0,0.0,0.0,0.0,0.0,0.0,0,,,,H
3558,2002/03,,ogc-nice,fc-nantes,0.0,0.0,0.0,0.0,0.0,73.28,89200000,0.0,0.0,0.0,0.0,0.0,69.58,54600000,,,,D
3559,2002/03,,losc-lille,as-monaco,0.0,0.0,0.0,0.0,0.0,72.18,86050000,0.0,0.0,0.0,0.0,0.0,73.63,257100000,,,,A
3560,2002/03,,rc-strasbourg,olympique-de-marseille,0.0,0.0,0.0,0.0,0.0,69.0,72100000,0.0,0.0,0.0,0.0,0.0,73.85,58850000,,,,D
3561,2002/03,,aj-auxerre,olympique-lyonnais,0.0,0.0,0.0,0.0,0.0,0.0,0,0.0,0.0,0.0,0.0,0.0,72.74,89500000,,,,A
3562,2002/03,,rc-lens,ogc-nice,0.0,0.0,0.0,0.0,0.0,72.84,82750000,0.0,0.0,0.0,0.0,0.0,73.28,89200000,,,,D
3563,2002/03,,stade-rennais,aj-auxerre,0.0,0.0,0.0,0.0,0.0,73.39,253175000,0.0,0.0,0.0,0.0,0.0,0.0,0,,,,D
3564,2002/03,,olympique-de-marseille,paris-saint-germain,0.0,0.0,0.0,0.0,0.0,73.85,58850000,0.0,0.0,0.0,0.0,0.0,0.0,0,,,,A
3565,2002/03,,rc-lens,fc-nantes,0.0,0.0,0.0,0.0,0.0,72.84,82750000,0.0,0.0,0.0,0.0,0.0,69.58,54600000,,,,A
3566,2002/03,,aj-auxerre,rc-lens,0.0,0.0,0.0,0.0,0.0,0.0,0,0.0,0.0,0.0,0.0,0.0,72.84,82750000,,,,D
3567,2002/03,,ogc-nice,olympique-lyonnais,0.0,0.0,0.0,0.0,0.0,73.28,89200000,0.0,0.0,0.0,0.0,0.0,72.74,89500000,,,,A
3568,2002/03,,rc-lens,rc-strasbourg,0.0,0.0,0.0,0.0,0.0,72.84,82750000,0.0,0.0,0.0,0.0,0.0,69.0,72100000,,,,D
3569,2002/03,,fc-nantes,losc-lille,0.0,0.0,0.0,0.0,0.0,69.58,54600000,0.0,0.0,0.0,0.0,0.0,72.18,86050000,,,,H
3570,2002/03,,as-monaco,ogc-nice,0.0,0.0,0.0,0.0,0.0,73.63,257100000,0.0,0.0,0.0,0.0,0.0,73.28,89200000,,,,A
3571,2002/03,,ogc-nice,aj-auxerre,0.0,0.0,0.0,0.0,0.0,73.28,89200000,0.0,0.0,0.0,0.0,0.0,0.0,0,,,,H
3572,2002/03,,paris-saint-germain,rc-lens,0.0,0.0,0.0,0.0,0.0,0.0,0,0.0,0.0,0.0,0.0,0.0,72.84,82750000,,,,A
3573,2002/03,,rc-strasbourg,fc-nantes,0.0,0.0,0.0,0.0,0.0,69.0,72100000,0.0,0.0,0.0,0.0,0.0,69.58,54600000,,,,H
3574,2002/03,,olympique-lyonnais,losc-lille,0.0,0.0,0.0,0.0,0.0,72.74,89500000,0.0,0.0,0.0,0.0,0.0,72.18,86050000,,,,D
3575,2002/03,,fc-nantes,paris-saint-germain,0.0,0.0,0.0,0.0,0.0,69.58,54600000,0.0,0.0,0.0,0.0,0.0,0.0,0,,,,D
3576,2002/03,,stade-rennais,ogc-nice,0.0,0.0,0.0,0.0,0.0,73.39,253175000,0.0,0.0,0.0,0.0,0.0,73.28,89200000,,,,D
3577,2002/03,,rc-lens,olympique-de-marseille,0.0,0.0,0.0,0.0,0.0,72.84,82750000,0.0,0.0,0.0,0.0,0.0,73.85,58850000,,,,A
3578,2002/03,,as-monaco,rc-strasbourg,0.0,0.0,0.0,0.0,0.0,73.63,257100000,0.0,0.0,0.0,0.0,0.0,69.0,72100000,,,,H
3579,2002/03,,losc-lille,stade-rennais,0.0,0.0,0.0,0.0,0.0,72.18,86050000,0.0,0.0,0.0,0.0,0.0,73.39,253175000,,,,H
3580,2002/03,,rc-strasbourg,olympique-lyonnais,0.0,0.0,0.0,0.0,0.0,69.0,72100000,0.0,0.0,0.0,0.0,0.0,72.74,89500000,,,,A
3581,2002/03,,paris-saint-germain,as-monaco,0.0,0.0,0.0,0.0,0.0,0.0,0,0.0,0.0,0.0,0.0,0.0,73.63,257100000,,,,H
3582,2002/03,,aj-auxerre,losc-lille,0.0,0.0,0.0,0.0,0.0,0.0,0,0.0,0.0,0.0,0.0,0.0,72.18,86050000,,,,D
3583,2002/03,,stade-rennais,rc-strasbourg,0.0,0.0,0.0,0.0,0.0,73.39,253175000,0.0,0.0,0.0,0.0,0.0,69.0,72100000,,,,A
3584,2002/03,,olympique-lyonnais,paris-saint-germain,0.0,0.0,0.0,0.0,0.0,72.74,89500000,0.0,0.0,0.0,0.0,0.0,0.0,0,,,,H
3585,2002/03,,paris-saint-germain,stade-rennais,0.0,0.0,0.0,0.0,0.0,0.0,0,0.0,0.0,0.0,0.0,0.0,73.39,253175000,,,,D
3586,2002/03,,rc-strasbourg,aj-auxerre,0.0,0.0,0.0,0.0,0.0,69.0,72100000,0.0,0.0,0.0,0.0,0.0,0.0,0,,,,A
3587,2002/03,,aj-auxerre,paris-saint-germain,0.0,0.0,0.0,0.0,0.0,0.0,0,0.0,0.0,0.0,0.0,0.0,0.0,0,,,,H
3588,2002/03,,fc-nantes,olympique-de-marseille,0.0,0.0,0.0,0.0,0.0,69.58,54600000,0.0,0.0,0.0,0.0,0.0,73.85,58850000,,,,H
3589,2003/04,,losc-lille,olympique-lyonnais,0.0,0.0,0.0,0.0,0.0,72.18,86050000,0.0,0.0,0.0,0.0,0.0,72.74,89500000,,,,H
3590,2003/04,,aj-auxerre,ogc-nice,0.0,0.0,0.0,0.0,0.0,0.0,0,0.0,0.0,0.0,0.0,0.0,73.28,89200000,,,,A
3591,2003/04,,toulouse-fc,rc-strasbourg,0.0,0.0,0.0,0.0,0.0,68.76,60900000,0.0,0.0,0.0,0.0,0.0,69.0,72100000,,,,D
3592,2003/04,,olympique-de-marseille,aj-auxerre,0.0,0.0,0.0,0.0,0.0,73.85,58850000,0.0,0.0,0.0,0.0,0.0,0.0,0,,,,H
3593,2003/04,,losc-lille,paris-saint-germain,0.0,0.0,0.0,0.0,0.0,72.18,86050000,0.0,0.0,0.0,0.0,0.0,0.0,0,,,,H
3594,2003/04,,olympique-lyonnais,as-monaco,0.0,0.0,0.0,0.0,0.0,72.74,89500000,0.0,0.0,0.0,0.0,0.0,73.63,257100000,,,,H
3595,2003/04,,fc-nantes,rc-lens,0.0,0.0,0.0,0.0,0.0,69.58,54600000,0.0,0.0,0.0,0.0,0.0,72.84,82750000,,,,H
3596,2003/04,,stade-rennais,toulouse-fc,0.0,0.0,0.0,0.0,0.0,73.39,253175000,0.0,0.0,0.0,0.0,0.0,68.76,60900000,,,,H
3597,2003/04,,aj-auxerre,rc-strasbourg,0.0,0.0,0.0,0.0,0.0,0.0,0,0.0,0.0,0.0,0.0,0.0,69.0,72100000,,,,H
3598,2003/04,,fc-metz,paris-saint-germain,0.0,0.0,0.0,0.0,0.0,67.29,41450000,0.0,0.0,0.0,0.0,0.0,0.0,0,,,,A
3599,2003/04,,toulouse-fc,losc-lille,0.0,0.0,0.0,0.0,0.0,68.76,60900000,0.0,0.0,0.0,0.0,0.0,72.18,86050000,,,,A
3600,2003/04,,rc-lens,olympique-de-marseille,0.0,0.0,0.0,0.0,0.0,72.84,82750000,0.0,0.0,0.0,0.0,0.0,73.85,58850000,,,,H
3601,2003/04,,losc-lille,fc-metz,0.0,0.0,0.0,0.0,0.0,72.18,86050000,0.0,0.0,0.0,0.0,0.0,67.29,41450000,,,,D
3602,2003/04,,olympique-lyonnais,toulouse-fc,0.0,0.0,0.0,0.0,0.0,72.74,89500000,0.0,0.0,0.0,0.0,0.0,68.76,60900000,,,,D
3603,2003/04,,rc-strasbourg,rc-lens,0.0,0.0,0.0,0.0,0.0,69.0,72100000,0.0,0.0,0.0,0.0,0.0,72.84,82750000,,,,A
3604,2003/04,,paris-saint-germain,as-monaco,0.0,0.0,0.0,0.0,0.0,0.0,0,0.0,0.0,0.0,0.0,0.0,73.63,257100000,,,,A
3605,2003/04,,aj-auxerre,stade-rennais,0.0,0.0,0.0,0.0,0.0,0.0,0,0.0,0.0,0.0,0.0,0.0,73.39,253175000,,,,H
3606,2003/04,,rc-lens,ogc-nice,0.0,0.0,0.0,0.0,0.0,72.84,82750000,0.0,0.0,0.0,0.0,0.0,73.28,89200000,,,,H
3607,2003/04,,as-monaco,fc-metz,0.0,0.0,0.0,0.0,0.0,73.63,257100000,0.0,0.0,0.0,0.0,0.0,67.29,41450000,,,,H
3608,2003/04,,losc-lille,as-monaco,0.0,0.0,0.0,0.0,0.0,72.18,86050000,0.0,0.0,0.0,0.0,0.0,73.63,257100000,,,,D
3609,2003/04,,olympique-lyonnais,aj-auxerre,0.0,0.0,0.0,0.0,0.0,72.74,89500000,0.0,0.0,0.0,0.0,0.0,0.0,0,,,,D
3610,2003/04,,ogc-nice,fc-nantes,0.0,0.0,0.0,0.0,0.0,73.28,89200000,0.0,0.0,0.0,0.0,0.0,69.58,54600000,,,,H
3611,2003/04,,stade-rennais,rc-lens,0.0,0.0,0.0,0.0,0.0,73.39,253175000,0.0,0.0,0.0,0.0,0.0,72.84,82750000,,,,H
3612,2003/04,,paris-saint-germain,toulouse-fc,0.0,0.0,0.0,0.0,0.0,0.0,0,0.0,0.0,0.0,0.0,0.0,68.76,60900000,,,,H
3613,2003/04,,ogc-nice,losc-lille,0.0,0.0,0.0,0.0,0.0,73.28,89200000,0.0,0.0,0.0,0.0,0.0,72.18,86050000,,,,H
3614,2003/04,,toulouse-fc,fc-metz,0.0,0.0,0.0,0.0,0.0,68.76,60900000,0.0,0.0,0.0,0.0,0.0,67.29,41450000,,,,H
3615,2003/04,,fc-nantes,olympique-de-marseille,0.0,0.0,0.0,0.0,0.0,69.58,54600000,0.0,0.0,0.0,0.0,0.0,73.85,58850000,,,,H
3616,2003/04,,olympique-lyonnais,rc-lens,0.0,0.0,0.0,0.0,0.0,72.74,89500000,0.0,0.0,0.0,0.0,0.0,72.84,82750000,,,,H
3617,2003/04,,olympique-de-marseille,ogc-nice,0.0,0.0,0.0,0.0,0.0,73.85,58850000,0.0,0.0,0.0,0.0,0.0,73.28,89200000,,,,H
3618,2003/04,,as-monaco,toulouse-fc,0.0,0.0,0.0,0.0,0.0,73.63,257100000,0.0,0.0,0.0,0.0,0.0,68.76,60900000,,,,H
3619,2003/04,,paris-saint-germain,aj-auxerre,0.0,0.0,0.0,0.0,0.0,0.0,0,0.0,0.0,0.0,0.0,0.0,0.0,0,,,,H
3620,2003/04,,rc-strasbourg,fc-nantes,0.0,0.0,0.0,0.0,0.0,69.0,72100000,0.0,0.0,0.0,0.0,0.0,69.58,54600000,,,,H
3621,2003/04,,aj-auxerre,losc-lille,0.0,0.0,0.0,0.0,0.0,0.0,0,0.0,0.0,0.0,0.0,0.0,72.18,86050000,,,,H
3622,2003/04,,rc-lens,fc-metz,0.0,0.0,0.0,0.0,0.0,72.84,82750000,0.0,0.0,0.0,0.0,0.0,67.29,41450000,,,,A
3623,2003/04,,fc-nantes,stade-rennais,0.0,0.0,0.0,0.0,0.0,69.58,54600000,0.0,0.0,0.0,0.0,0.0,73.39,253175000,,,,H
3624,2003/04,,ogc-nice,rc-strasbourg,0.0,0.0,0.0,0.0,0.0,73.28,89200000,0.0,0.0,0.0,0.0,0.0,69.0,72100000,,,,D
3625,2003/04,,rc-strasbourg,olympique-de-marseille,0.0,0.0,0.0,0.0,0.0,69.0,72100000,0.0,0.0,0.0,0.0,0.0,73.85,58850000,,,,H
3626,2003/04,,fc-metz,fc-nantes,0.0,0.0,0.0,0.0,0.0,67.29,41450000,0.0,0.0,0.0,0.0,0.0,69.58,54600000,,,,A
3627,2003/04,,as-monaco,aj-auxerre,0.0,0.0,0.0,0.0,0.0,73.63,257100000,0.0,0.0,0.0,0.0,0.0,0.0,0,,,,D
3628,2003/04,,stade-rennais,ogc-nice,0.0,0.0,0.0,0.0,0.0,73.39,253175000,0.0,0.0,0.0,0.0,0.0,73.28,89200000,,,,D
3629,2003/04,,rc-lens,losc-lille,0.0,0.0,0.0,0.0,0.0,72.84,82750000,0.0,0.0,0.0,0.0,0.0,72.18,86050000,,,,H
3630,2003/04,,olympique-de-marseille,stade-rennais,0.0,0.0,0.0,0.0,0.0,73.85,58850000,0.0,0.0,0.0,0.0,0.0,73.39,253175000,,,,H
3631,2003/04,,fc-nantes,olympique-lyonnais,0.0,0.0,0.0,0.0,0.0,69.58,54600000,0.0,0.0,0.0,0.0,0.0,72.74,89500000,,,,A
3632,2003/04,,rc-strasbourg,fc-metz,0.0,0.0,0.0,0.0,0.0,69.0,72100000,0.0,0.0,0.0,0.0,0.0,67.29,41450000,,,,A
3633,2003/04,,olympique-lyonnais,ogc-nice,0.0,0.0,0.0,0.0,0.0,72.74,89500000,0.0,0.0,0.0,0.0,0.0,73.28,89200000,,,,H
3634,2003/04,,stade-rennais,rc-strasbourg,0.0,0.0,0.0,0.0,0.0,73.39,253175000,0.0,0.0,0.0,0.0,0.0,69.0,72100000,,,,D
3635,2003/04,,toulouse-fc,aj-auxerre,0.0,0.0,0.0,0.0,0.0,68.76,60900000,0.0,0.0,0.0,0.0,0.0,0.0,0,,,,A
3636,2003/04,,paris-saint-germain,rc-lens,0.0,0.0,0.0,0.0,0.0,0.0,0,0.0,0.0,0.0,0.0,0.0,72.84,82750000,,,,A
3637,2003/04,,fc-nantes,paris-saint-germain,0.0,0.0,0.0,0.0,0.0,69.58,54600000,0.0,0.0,0.0,0.0,0.0,0.0,0,,,,A
3638,2003/04,,stade-rennais,losc-lille,0.0,0.0,0.0,0.0,0.0,73.39,253175000,0.0,0.0,0.0,0.0,0.0,72.18,86050000,,,,D
3639,2003/04,,olympique-de-marseille,olympique-lyonnais,0.0,0.0,0.0,0.0,0.0,73.85,58850000,0.0,0.0,0.0,0.0,0.0,72.74,89500000,,,,A
3640,2003/04,,olympique-lyonnais,rc-strasbourg,0.0,0.0,0.0,0.0,0.0,72.74,89500000,0.0,0.0,0.0,0.0,0.0,69.0,72100000,,,,H
3641,2003/04,,losc-lille,olympique-de-marseille,0.0,0.0,0.0,0.0,0.0,72.18,86050000,0.0,0.0,0.0,0.0,0.0,73.85,58850000,,,,A
3642,2003/04,,fc-metz,aj-auxerre,0.0,0.0,0.0,0.0,0.0,67.29,41450000,0.0,0.0,0.0,0.0,0.0,0.0,0,,,,A
3643,2003/04,,as-monaco,rc-lens,0.0,0.0,0.0,0.0,0.0,73.63,257100000,0.0,0.0,0.0,0.0,0.0,72.84,82750000,,,,H
3644,2003/04,,paris-saint-germain,ogc-nice,0.0,0.0,0.0,0.0,0.0,0.0,0,0.0,0.0,0.0,0.0,0.0,73.28,89200000,,,,D
3645,2003/04,,fc-nantes,as-monaco,0.0,0.0,0.0,0.0,0.0,69.58,54600000,0.0,0.0,0.0,0.0,0.0,73.63,257100000,,,,A
3646,2003/04,,ogc-nice,fc-metz,0.0,0.0,0.0,0.0,0.0,73.28,89200000,0.0,0.0,0.0,0.0,0.0,67.29,41450000,,,,D
3647,2003/04,,stade-rennais,olympique-lyonnais,0.0,0.0,0.0,0.0,0.0,73.39,253175000,0.0,0.0,0.0,0.0,0.0,72.74,89500000,,,,H
3648,2003/04,,rc-strasbourg,losc-lille,0.0,0.0,0.0,0.0,0.0,69.0,72100000,0.0,0.0,0.0,0.0,0.0,72.18,86050000,,,,D
3649,2003/04,,olympique-de-marseille,paris-saint-germain,0.0,0.0,0.0,0.0,0.0,73.85,58850000,0.0,0.0,0.0,0.0,0.0,0.0,0,,,,A
3650,2003/04,,losc-lille,fc-nantes,0.0,0.0,0.0,0.0,0.0,72.18,86050000,0.0,0.0,0.0,0.0,0.0,69.58,54600000,,,,H
3651,2003/04,,paris-saint-germain,rc-strasbourg,0.0,0.0,0.0,0.0,0.0,0.0,0,0.0,0.0,0.0,0.0,0.0,69.0,72100000,,,,H
3652,2003/04,,toulouse-fc,rc-lens,0.0,0.0,0.0,0.0,0.0,68.76,60900000,0.0,0.0,0.0,0.0,0.0,72.84,82750000,,,,A
3653,2003/04,,olympique-lyonnais,fc-metz,0.0,0.0,0.0,0.0,0.0,72.74,89500000,0.0,0.0,0.0,0.0,0.0,67.29,41450000,,,,H
3654,2003/04,,olympique-de-marseille,as-monaco,0.0,0.0,0.0,0.0,0.0,73.85,58850000,0.0,0.0,0.0,0.0,0.0,73.63,257100000,,,,A
3655,2003/04,,fc-nantes,toulouse-fc,0.0,0.0,0.0,0.0,0.0,69.58,54600000,0.0,0.0,0.0,0.0,0.0,68.76,60900000,,,,D
3656,2003/04,,stade-rennais,paris-saint-germain,0.0,0.0,0.0,0.0,0.0,73.39,253175000,0.0,0.0,0.0,0.0,0.0,0.0,0,,,,D
3657,2003/04,,aj-auxerre,rc-lens,0.0,0.0,0.0,0.0,0.0,0.0,0,0.0,0.0,0.0,0.0,0.0,72.84,82750000,,,,H
3658,2003/04,,fc-metz,stade-rennais,0.0,0.0,0.0,0.0,0.0,67.29,41450000,0.0,0.0,0.0,0.0,0.0,73.39,253175000,,,,D
3659,2003/04,,toulouse-fc,ogc-nice,0.0,0.0,0.0,0.0,0.0,68.76,60900000,0.0,0.0,0.0,0.0,0.0,73.28,89200000,,,,D
3660,2003/04,,as-monaco,rc-strasbourg,0.0,0.0,0.0,0.0,0.0,73.63,257100000,0.0,0.0,0.0,0.0,0.0,69.0,72100000,,,,H
3661,2003/04,,olympique-lyonnais,paris-saint-germain,0.0,0.0,0.0,0.0,0.0,72.74,89500000,0.0,0.0,0.0,0.0,0.0,0.0,0,,,,D
3662,2003/04,,olympique-de-marseille,toulouse-fc,0.0,0.0,0.0,0.0,0.0,73.85,58850000,0.0,0.0,0.0,0.0,0.0,68.76,60900000,,,,H
3663,2003/04,,fc-nantes,aj-auxerre,0.0,0.0,0.0,0.0,0.0,69.58,54600000,0.0,0.0,0.0,0.0,0.0,0.0,0,,,,H
3664,2003/04,,stade-rennais,as-monaco,0.0,0.0,0.0,0.0,0.0,73.39,253175000,0.0,0.0,0.0,0.0,0.0,73.63,257100000,,,,H
3665,2003/04,,as-monaco,olympique-lyonnais,0.0,0.0,0.0,0.0,0.0,73.63,257100000,0.0,0.0,0.0,0.0,0.0,72.74,89500000,,,,H
3666,2003/04,,aj-auxerre,olympique-de-marseille,0.0,0.0,0.0,0.0,0.0,0.0,0,0.0,0.0,0.0,0.0,0.0,73.85,58850000,,,,H
3667,2003/04,,rc-lens,fc-nantes,0.0,0.0,0.0,0.0,0.0,72.84,82750000,0.0,0.0,0.0,0.0,0.0,69.58,54600000,,,,D
3668,2003/04,,paris-saint-germain,losc-lille,0.0,0.0,0.0,0.0,0.0,0.0,0,0.0,0.0,0.0,0.0,0.0,72.18,86050000,,,,H
3669,2003/04,,toulouse-fc,stade-rennais,0.0,0.0,0.0,0.0,0.0,68.76,60900000,0.0,0.0,0.0,0.0,0.0,73.39,253175000,,,,H
3670,2003/04,,losc-lille,toulouse-fc,0.0,0.0,0.0,0.0,0.0,72.18,86050000,0.0,0.0,0.0,0.0,0.0,68.76,60900000,,,,A
3671,2003/04,,paris-saint-germain,fc-metz,0.0,0.0,0.0,0.0,0.0,0.0,0,0.0,0.0,0.0,0.0,0.0,67.29,41450000,,,,D
3672,2003/04,,rc-strasbourg,aj-auxerre,0.0,0.0,0.0,0.0,0.0,69.0,72100000,0.0,0.0,0.0,0.0,0.0,0.0,0,,,,A
3673,2003/04,,olympique-de-marseille,rc-lens,0.0,0.0,0.0,0.0,0.0,73.85,58850000,0.0,0.0,0.0,0.0,0.0,72.84,82750000,,,,H
3674,2003/04,,as-monaco,ogc-nice,0.0,0.0,0.0,0.0,0.0,73.63,257100000,0.0,0.0,0.0,0.0,0.0,73.28,89200000,,,,D
3675,2003/04,,fc-metz,olympique-de-marseille,0.0,0.0,0.0,0.0,0.0,67.29,41450000,0.0,0.0,0.0,0.0,0.0,73.85,58850000,,,,D
3676,2003/04,,as-monaco,paris-saint-germain,0.0,0.0,0.0,0.0,0.0,73.63,257100000,0.0,0.0,0.0,0.0,0.0,0.0,0,,,,D
3677,2003/04,,rc-lens,rc-strasbourg,0.0,0.0,0.0,0.0,0.0,72.84,82750000,0.0,0.0,0.0,0.0,0.0,69.0,72100000,,,,H
3678,2003/04,,fc-metz,losc-lille,0.0,0.0,0.0,0.0,0.0,67.29,41450000,0.0,0.0,0.0,0.0,0.0,72.18,86050000,,,,A
3679,2003/04,,toulouse-fc,olympique-lyonnais,0.0,0.0,0.0,0.0,0.0,68.76,60900000,0.0,0.0,0.0,0.0,0.0,72.74,89500000,,,,A
3680,2003/04,,fc-metz,as-monaco,0.0,0.0,0.0,0.0,0.0,67.29,41450000,0.0,0.0,0.0,0.0,0.0,73.63,257100000,,,,A
3681,2003/04,,ogc-nice,rc-lens,0.0,0.0,0.0,0.0,0.0,73.28,89200000,0.0,0.0,0.0,0.0,0.0,72.84,82750000,,,,H
3682,2003/04,,stade-rennais,aj-auxerre,0.0,0.0,0.0,0.0,0.0,73.39,253175000,0.0,0.0,0.0,0.0,0.0,0.0,0,,,,A
3683,2003/04,,rc-lens,stade-rennais,0.0,0.0,0.0,0.0,0.0,72.84,82750000,0.0,0.0,0.0,0.0,0.0,73.39,253175000,,,,H
3684,2003/04,,as-monaco,losc-lille,0.0,0.0,0.0,0.0,0.0,73.63,257100000,0.0,0.0,0.0,0.0,0.0,72.18,86050000,,,,A
3685,2003/04,,fc-nantes,ogc-nice,0.0,0.0,0.0,0.0,0.0,69.58,54600000,0.0,0.0,0.0,0.0,0.0,73.28,89200000,,,,H
3686,2003/04,,toulouse-fc,paris-saint-germain,0.0,0.0,0.0,0.0,0.0,68.76,60900000,0.0,0.0,0.0,0.0,0.0,0.0,0,,,,A
3687,2003/04,,aj-auxerre,olympique-lyonnais,0.0,0.0,0.0,0.0,0.0,0.0,0,0.0,0.0,0.0,0.0,0.0,72.74,89500000,,,,A
3688,2003/04,,losc-lille,ogc-nice,0.0,0.0,0.0,0.0,0.0,72.18,86050000,0.0,0.0,0.0,0.0,0.0,73.28,89200000,,,,A
3689,2003/04,,fc-metz,toulouse-fc,0.0,0.0,0.0,0.0,0.0,67.29,41450000,0.0,0.0,0.0,0.0,0.0,68.76,60900000,,,,A
3690,2003/04,,olympique-de-marseille,fc-nantes,0.0,0.0,0.0,0.0,0.0,73.85,58850000,0.0,0.0,0.0,0.0,0.0,69.58,54600000,,,,D
3691,2003/04,,rc-lens,olympique-lyonnais,0.0,0.0,0.0,0.0,0.0,72.84,82750000,0.0,0.0,0.0,0.0,0.0,72.74,89500000,,,,D
3692,2003/04,,fc-nantes,rc-strasbourg,0.0,0.0,0.0,0.0,0.0,69.58,54600000,0.0,0.0,0.0,0.0,0.0,69.0,72100000,,,,D
3693,2003/04,,toulouse-fc,as-monaco,0.0,0.0,0.0,0.0,0.0,68.76,60900000,0.0,0.0,0.0,0.0,0.0,73.63,257100000,,,,D
3694,2003/04,,aj-auxerre,paris-saint-germain,0.0,0.0,0.0,0.0,0.0,0.0,0,0.0,0.0,0.0,0.0,0.0,0.0,0,,,,D
3695,2003/04,,ogc-nice,olympique-de-marseille,0.0,0.0,0.0,0.0,0.0,73.28,89200000,0.0,0.0,0.0,0.0,0.0,73.85,58850000,,,,D
3696,2003/04,,losc-lille,aj-auxerre,0.0,0.0,0.0,0.0,0.0,72.18,86050000,0.0,0.0,0.0,0.0,0.0,0.0,0,,,,H
3697,2003/04,,fc-metz,rc-lens,0.0,0.0,0.0,0.0,0.0,67.29,41450000,0.0,0.0,0.0,0.0,0.0,72.84,82750000,,,,A
3698,2003/04,,stade-rennais,fc-nantes,0.0,0.0,0.0,0.0,0.0,73.39,253175000,0.0,0.0,0.0,0.0,0.0,69.58,54600000,,,,A
3699,2003/04,,rc-strasbourg,ogc-nice,0.0,0.0,0.0,0.0,0.0,69.0,72100000,0.0,0.0,0.0,0.0,0.0,73.28,89200000,,,,D
3700,2003/04,,fc-nantes,fc-metz,0.0,0.0,0.0,0.0,0.0,69.58,54600000,0.0,0.0,0.0,0.0,0.0,67.29,41450000,,,,D
3701,2003/04,,ogc-nice,stade-rennais,0.0,0.0,0.0,0.0,0.0,73.28,89200000,0.0,0.0,0.0,0.0,0.0,73.39,253175000,,,,H
3702,2003/04,,aj-auxerre,as-monaco,0.0,0.0,0.0,0.0,0.0,0.0,0,0.0,0.0,0.0,0.0,0.0,73.63,257100000,,,,D
3703,2003/04,,olympique-de-marseille,rc-strasbourg,0.0,0.0,0.0,0.0,0.0,73.85,58850000,0.0,0.0,0.0,0.0,0.0,69.0,72100000,,,,H
3704,2003/04,,losc-lille,rc-lens,0.0,0.0,0.0,0.0,0.0,72.18,86050000,0.0,0.0,0.0,0.0,0.0,72.84,82750000,,,,D
3705,2003/04,,olympique-lyonnais,fc-nantes,0.0,0.0,0.0,0.0,0.0,72.74,89500000,0.0,0.0,0.0,0.0,0.0,69.58,54600000,,,,H
3706,2003/04,,fc-metz,rc-strasbourg,0.0,0.0,0.0,0.0,0.0,67.29,41450000,0.0,0.0,0.0,0.0,0.0,69.0,72100000,,,,H
3707,2003/04,,stade-rennais,olympique-de-marseille,0.0,0.0,0.0,0.0,0.0,73.39,253175000,0.0,0.0,0.0,0.0,0.0,73.85,58850000,,,,H
3708,2003/04,,ogc-nice,olympique-lyonnais,0.0,0.0,0.0,0.0,0.0,73.28,89200000,0.0,0.0,0.0,0.0,0.0,72.74,89500000,,,,A
3709,2003/04,,rc-strasbourg,stade-rennais,0.0,0.0,0.0,0.0,0.0,69.0,72100000,0.0,0.0,0.0,0.0,0.0,73.39,253175000,,,,A
3710,2003/04,,aj-auxerre,toulouse-fc,0.0,0.0,0.0,0.0,0.0,0.0,0,0.0,0.0,0.0,0.0,0.0,68.76,60900000,,,,H
3711,2003/04,,rc-lens,paris-saint-germain,0.0,0.0,0.0,0.0,0.0,72.84,82750000,0.0,0.0,0.0,0.0,0.0,0.0,0,,,,H
3712,2003/04,,losc-lille,stade-rennais,0.0,0.0,0.0,0.0,0.0,72.18,86050000,0.0,0.0,0.0,0.0,0.0,73.39,253175000,,,,H
3713,2003/04,,olympique-lyonnais,olympique-de-marseille,0.0,0.0,0.0,0.0,0.0,72.74,89500000,0.0,0.0,0.0,0.0,0.0,73.85,58850000,,,,A
3714,2003/04,,paris-saint-germain,fc-nantes,0.0,0.0,0.0,0.0,0.0,0.0,0,0.0,0.0,0.0,0.0,0.0,69.58,54600000,,,,H
3715,2003/04,,aj-auxerre,fc-metz,0.0,0.0,0.0,0.0,0.0,0.0,0,0.0,0.0,0.0,0.0,0.0,67.29,41450000,,,,H
3716,2003/04,,rc-lens,as-monaco,0.0,0.0,0.0,0.0,0.0,72.84,82750000,0.0,0.0,0.0,0.0,0.0,73.63,257100000,,,,D
3717,2003/04,,ogc-nice,paris-saint-germain,0.0,0.0,0.0,0.0,0.0,73.28,89200000,0.0,0.0,0.0,0.0,0.0,0.0,0,,,,A
3718,2003/04,,rc-strasbourg,olympique-lyonnais,0.0,0.0,0.0,0.0,0.0,69.0,72100000,0.0,0.0,0.0,0.0,0.0,72.74,89500000,,,,A
3719,2003/04,,olympique-de-marseille,losc-lille,0.0,0.0,0.0,0.0,0.0,73.85,58850000,0.0,0.0,0.0,0.0,0.0,72.18,86050000,,,,H
3720,2003/04,,losc-lille,rc-strasbourg,0.0,0.0,0.0,0.0,0.0,72.18,86050000,0.0,0.0,0.0,0.0,0.0,69.0,72100000,,,,A
3721,2003/04,,olympique-lyonnais,stade-rennais,0.0,0.0,0.0,0.0,0.0,72.74,89500000,0.0,0.0,0.0,0.0,0.0,73.39,253175000,,,,H
3722,2003/04,,fc-metz,ogc-nice,0.0,0.0,0.0,0.0,0.0,67.29,41450000,0.0,0.0,0.0,0.0,0.0,73.28,89200000,,,,H
3723,2003/04,,as-monaco,fc-nantes,0.0,0.0,0.0,0.0,0.0,73.63,257100000,0.0,0.0,0.0,0.0,0.0,69.58,54600000,,,,A
3724,2003/04,,paris-saint-germain,olympique-de-marseille,0.0,0.0,0.0,0.0,0.0,0.0,0,0.0,0.0,0.0,0.0,0.0,73.85,58850000,,,,H
3725,2003/04,,ogc-nice,as-monaco,0.0,0.0,0.0,0.0,0.0,73.28,89200000,0.0,0.0,0.0,0.0,0.0,73.63,257100000,,,,A
3726,2003/04,,rc-lens,toulouse-fc,0.0,0.0,0.0,0.0,0.0,72.84,82750000,0.0,0.0,0.0,0.0,0.0,68.76,60900000,,,,D
3727,2003/04,,olympique-de-marseille,fc-metz,0.0,0.0,0.0,0.0,0.0,73.85,58850000,0.0,0.0,0.0,0.0,0.0,67.29,41450000,,,,A
3728,2003/04,,fc-nantes,losc-lille,0.0,0.0,0.0,0.0,0.0,69.58,54600000,0.0,0.0,0.0,0.0,0.0,72.18,86050000,,,,H
3729,2003/04,,rc-strasbourg,paris-saint-germain,0.0,0.0,0.0,0.0,0.0,69.0,72100000,0.0,0.0,0.0,0.0,0.0,0.0,0,,,,D
3730,2003/04,,fc-metz,olympique-lyonnais,0.0,0.0,0.0,0.0,0.0,67.29,41450000,0.0,0.0,0.0,0.0,0.0,72.74,89500000,,,,A
3731,2003/04,,paris-saint-germain,stade-rennais,0.0,0.0,0.0,0.0,0.0,0.0,0,0.0,0.0,0.0,0.0,0.0,73.39,253175000,,,,H
3732,2003/04,,toulouse-fc,fc-nantes,0.0,0.0,0.0,0.0,0.0,68.76,60900000,0.0,0.0,0.0,0.0,0.0,69.58,54600000,,,,A
3733,2003/04,,as-monaco,olympique-de-marseille,0.0,0.0,0.0,0.0,0.0,73.63,257100000,0.0,0.0,0.0,0.0,0.0,73.85,58850000,,,,H
3734,2003/04,,rc-lens,aj-auxerre,0.0,0.0,0.0,0.0,0.0,72.84,82750000,0.0,0.0,0.0,0.0,0.0,0.0,0,,,,A
3735,2003/04,,ogc-nice,toulouse-fc,0.0,0.0,0.0,0.0,0.0,73.28,89200000,0.0,0.0,0.0,0.0,0.0,68.76,60900000,,,,D
3736,2003/04,,stade-rennais,fc-metz,0.0,0.0,0.0,0.0,0.0,73.39,253175000,0.0,0.0,0.0,0.0,0.0,67.29,41450000,,,,D
3737,2003/04,,rc-strasbourg,as-monaco,0.0,0.0,0.0,0.0,0.0,69.0,72100000,0.0,0.0,0.0,0.0,0.0,73.63,257100000,,,,D
3738,2003/04,,aj-auxerre,fc-nantes,0.0,0.0,0.0,0.0,0.0,0.0,0,0.0,0.0,0.0,0.0,0.0,69.58,54600000,,,,H
3739,2003/04,,as-monaco,stade-rennais,0.0,0.0,0.0,0.0,0.0,73.63,257100000,0.0,0.0,0.0,0.0,0.0,73.39,253175000,,,,A
3740,2003/04,,paris-saint-germain,olympique-lyonnais,0.0,0.0,0.0,0.0,0.0,0.0,0,0.0,0.0,0.0,0.0,0.0,72.74,89500000,,,,H
3741,2003/04,,toulouse-fc,olympique-de-marseille,0.0,0.0,0.0,0.0,0.0,68.76,60900000,0.0,0.0,0.0,0.0,0.0,73.85,58850000,,,,H
3742,2003/04,,olympique-lyonnais,losc-lille,0.0,0.0,0.0,0.0,0.0,72.74,89500000,0.0,0.0,0.0,0.0,0.0,72.18,86050000,,,,H
3743,2003/04,,ogc-nice,aj-auxerre,0.0,0.0,0.0,0.0,0.0,73.28,89200000,0.0,0.0,0.0,0.0,0.0,0.0,0,,,,D
3744,2003/04,,rc-strasbourg,toulouse-fc,0.0,0.0,0.0,0.0,0.0,69.0,72100000,0.0,0.0,0.0,0.0,0.0,68.76,60900000,,,,D
3745,2004/05,,ogc-nice,olympique-lyonnais,0.0,0.0,0.0,0.0,0.0,73.28,89200000,0.0,0.0,0.0,0.0,0.0,72.74,89500000,,,,A
3746,2004/05,,losc-lille,aj-auxerre,0.0,0.0,0.0,0.0,0.0,72.18,86050000,0.0,0.0,0.0,0.0,0.0,0.0,0,,,,H
3747,2004/05,,fc-metz,fc-nantes,0.0,0.0,0.0,0.0,0.0,67.29,41450000,0.0,0.0,0.0,0.0,0.0,69.58,54600000,,,,H
3748,2004/05,,stade-rennais,paris-saint-germain,0.0,0.0,0.0,0.0,0.0,73.39,253175000,0.0,0.0,0.0,0.0,0.0,0.0,0,,,,H
3749,2004/05,,toulouse-fc,rc-lens,0.0,0.0,0.0,0.0,0.0,68.76,60900000,0.0,0.0,0.0,0.0,0.0,72.84,82750000,,,,D
3750,2004/05,,aj-auxerre,stade-rennais,0.0,0.0,0.0,0.0,0.0,0.0,0,0.0,0.0,0.0,0.0,0.0,73.39,253175000,,,,H
3751,2004/05,,rc-strasbourg,toulouse-fc,0.0,0.0,0.0,0.0,0.0,69.0,72100000,0.0,0.0,0.0,0.0,0.0,68.76,60900000,,,,A
3752,2004/05,,olympique-de-marseille,losc-lille,0.0,0.0,0.0,0.0,0.0,73.85,58850000,0.0,0.0,0.0,0.0,0.0,72.18,86050000,,,,H
3753,2004/05,,ogc-nice,olympique-de-marseille,0.0,0.0,0.0,0.0,0.0,73.28,89200000,0.0,0.0,0.0,0.0,0.0,73.85,58850000,,,,D
3754,2004/05,,stade-rennais,fc-nantes,0.0,0.0,0.0,0.0,0.0,73.39,253175000,0.0,0.0,0.0,0.0,0.0,69.58,54600000,,,,H
3755,2004/05,,toulouse-fc,paris-saint-germain,0.0,0.0,0.0,0.0,0.0,68.76,60900000,0.0,0.0,0.0,0.0,0.0,0.0,0,,,,H
3756,2004/05,,fc-metz,olympique-lyonnais,0.0,0.0,0.0,0.0,0.0,67.29,41450000,0.0,0.0,0.0,0.0,0.0,72.74,89500000,,,,D
3757,2004/05,,rc-lens,as-monaco,0.0,0.0,0.0,0.0,0.0,72.84,82750000,0.0,0.0,0.0,0.0,0.0,73.63,257100000,,,,D
3758,2004/05,,olympique-lyonnais,losc-lille,0.0,0.0,0.0,0.0,0.0,72.74,89500000,0.0,0.0,0.0,0.0,0.0,72.18,86050000,,,,H
3759,2004/05,,olympique-de-marseille,fc-metz,0.0,0.0,0.0,0.0,0.0,73.85,58850000,0.0,0.0,0.0,0.0,0.0,67.29,41450000,,,,A
3760,2004/05,,fc-nantes,toulouse-fc,0.0,0.0,0.0,0.0,0.0,69.58,54600000,0.0,0.0,0.0,0.0,0.0,68.76,60900000,,,,D
3761,2004/05,,losc-lille,ogc-nice,0.0,0.0,0.0,0.0,0.0,72.18,86050000,0.0,0.0,0.0,0.0,0.0,73.28,89200000,,,,H
3762,2004/05,,as-monaco,rc-strasbourg,0.0,0.0,0.0,0.0,0.0,73.63,257100000,0.0,0.0,0.0,0.0,0.0,69.0,72100000,,,,H
3763,2004/05,,stade-rennais,olympique-lyonnais,0.0,0.0,0.0,0.0,0.0,73.39,253175000,0.0,0.0,0.0,0.0,0.0,72.74,89500000,,,,A
3764,2004/05,,olympique-de-marseille,toulouse-fc,0.0,0.0,0.0,0.0,0.0,73.85,58850000,0.0,0.0,0.0,0.0,0.0,68.76,60900000,,,,H
3765,2004/05,,rc-strasbourg,rc-lens,0.0,0.0,0.0,0.0,0.0,69.0,72100000,0.0,0.0,0.0,0.0,0.0,72.84,82750000,,,,D
3766,2004/05,,aj-auxerre,fc-metz,0.0,0.0,0.0,0.0,0.0,0.0,0,0.0,0.0,0.0,0.0,0.0,67.29,41450000,,,,H
3767,2004/05,,paris-saint-germain,as-monaco,0.0,0.0,0.0,0.0,0.0,0.0,0,0.0,0.0,0.0,0.0,0.0,73.63,257100000,,,,A
3768,2004/05,,toulouse-fc,olympique-lyonnais,0.0,0.0,0.0,0.0,0.0,68.76,60900000,0.0,0.0,0.0,0.0,0.0,72.74,89500000,,,,A
3769,2004/05,,rc-lens,paris-saint-germain,0.0,0.0,0.0,0.0,0.0,72.84,82750000,0.0,0.0,0.0,0.0,0.0,0.0,0,,,,D
3770,2004/05,,fc-metz,ogc-nice,0.0,0.0,0.0,0.0,0.0,67.29,41450000,0.0,0.0,0.0,0.0,0.0,73.28,89200000,,,,D
3771,2004/05,,as-monaco,fc-nantes,0.0,0.0,0.0,0.0,0.0,73.63,257100000,0.0,0.0,0.0,0.0,0.0,69.58,54600000,,,,H
3772,2004/05,,stade-rennais,olympique-de-marseille,0.0,0.0,0.0,0.0,0.0,73.39,253175000,0.0,0.0,0.0,0.0,0.0,73.85,58850000,,,,H
3773,2004/05,,losc-lille,fc-metz,0.0,0.0,0.0,0.0,0.0,72.18,86050000,0.0,0.0,0.0,0.0,0.0,67.29,41450000,,,,H
3774,2004/05,,olympique-lyonnais,as-monaco,0.0,0.0,0.0,0.0,0.0,72.74,89500000,0.0,0.0,0.0,0.0,0.0,73.63,257100000,,,,D
3775,2004/05,,ogc-nice,stade-rennais,0.0,0.0,0.0,0.0,0.0,73.28,89200000,0.0,0.0,0.0,0.0,0.0,73.39,253175000,,,,H
3776,2004/05,,paris-saint-germain,rc-strasbourg,0.0,0.0,0.0,0.0,0.0,0.0,0,0.0,0.0,0.0,0.0,0.0,69.0,72100000,,,,H
3777,2004/05,,fc-nantes,rc-lens,0.0,0.0,0.0,0.0,0.0,69.58,54600000,0.0,0.0,0.0,0.0,0.0,72.84,82750000,,,,H
3778,2004/05,,as-monaco,ogc-nice,0.0,0.0,0.0,0.0,0.0,73.63,257100000,0.0,0.0,0.0,0.0,0.0,73.28,89200000,,,,A
3779,2004/05,,rc-strasbourg,fc-nantes,0.0,0.0,0.0,0.0,0.0,69.0,72100000,0.0,0.0,0.0,0.0,0.0,69.58,54600000,,,,A
3780,2004/05,,stade-rennais,losc-lille,0.0,0.0,0.0,0.0,0.0,73.39,253175000,0.0,0.0,0.0,0.0,0.0,72.18,86050000,,,,A
3781,2004/05,,toulouse-fc,aj-auxerre,0.0,0.0,0.0,0.0,0.0,68.76,60900000,0.0,0.0,0.0,0.0,0.0,0.0,0,,,,A
3782,2004/05,,aj-auxerre,rc-lens,0.0,0.0,0.0,0.0,0.0,0.0,0,0.0,0.0,0.0,0.0,0.0,72.84,82750000,,,,H
3783,2004/05,,fc-metz,as-monaco,0.0,0.0,0.0,0.0,0.0,67.29,41450000,0.0,0.0,0.0,0.0,0.0,73.63,257100000,,,,D
3784,2004/05,,fc-nantes,paris-saint-germain,0.0,0.0,0.0,0.0,0.0,69.58,54600000,0.0,0.0,0.0,0.0,0.0,0.0,0,,,,H
3785,2004/05,,ogc-nice,toulouse-fc,0.0,0.0,0.0,0.0,0.0,73.28,89200000,0.0,0.0,0.0,0.0,0.0,68.76,60900000,,,,H
3786,2004/05,,stade-rennais,fc-metz,0.0,0.0,0.0,0.0,0.0,73.39,253175000,0.0,0.0,0.0,0.0,0.0,67.29,41450000,,,,H
3787,2004/05,,rc-strasbourg,ogc-nice,0.0,0.0,0.0,0.0,0.0,69.0,72100000,0.0,0.0,0.0,0.0,0.0,73.28,89200000,,,,H
3788,2004/05,,rc-lens,olympique-de-marseille,0.0,0.0,0.0,0.0,0.0,72.84,82750000,0.0,0.0,0.0,0.0,0.0,73.85,58850000,,,,D
3789,2004/05,,as-monaco,aj-auxerre,0.0,0.0,0.0,0.0,0.0,73.63,257100000,0.0,0.0,0.0,0.0,0.0,0.0,0,,,,D
3790,2004/05,,toulouse-fc,losc-lille,0.0,0.0,0.0,0.0,0.0,68.76,60900000,0.0,0.0,0.0,0.0,0.0,72.18,86050000,,,,H
3791,2004/05,,olympique-de-marseille,as-monaco,0.0,0.0,0.0,0.0,0.0,73.85,58850000,0.0,0.0,0.0,0.0,0.0,73.63,257100000,,,,D
3792,2004/05,,aj-auxerre,paris-saint-germain,0.0,0.0,0.0,0.0,0.0,0.0,0,0.0,0.0,0.0,0.0,0.0,0.0,0,,,,D
3793,2004/05,,olympique-lyonnais,rc-strasbourg,0.0,0.0,0.0,0.0,0.0,72.74,89500000,0.0,0.0,0.0,0.0,0.0,69.0,72100000,,,,H
3794,2004/05,,rc-lens,olympique-lyonnais,0.0,0.0,0.0,0.0,0.0,72.84,82750000,0.0,0.0,0.0,0.0,0.0,72.74,89500000,,,,A
3795,2004/05,,toulouse-fc,fc-metz,0.0,0.0,0.0,0.0,0.0,68.76,60900000,0.0,0.0,0.0,0.0,0.0,67.29,41450000,,,,D
3796,2004/05,,fc-nantes,aj-auxerre,0.0,0.0,0.0,0.0,0.0,69.58,54600000,0.0,0.0,0.0,0.0,0.0,0.0,0,,,,D
3797,2004/05,,paris-saint-germain,olympique-de-marseille,0.0,0.0,0.0,0.0,0.0,0.0,0,0.0,0.0,0.0,0.0,0.0,73.85,58850000,,,,H
3798,2004/05,,olympique-lyonnais,fc-nantes,0.0,0.0,0.0,0.0,0.0,72.74,89500000,0.0,0.0,0.0,0.0,0.0,69.58,54600000,,,,H
3799,2004/05,,olympique-de-marseille,rc-strasbourg,0.0,0.0,0.0,0.0,0.0,73.85,58850000,0.0,0.0,0.0,0.0,0.0,69.0,72100000,,,,H
3800,2004/05,,ogc-nice,rc-lens,0.0,0.0,0.0,0.0,0.0,73.28,89200000,0.0,0.0,0.0,0.0,0.0,72.84,82750000,,,,D
3801,2004/05,,stade-rennais,toulouse-fc,0.0,0.0,0.0,0.0,0.0,73.39,253175000,0.0,0.0,0.0,0.0,0.0,68.76,60900000,,,,D
3802,2004/05,,losc-lille,as-monaco,0.0,0.0,0.0,0.0,0.0,72.18,86050000,0.0,0.0,0.0,0.0,0.0,73.63,257100000,,,,D
3803,2004/05,,paris-saint-germain,olympique-lyonnais,0.0,0.0,0.0,0.0,0.0,0.0,0,0.0,0.0,0.0,0.0,0.0,72.74,89500000,,,,D
3804,2004/05,,rc-lens,losc-lille,0.0,0.0,0.0,0.0,0.0,72.84,82750000,0.0,0.0,0.0,0.0,0.0,72.18,86050000,,,,D
3805,2004/05,,rc-strasbourg,aj-auxerre,0.0,0.0,0.0,0.0,0.0,69.0,72100000,0.0,0.0,0.0,0.0,0.0,0.0,0,,,,H
3806,2004/05,,olympique-lyonnais,aj-auxerre,0.0,0.0,0.0,0.0,0.0,72.74,89500000,0.0,0.0,0.0,0.0,0.0,0.0,0,,,,H
3807,2004/05,,olympique-de-marseille,fc-nantes,0.0,0.0,0.0,0.0,0.0,73.85,58850000,0.0,0.0,0.0,0.0,0.0,69.58,54600000,,,,H
3808,2004/05,,toulouse-fc,as-monaco,0.0,0.0,0.0,0.0,0.0,68.76,60900000,0.0,0.0,0.0,0.0,0.0,73.63,257100000,,,,D
3809,2004/05,,losc-lille,rc-strasbourg,0.0,0.0,0.0,0.0,0.0,72.18,86050000,0.0,0.0,0.0,0.0,0.0,69.0,72100000,,,,D
3810,2004/05,,ogc-nice,paris-saint-germain,0.0,0.0,0.0,0.0,0.0,73.28,89200000,0.0,0.0,0.0,0.0,0.0,0.0,0,,,,D
3811,2004/05,,as-monaco,stade-rennais,0.0,0.0,0.0,0.0,0.0,73.63,257100000,0.0,0.0,0.0,0.0,0.0,73.39,253175000,,,,H
3812,2004/05,,rc-lens,fc-metz,0.0,0.0,0.0,0.0,0.0,72.84,82750000,0.0,0.0,0.0,0.0,0.0,67.29,41450000,,,,H
3813,2004/05,,fc-nantes,ogc-nice,0.0,0.0,0.0,0.0,0.0,69.58,54600000,0.0,0.0,0.0,0.0,0.0,73.28,89200000,,,,A
3814,2004/05,,paris-saint-germain,losc-lille,0.0,0.0,0.0,0.0,0.0,0.0,0,0.0,0.0,0.0,0.0,0.0,72.18,86050000,,,,D
3815,2004/05,,losc-lille,fc-nantes,0.0,0.0,0.0,0.0,0.0,72.18,86050000,0.0,0.0,0.0,0.0,0.0,69.58,54600000,,,,H
3816,2004/05,,olympique-de-marseille,aj-auxerre,0.0,0.0,0.0,0.0,0.0,73.85,58850000,0.0,0.0,0.0,0.0,0.0,0.0,0,,,,A
3817,2004/05,,fc-metz,rc-strasbourg,0.0,0.0,0.0,0.0,0.0,67.29,41450000,0.0,0.0,0.0,0.0,0.0,69.0,72100000,,,,H
3818,2004/05,,stade-rennais,rc-lens,0.0,0.0,0.0,0.0,0.0,73.39,253175000,0.0,0.0,0.0,0.0,0.0,72.84,82750000,,,,H
3819,2004/05,,olympique-lyonnais,olympique-de-marseille,0.0,0.0,0.0,0.0,0.0,72.74,89500000,0.0,0.0,0.0,0.0,0.0,73.85,58850000,,,,D
3820,2004/05,,aj-auxerre,ogc-nice,0.0,0.0,0.0,0.0,0.0,0.0,0,0.0,0.0,0.0,0.0,0.0,73.28,89200000,,,,H
3821,2004/05,,paris-saint-germain,fc-metz,0.0,0.0,0.0,0.0,0.0,0.0,0,0.0,0.0,0.0,0.0,0.0,67.29,41450000,,,,H
3822,2004/05,,rc-strasbourg,stade-rennais,0.0,0.0,0.0,0.0,0.0,69.0,72100000,0.0,0.0,0.0,0.0,0.0,73.39,253175000,,,,H
3823,2004/05,,losc-lille,olympique-de-marseille,0.0,0.0,0.0,0.0,0.0,72.18,86050000,0.0,0.0,0.0,0.0,0.0,73.85,58850000,,,,A
3824,2004/05,,stade-rennais,aj-auxerre,0.0,0.0,0.0,0.0,0.0,73.39,253175000,0.0,0.0,0.0,0.0,0.0,0.0,0,,,,H
3825,2004/05,,toulouse-fc,rc-strasbourg,0.0,0.0,0.0,0.0,0.0,68.76,60900000,0.0,0.0,0.0,0.0,0.0,69.0,72100000,,,,H
3826,2004/05,,olympique-lyonnais,fc-metz,0.0,0.0,0.0,0.0,0.0,72.74,89500000,0.0,0.0,0.0,0.0,0.0,67.29,41450000,,,,H
3827,2004/05,,fc-nantes,stade-rennais,0.0,0.0,0.0,0.0,0.0,69.58,54600000,0.0,0.0,0.0,0.0,0.0,73.39,253175000,,,,H
3828,2004/05,,paris-saint-germain,toulouse-fc,0.0,0.0,0.0,0.0,0.0,0.0,0,0.0,0.0,0.0,0.0,0.0,68.76,60900000,,,,D
3829,2004/05,,olympique-de-marseille,ogc-nice,0.0,0.0,0.0,0.0,0.0,73.85,58850000,0.0,0.0,0.0,0.0,0.0,73.28,89200000,,,,H
3830,2004/05,,fc-metz,olympique-de-marseille,0.0,0.0,0.0,0.0,0.0,67.29,41450000,0.0,0.0,0.0,0.0,0.0,73.85,58850000,,,,A
3831,2004/05,,as-monaco,rc-lens,0.0,0.0,0.0,0.0,0.0,73.63,257100000,0.0,0.0,0.0,0.0,0.0,72.84,82750000,,,,H
3832,2004/05,,toulouse-fc,fc-nantes,0.0,0.0,0.0,0.0,0.0,68.76,60900000,0.0,0.0,0.0,0.0,0.0,69.58,54600000,,,,H
3833,2004/05,,losc-lille,olympique-lyonnais,0.0,0.0,0.0,0.0,0.0,72.18,86050000,0.0,0.0,0.0,0.0,0.0,72.74,89500000,,,,H
3834,2004/05,,olympique-lyonnais,stade-rennais,0.0,0.0,0.0,0.0,0.0,72.74,89500000,0.0,0.0,0.0,0.0,0.0,73.39,253175000,,,,H
3835,2004/05,,ogc-nice,losc-lille,0.0,0.0,0.0,0.0,0.0,73.28,89200000,0.0,0.0,0.0,0.0,0.0,72.18,86050000,,,,D
3836,2004/05,,rc-lens,rc-strasbourg,0.0,0.0,0.0,0.0,0.0,72.84,82750000,0.0,0.0,0.0,0.0,0.0,69.0,72100000,,,,H
3837,2004/05,,fc-metz,aj-auxerre,0.0,0.0,0.0,0.0,0.0,67.29,41450000,0.0,0.0,0.0,0.0,0.0,0.0,0,,,,H
3838,2004/05,,toulouse-fc,olympique-de-marseille,0.0,0.0,0.0,0.0,0.0,68.76,60900000,0.0,0.0,0.0,0.0,0.0,73.85,58850000,,,,A
3839,2004/05,,as-monaco,paris-saint-germain,0.0,0.0,0.0,0.0,0.0,73.63,257100000,0.0,0.0,0.0,0.0,0.0,0.0,0,,,,H
3840,2004/05,,olympique-lyonnais,toulouse-fc,0.0,0.0,0.0,0.0,0.0,72.74,89500000,0.0,0.0,0.0,0.0,0.0,68.76,60900000,,,,H
3841,2004/05,,olympique-de-marseille,stade-rennais,0.0,0.0,0.0,0.0,0.0,73.85,58850000,0.0,0.0,0.0,0.0,0.0,73.39,253175000,,,,H
3842,2004/05,,fc-nantes,as-monaco,0.0,0.0,0.0,0.0,0.0,69.58,54600000,0.0,0.0,0.0,0.0,0.0,73.63,257100000,,,,D
3843,2004/05,,ogc-nice,fc-metz,0.0,0.0,0.0,0.0,0.0,73.28,89200000,0.0,0.0,0.0,0.0,0.0,67.29,41450000,,,,D
3844,2004/05,,paris-saint-germain,rc-lens,0.0,0.0,0.0,0.0,0.0,0.0,0,0.0,0.0,0.0,0.0,0.0,72.84,82750000,,,,A
3845,2004/05,,as-monaco,olympique-lyonnais,0.0,0.0,0.0,0.0,0.0,73.63,257100000,0.0,0.0,0.0,0.0,0.0,72.74,89500000,,,,D
3846,2004/05,,rc-lens,fc-nantes,0.0,0.0,0.0,0.0,0.0,72.84,82750000,0.0,0.0,0.0,0.0,0.0,69.58,54600000,,,,H
3847,2004/05,,stade-rennais,ogc-nice,0.0,0.0,0.0,0.0,0.0,73.39,253175000,0.0,0.0,0.0,0.0,0.0,73.28,89200000,,,,H
3848,2004/05,,rc-strasbourg,paris-saint-germain,0.0,0.0,0.0,0.0,0.0,69.0,72100000,0.0,0.0,0.0,0.0,0.0,0.0,0,,,,H
3849,2004/05,,fc-metz,losc-lille,0.0,0.0,0.0,0.0,0.0,67.29,41450000,0.0,0.0,0.0,0.0,0.0,72.18,86050000,,,,D
3850,2004/05,,fc-nantes,rc-strasbourg,0.0,0.0,0.0,0.0,0.0,69.58,54600000,0.0,0.0,0.0,0.0,0.0,69.0,72100000,,,,H
3851,2004/05,,ogc-nice,as-monaco,0.0,0.0,0.0,0.0,0.0,73.28,89200000,0.0,0.0,0.0,0.0,0.0,73.63,257100000,,,,H
3852,2004/05,,losc-lille,stade-rennais,0.0,0.0,0.0,0.0,0.0,72.18,86050000,0.0,0.0,0.0,0.0,0.0,73.39,253175000,,,,D
3853,2004/05,,rc-lens,aj-auxerre,0.0,0.0,0.0,0.0,0.0,72.84,82750000,0.0,0.0,0.0,0.0,0.0,0.0,0,,,,H
3854,2004/05,,as-monaco,fc-metz,0.0,0.0,0.0,0.0,0.0,73.63,257100000,0.0,0.0,0.0,0.0,0.0,67.29,41450000,,,,D
3855,2004/05,,paris-saint-germain,fc-nantes,0.0,0.0,0.0,0.0,0.0,0.0,0,0.0,0.0,0.0,0.0,0.0,69.58,54600000,,,,H
3856,2004/05,,toulouse-fc,ogc-nice,0.0,0.0,0.0,0.0,0.0,68.76,60900000,0.0,0.0,0.0,0.0,0.0,73.28,89200000,,,,H
3857,2004/05,,olympique-de-marseille,rc-lens,0.0,0.0,0.0,0.0,0.0,73.85,58850000,0.0,0.0,0.0,0.0,0.0,72.84,82750000,,,,H
3858,2004/05,,fc-metz,stade-rennais,0.0,0.0,0.0,0.0,0.0,67.29,41450000,0.0,0.0,0.0,0.0,0.0,73.39,253175000,,,,D
3859,2004/05,,ogc-nice,rc-strasbourg,0.0,0.0,0.0,0.0,0.0,73.28,89200000,0.0,0.0,0.0,0.0,0.0,69.0,72100000,,,,D
3860,2004/05,,aj-auxerre,as-monaco,0.0,0.0,0.0,0.0,0.0,0.0,0,0.0,0.0,0.0,0.0,0.0,73.63,257100000,,,,D
3861,2004/05,,losc-lille,toulouse-fc,0.0,0.0,0.0,0.0,0.0,72.18,86050000,0.0,0.0,0.0,0.0,0.0,68.76,60900000,,,,D
3862,2004/05,,rc-strasbourg,as-monaco,0.0,0.0,0.0,0.0,0.0,69.0,72100000,0.0,0.0,0.0,0.0,0.0,73.63,257100000,,,,D
3863,2004/05,,rc-strasbourg,olympique-lyonnais,0.0,0.0,0.0,0.0,0.0,69.0,72100000,0.0,0.0,0.0,0.0,0.0,72.74,89500000,,,,A
3864,2004/05,,as-monaco,olympique-de-marseille,0.0,0.0,0.0,0.0,0.0,73.63,257100000,0.0,0.0,0.0,0.0,0.0,73.85,58850000,,,,H
3865,2004/05,,paris-saint-germain,aj-auxerre,0.0,0.0,0.0,0.0,0.0,0.0,0,0.0,0.0,0.0,0.0,0.0,0.0,0,,,,H
3866,2004/05,,aj-auxerre,fc-nantes,0.0,0.0,0.0,0.0,0.0,0.0,0,0.0,0.0,0.0,0.0,0.0,69.58,54600000,,,,H
3867,2004/05,,olympique-lyonnais,rc-lens,0.0,0.0,0.0,0.0,0.0,72.74,89500000,0.0,0.0,0.0,0.0,0.0,72.84,82750000,,,,H
3868,2004/05,,fc-metz,toulouse-fc,0.0,0.0,0.0,0.0,0.0,67.29,41450000,0.0,0.0,0.0,0.0,0.0,68.76,60900000,,,,A
3869,2004/05,,olympique-de-marseille,paris-saint-germain,0.0,0.0,0.0,0.0,0.0,73.85,58850000,0.0,0.0,0.0,0.0,0.0,0.0,0,,,,D
3870,2004/05,,rc-lens,ogc-nice,0.0,0.0,0.0,0.0,0.0,72.84,82750000,0.0,0.0,0.0,0.0,0.0,73.28,89200000,,,,D
3871,2004/05,,fc-nantes,olympique-lyonnais,0.0,0.0,0.0,0.0,0.0,69.58,54600000,0.0,0.0,0.0,0.0,0.0,72.74,89500000,,,,D
3872,2004/05,,rc-strasbourg,olympique-de-marseille,0.0,0.0,0.0,0.0,0.0,69.0,72100000,0.0,0.0,0.0,0.0,0.0,73.85,58850000,,,,H
3873,2004/05,,toulouse-fc,stade-rennais,0.0,0.0,0.0,0.0,0.0,68.76,60900000,0.0,0.0,0.0,0.0,0.0,73.39,253175000,,,,A
3874,2004/05,,losc-lille,rc-lens,0.0,0.0,0.0,0.0,0.0,72.18,86050000,0.0,0.0,0.0,0.0,0.0,72.84,82750000,,,,H
3875,2004/05,,aj-auxerre,rc-strasbourg,0.0,0.0,0.0,0.0,0.0,0.0,0,0.0,0.0,0.0,0.0,0.0,69.0,72100000,,,,D
3876,2004/05,,olympique-lyonnais,paris-saint-germain,0.0,0.0,0.0,0.0,0.0,72.74,89500000,0.0,0.0,0.0,0.0,0.0,0.0,0,,,,A
3877,2004/05,,paris-saint-germain,ogc-nice,0.0,0.0,0.0,0.0,0.0,0.0,0,0.0,0.0,0.0,0.0,0.0,73.28,89200000,,,,H
3878,2004/05,,as-monaco,toulouse-fc,0.0,0.0,0.0,0.0,0.0,73.63,257100000,0.0,0.0,0.0,0.0,0.0,68.76,60900000,,,,H
3879,2004/05,,fc-nantes,olympique-de-marseille,0.0,0.0,0.0,0.0,0.0,69.58,54600000,0.0,0.0,0.0,0.0,0.0,73.85,58850000,,,,D
3880,2004/05,,rc-strasbourg,losc-lille,0.0,0.0,0.0,0.0,0.0,69.0,72100000,0.0,0.0,0.0,0.0,0.0,72.18,86050000,,,,A
3881,2004/05,,aj-auxerre,olympique-lyonnais,0.0,0.0,0.0,0.0,0.0,0.0,0,0.0,0.0,0.0,0.0,0.0,72.74,89500000,,,,A
3882,2004/05,,aj-auxerre,toulouse-fc,0.0,0.0,0.0,0.0,0.0,0.0,0,0.0,0.0,0.0,0.0,0.0,68.76,60900000,,,,H
3883,2004/05,,as-monaco,losc-lille,0.0,0.0,0.0,0.0,0.0,73.63,257100000,0.0,0.0,0.0,0.0,0.0,72.18,86050000,,,,H
3884,2004/05,,losc-lille,paris-saint-germain,0.0,0.0,0.0,0.0,0.0,72.18,86050000,0.0,0.0,0.0,0.0,0.0,0.0,0,,,,H
3885,2004/05,,fc-metz,rc-lens,0.0,0.0,0.0,0.0,0.0,67.29,41450000,0.0,0.0,0.0,0.0,0.0,72.84,82750000,,,,D
3886,2004/05,,ogc-nice,fc-nantes,0.0,0.0,0.0,0.0,0.0,73.28,89200000,0.0,0.0,0.0,0.0,0.0,69.58,54600000,,,,D
3887,2004/05,,stade-rennais,as-monaco,0.0,0.0,0.0,0.0,0.0,73.39,253175000,0.0,0.0,0.0,0.0,0.0,73.63,257100000,,,,D
3888,2004/05,,aj-auxerre,olympique-de-marseille,0.0,0.0,0.0,0.0,0.0,0.0,0,0.0,0.0,0.0,0.0,0.0,73.85,58850000,,,,D
3889,2004/05,,rc-lens,stade-rennais,0.0,0.0,0.0,0.0,0.0,72.84,82750000,0.0,0.0,0.0,0.0,0.0,73.39,253175000,,,,H
3890,2004/05,,fc-nantes,losc-lille,0.0,0.0,0.0,0.0,0.0,69.58,54600000,0.0,0.0,0.0,0.0,0.0,72.18,86050000,,,,A
3891,2004/05,,rc-strasbourg,fc-metz,0.0,0.0,0.0,0.0,0.0,69.0,72100000,0.0,0.0,0.0,0.0,0.0,67.29,41450000,,,,H
3892,2004/05,,olympique-de-marseille,olympique-lyonnais,0.0,0.0,0.0,0.0,0.0,73.85,58850000,0.0,0.0,0.0,0.0,0.0,72.74,89500000,,,,A
3893,2004/05,,fc-metz,paris-saint-germain,0.0,0.0,0.0,0.0,0.0,67.29,41450000,0.0,0.0,0.0,0.0,0.0,0.0,0,,,,H
3894,2004/05,,ogc-nice,aj-auxerre,0.0,0.0,0.0,0.0,0.0,73.28,89200000,0.0,0.0,0.0,0.0,0.0,0.0,0,,,,H
3895,2004/05,,stade-rennais,rc-strasbourg,0.0,0.0,0.0,0.0,0.0,73.39,253175000,0.0,0.0,0.0,0.0,0.0,69.0,72100000,,,,H
3896,2004/05,,aj-auxerre,losc-lille,0.0,0.0,0.0,0.0,0.0,0.0,0,0.0,0.0,0.0,0.0,0.0,72.18,86050000,,,,A
3897,2004/05,,rc-lens,toulouse-fc,0.0,0.0,0.0,0.0,0.0,72.84,82750000,0.0,0.0,0.0,0.0,0.0,68.76,60900000,,,,H
3898,2004/05,,olympique-lyonnais,ogc-nice,0.0,0.0,0.0,0.0,0.0,72.74,89500000,0.0,0.0,0.0,0.0,0.0,73.28,89200000,,,,D
3899,2004/05,,fc-nantes,fc-metz,0.0,0.0,0.0,0.0,0.0,69.58,54600000,0.0,0.0,0.0,0.0,0.0,67.29,41450000,,,,H
3900,2004/05,,paris-saint-germain,stade-rennais,0.0,0.0,0.0,0.0,0.0,0.0,0,0.0,0.0,0.0,0.0,0.0,73.39,253175000,,,,H
3901,2005/06,,paris-saint-germain,fc-metz,0.0,0.0,0.0,0.0,0.0,0.0,0,0.0,0.0,0.0,0.0,0.0,67.29,41450000,,,,H
3902,2005/06,,losc-lille,stade-rennais,0.0,0.0,0.0,0.0,0.0,72.18,86050000,0.0,0.0,0.0,0.0,0.0,73.39,253175000,,,,H
3903,2005/06,,fc-nantes,rc-lens,0.0,0.0,0.0,0.0,0.0,69.58,54600000,0.0,0.0,0.0,0.0,0.0,72.84,82750000,,,,H
3904,2005/06,,rc-strasbourg,aj-auxerre,0.0,0.0,0.0,0.0,0.0,69.0,72100000,0.0,0.0,0.0,0.0,0.0,0.0,0,,,,D
3905,2005/06,,rc-lens,olympique-de-marseille,0.0,0.0,0.0,0.0,0.0,72.84,82750000,0.0,0.0,0.0,0.0,0.0,73.85,58850000,,,,H
3906,2005/06,,as-monaco,aj-auxerre,0.0,0.0,0.0,0.0,0.0,73.63,257100000,0.0,0.0,0.0,0.0,0.0,0.0,0,,,,A
3907,2005/06,,toulouse-fc,ogc-nice,0.0,0.0,0.0,0.0,0.0,68.76,60900000,0.0,0.0,0.0,0.0,0.0,73.28,89200000,,,,A
3908,2005/06,,olympique-lyonnais,rc-strasbourg,0.0,0.0,0.0,0.0,0.0,72.74,89500000,0.0,0.0,0.0,0.0,0.0,69.0,72100000,,,,H
3909,2005/06,,stade-rennais,fc-nantes,0.0,0.0,0.0,0.0,0.0,73.39,253175000,0.0,0.0,0.0,0.0,0.0,69.58,54600000,,,,A
3910,2005/06,,paris-saint-germain,toulouse-fc,0.0,0.0,0.0,0.0,0.0,0.0,0,0.0,0.0,0.0,0.0,0.0,68.76,60900000,,,,H
3911,2005/06,,olympique-de-marseille,olympique-lyonnais,0.0,0.0,0.0,0.0,0.0,73.85,58850000,0.0,0.0,0.0,0.0,0.0,72.74,89500000,,,,D
3912,2005/06,,rc-strasbourg,as-monaco,0.0,0.0,0.0,0.0,0.0,69.0,72100000,0.0,0.0,0.0,0.0,0.0,73.63,257100000,,,,A
3913,2005/06,,rc-lens,aj-auxerre,0.0,0.0,0.0,0.0,0.0,72.84,82750000,0.0,0.0,0.0,0.0,0.0,0.0,0,,,,H
3914,2005/06,,fc-metz,rc-strasbourg,0.0,0.0,0.0,0.0,0.0,67.29,41450000,0.0,0.0,0.0,0.0,0.0,69.0,72100000,,,,D
3915,2005/06,,ogc-nice,fc-nantes,0.0,0.0,0.0,0.0,0.0,73.28,89200000,0.0,0.0,0.0,0.0,0.0,69.58,54600000,,,,D
3916,2005/06,,stade-rennais,olympique-de-marseille,0.0,0.0,0.0,0.0,0.0,73.39,253175000,0.0,0.0,0.0,0.0,0.0,73.85,58850000,,,,H
3917,2005/06,,losc-lille,toulouse-fc,0.0,0.0,0.0,0.0,0.0,72.18,86050000,0.0,0.0,0.0,0.0,0.0,68.76,60900000,,,,D
3918,2005/06,,fc-nantes,fc-metz,0.0,0.0,0.0,0.0,0.0,69.58,54600000,0.0,0.0,0.0,0.0,0.0,67.29,41450000,,,,D
3919,2005/06,,paris-saint-germain,ogc-nice,0.0,0.0,0.0,0.0,0.0,0.0,0,0.0,0.0,0.0,0.0,0.0,73.28,89200000,,,,A
3920,2005/06,,aj-auxerre,olympique-lyonnais,0.0,0.0,0.0,0.0,0.0,0.0,0,0.0,0.0,0.0,0.0,0.0,72.74,89500000,,,,A
3921,2005/06,,as-monaco,rc-lens,0.0,0.0,0.0,0.0,0.0,73.63,257100000,0.0,0.0,0.0,0.0,0.0,72.84,82750000,,,,D
3922,2005/06,,olympique-lyonnais,as-monaco,0.0,0.0,0.0,0.0,0.0,72.74,89500000,0.0,0.0,0.0,0.0,0.0,73.63,257100000,,,,H
3923,2005/06,,fc-metz,losc-lille,0.0,0.0,0.0,0.0,0.0,67.29,41450000,0.0,0.0,0.0,0.0,0.0,72.18,86050000,,,,A
3924,2005/06,,paris-saint-germain,rc-strasbourg,0.0,0.0,0.0,0.0,0.0,0.0,0,0.0,0.0,0.0,0.0,0.0,69.0,72100000,,,,H
3925,2005/06,,stade-rennais,aj-auxerre,0.0,0.0,0.0,0.0,0.0,73.39,253175000,0.0,0.0,0.0,0.0,0.0,0.0,0,,,,H
3926,2005/06,,losc-lille,ogc-nice,0.0,0.0,0.0,0.0,0.0,72.18,86050000,0.0,0.0,0.0,0.0,0.0,73.28,89200000,,,,H
3927,2005/06,,fc-nantes,toulouse-fc,0.0,0.0,0.0,0.0,0.0,69.58,54600000,0.0,0.0,0.0,0.0,0.0,68.76,60900000,,,,H
3928,2005/06,,as-monaco,stade-rennais,0.0,0.0,0.0,0.0,0.0,73.63,257100000,0.0,0.0,0.0,0.0,0.0,73.39,253175000,,,,A
3929,2005/06,,rc-strasbourg,rc-lens,0.0,0.0,0.0,0.0,0.0,69.0,72100000,0.0,0.0,0.0,0.0,0.0,72.84,82750000,,,,D
3930,2005/06,,fc-metz,aj-auxerre,0.0,0.0,0.0,0.0,0.0,67.29,41450000,0.0,0.0,0.0,0.0,0.0,0.0,0,,,,A
3931,2005/06,,paris-saint-germain,losc-lille,0.0,0.0,0.0,0.0,0.0,0.0,0,0.0,0.0,0.0,0.0,0.0,72.18,86050000,,,,H
3932,2005/06,,toulouse-fc,olympique-de-marseille,0.0,0.0,0.0,0.0,0.0,68.76,60900000,0.0,0.0,0.0,0.0,0.0,73.85,58850000,,,,H
3933,2005/06,,olympique-lyonnais,rc-lens,0.0,0.0,0.0,0.0,0.0,72.74,89500000,0.0,0.0,0.0,0.0,0.0,72.84,82750000,,,,D
3934,2005/06,,olympique-de-marseille,fc-metz,0.0,0.0,0.0,0.0,0.0,73.85,58850000,0.0,0.0,0.0,0.0,0.0,67.29,41450000,,,,H
3935,2005/06,,as-monaco,ogc-nice,0.0,0.0,0.0,0.0,0.0,73.63,257100000,0.0,0.0,0.0,0.0,0.0,73.28,89200000,,,,D
3936,2005/06,,rc-strasbourg,toulouse-fc,0.0,0.0,0.0,0.0,0.0,69.0,72100000,0.0,0.0,0.0,0.0,0.0,68.76,60900000,,,,A
3937,2005/06,,rc-lens,stade-rennais,0.0,0.0,0.0,0.0,0.0,72.84,82750000,0.0,0.0,0.0,0.0,0.0,73.39,253175000,,,,D
3938,2005/06,,fc-nantes,olympique-lyonnais,0.0,0.0,0.0,0.0,0.0,69.58,54600000,0.0,0.0,0.0,0.0,0.0,72.74,89500000,,,,A
3939,2005/06,,paris-saint-germain,fc-nantes,0.0,0.0,0.0,0.0,0.0,0.0,0,0.0,0.0,0.0,0.0,0.0,69.58,54600000,,,,H
3940,2005/06,,losc-lille,as-monaco,0.0,0.0,0.0,0.0,0.0,72.18,86050000,0.0,0.0,0.0,0.0,0.0,73.63,257100000,,,,A
3941,2005/06,,ogc-nice,olympique-de-marseille,0.0,0.0,0.0,0.0,0.0,73.28,89200000,0.0,0.0,0.0,0.0,0.0,73.85,58850000,,,,A
3942,2005/06,,stade-rennais,olympique-lyonnais,0.0,0.0,0.0,0.0,0.0,73.39,253175000,0.0,0.0,0.0,0.0,0.0,72.74,89500000,,,,A
3943,2005/06,,toulouse-fc,aj-auxerre,0.0,0.0,0.0,0.0,0.0,68.76,60900000,0.0,0.0,0.0,0.0,0.0,0.0,0,,,,H
3944,2005/06,,rc-lens,ogc-nice,0.0,0.0,0.0,0.0,0.0,72.84,82750000,0.0,0.0,0.0,0.0,0.0,73.28,89200000,,,,D
3945,2005/06,,as-monaco,fc-metz,0.0,0.0,0.0,0.0,0.0,73.63,257100000,0.0,0.0,0.0,0.0,0.0,67.29,41450000,,,,H
3946,2005/06,,rc-strasbourg,stade-rennais,0.0,0.0,0.0,0.0,0.0,69.0,72100000,0.0,0.0,0.0,0.0,0.0,73.39,253175000,,,,A
3947,2005/06,,olympique-de-marseille,paris-saint-germain,0.0,0.0,0.0,0.0,0.0,73.85,58850000,0.0,0.0,0.0,0.0,0.0,0.0,0,,,,H
3948,2005/06,,losc-lille,fc-nantes,0.0,0.0,0.0,0.0,0.0,72.18,86050000,0.0,0.0,0.0,0.0,0.0,69.58,54600000,,,,H
3949,2005/06,,fc-metz,olympique-lyonnais,0.0,0.0,0.0,0.0,0.0,67.29,41450000,0.0,0.0,0.0,0.0,0.0,72.74,89500000,,,,A
3950,2005/06,,ogc-nice,aj-auxerre,0.0,0.0,0.0,0.0,0.0,73.28,89200000,0.0,0.0,0.0,0.0,0.0,0.0,0,,,,H
3951,2005/06,,rc-lens,toulouse-fc,0.0,0.0,0.0,0.0,0.0,72.84,82750000,0.0,0.0,0.0,0.0,0.0,68.76,60900000,,,,H
3952,2005/06,,olympique-de-marseille,losc-lille,0.0,0.0,0.0,0.0,0.0,73.85,58850000,0.0,0.0,0.0,0.0,0.0,72.18,86050000,,,,D
3953,2005/06,,stade-rennais,fc-metz,0.0,0.0,0.0,0.0,0.0,73.39,253175000,0.0,0.0,0.0,0.0,0.0,67.29,41450000,,,,H
3954,2005/06,,aj-auxerre,paris-saint-germain,0.0,0.0,0.0,0.0,0.0,0.0,0,0.0,0.0,0.0,0.0,0.0,0.0,0,,,,H
3955,2005/06,,toulouse-fc,olympique-lyonnais,0.0,0.0,0.0,0.0,0.0,68.76,60900000,0.0,0.0,0.0,0.0,0.0,72.74,89500000,,,,A
3956,2005/06,,losc-lille,rc-strasbourg,0.0,0.0,0.0,0.0,0.0,72.18,86050000,0.0,0.0,0.0,0.0,0.0,69.0,72100000,,,,H
3957,2005/06,,paris-saint-germain,as-monaco,0.0,0.0,0.0,0.0,0.0,0.0,0,0.0,0.0,0.0,0.0,0.0,73.63,257100000,,,,D
3958,2005/06,,aj-auxerre,losc-lille,0.0,0.0,0.0,0.0,0.0,0.0,0,0.0,0.0,0.0,0.0,0.0,72.18,86050000,,,,H
3959,2005/06,,rc-lens,fc-metz,0.0,0.0,0.0,0.0,0.0,72.84,82750000,0.0,0.0,0.0,0.0,0.0,67.29,41450000,,,,D
3960,2005/06,,olympique-de-marseille,fc-nantes,0.0,0.0,0.0,0.0,0.0,73.85,58850000,0.0,0.0,0.0,0.0,0.0,69.58,54600000,,,,H
3961,2005/06,,rc-strasbourg,ogc-nice,0.0,0.0,0.0,0.0,0.0,69.0,72100000,0.0,0.0,0.0,0.0,0.0,73.28,89200000,,,,D
3962,2005/06,,stade-rennais,toulouse-fc,0.0,0.0,0.0,0.0,0.0,73.39,253175000,0.0,0.0,0.0,0.0,0.0,68.76,60900000,,,,H
3963,2005/06,,ogc-nice,olympique-lyonnais,0.0,0.0,0.0,0.0,0.0,73.28,89200000,0.0,0.0,0.0,0.0,0.0,72.74,89500000,,,,D
3964,2005/06,,olympique-de-marseille,as-monaco,0.0,0.0,0.0,0.0,0.0,73.85,58850000,0.0,0.0,0.0,0.0,0.0,73.63,257100000,,,,H
3965,2005/06,,fc-nantes,rc-strasbourg,0.0,0.0,0.0,0.0,0.0,69.58,54600000,0.0,0.0,0.0,0.0,0.0,69.0,72100000,,,,H
3966,2005/06,,paris-saint-germain,rc-lens,0.0,0.0,0.0,0.0,0.0,0.0,0,0.0,0.0,0.0,0.0,0.0,72.84,82750000,,,,A
3967,2005/06,,aj-auxerre,fc-nantes,0.0,0.0,0.0,0.0,0.0,0.0,0,0.0,0.0,0.0,0.0,0.0,69.58,54600000,,,,H
3968,2005/06,,olympique-lyonnais,paris-saint-germain,0.0,0.0,0.0,0.0,0.0,72.74,89500000,0.0,0.0,0.0,0.0,0.0,0.0,0,,,,H
3969,2005/06,,fc-metz,toulouse-fc,0.0,0.0,0.0,0.0,0.0,67.29,41450000,0.0,0.0,0.0,0.0,0.0,68.76,60900000,,,,D
3970,2005/06,,stade-rennais,ogc-nice,0.0,0.0,0.0,0.0,0.0,73.39,253175000,0.0,0.0,0.0,0.0,0.0,73.28,89200000,,,,H
3971,2005/06,,losc-lille,rc-lens,0.0,0.0,0.0,0.0,0.0,72.18,86050000,0.0,0.0,0.0,0.0,0.0,72.84,82750000,,,,D
3972,2005/06,,olympique-de-marseille,aj-auxerre,0.0,0.0,0.0,0.0,0.0,73.85,58850000,0.0,0.0,0.0,0.0,0.0,0.0,0,,,,H
3973,2005/06,,paris-saint-germain,stade-rennais,0.0,0.0,0.0,0.0,0.0,0.0,0,0.0,0.0,0.0,0.0,0.0,73.39,253175000,,,,H
3974,2005/06,,fc-nantes,as-monaco,0.0,0.0,0.0,0.0,0.0,69.58,54600000,0.0,0.0,0.0,0.0,0.0,73.63,257100000,,,,D
3975,2005/06,,olympique-lyonnais,losc-lille,0.0,0.0,0.0,0.0,0.0,72.74,89500000,0.0,0.0,0.0,0.0,0.0,72.18,86050000,,,,A
3976,2005/06,,fc-metz,ogc-nice,0.0,0.0,0.0,0.0,0.0,67.29,41450000,0.0,0.0,0.0,0.0,0.0,73.28,89200000,,,,H
3977,2005/06,,rc-strasbourg,olympique-de-marseille,0.0,0.0,0.0,0.0,0.0,69.0,72100000,0.0,0.0,0.0,0.0,0.0,73.85,58850000,,,,A
3978,2005/06,,as-monaco,toulouse-fc,0.0,0.0,0.0,0.0,0.0,73.63,257100000,0.0,0.0,0.0,0.0,0.0,68.76,60900000,,,,H
3979,2005/06,,olympique-de-marseille,rc-lens,0.0,0.0,0.0,0.0,0.0,73.85,58850000,0.0,0.0,0.0,0.0,0.0,72.84,82750000,,,,D
3980,2005/06,,fc-nantes,stade-rennais,0.0,0.0,0.0,0.0,0.0,69.58,54600000,0.0,0.0,0.0,0.0,0.0,73.39,253175000,,,,A
3981,2005/06,,ogc-nice,toulouse-fc,0.0,0.0,0.0,0.0,0.0,73.28,89200000,0.0,0.0,0.0,0.0,0.0,68.76,60900000,,,,H
3982,2005/06,,rc-strasbourg,olympique-lyonnais,0.0,0.0,0.0,0.0,0.0,69.0,72100000,0.0,0.0,0.0,0.0,0.0,72.74,89500000,,,,A
3983,2005/06,,aj-auxerre,as-monaco,0.0,0.0,0.0,0.0,0.0,0.0,0,0.0,0.0,0.0,0.0,0.0,73.63,257100000,,,,H
3984,2005/06,,olympique-lyonnais,olympique-de-marseille,0.0,0.0,0.0,0.0,0.0,72.74,89500000,0.0,0.0,0.0,0.0,0.0,73.85,58850000,,,,H
3985,2005/06,,as-monaco,rc-strasbourg,0.0,0.0,0.0,0.0,0.0,73.63,257100000,0.0,0.0,0.0,0.0,0.0,69.0,72100000,,,,D
3986,2005/06,,toulouse-fc,paris-saint-germain,0.0,0.0,0.0,0.0,0.0,68.76,60900000,0.0,0.0,0.0,0.0,0.0,0.0,0,,,,H
3987,2005/06,,aj-auxerre,rc-lens,0.0,0.0,0.0,0.0,0.0,0.0,0,0.0,0.0,0.0,0.0,0.0,72.84,82750000,,,,H
3988,2005/06,,fc-nantes,ogc-nice,0.0,0.0,0.0,0.0,0.0,69.58,54600000,0.0,0.0,0.0,0.0,0.0,73.28,89200000,,,,D
3989,2005/06,,rc-strasbourg,fc-metz,0.0,0.0,0.0,0.0,0.0,69.0,72100000,0.0,0.0,0.0,0.0,0.0,67.29,41450000,,,,H
3990,2005/06,,olympique-de-marseille,stade-rennais,0.0,0.0,0.0,0.0,0.0,73.85,58850000,0.0,0.0,0.0,0.0,0.0,73.39,253175000,,,,H
3991,2005/06,,fc-metz,fc-nantes,0.0,0.0,0.0,0.0,0.0,67.29,41450000,0.0,0.0,0.0,0.0,0.0,69.58,54600000,,,,A
3992,2005/06,,ogc-nice,paris-saint-germain,0.0,0.0,0.0,0.0,0.0,73.28,89200000,0.0,0.0,0.0,0.0,0.0,0.0,0,,,,H
3993,2005/06,,toulouse-fc,losc-lille,0.0,0.0,0.0,0.0,0.0,68.76,60900000,0.0,0.0,0.0,0.0,0.0,72.18,86050000,,,,D
3994,2005/06,,rc-lens,as-monaco,0.0,0.0,0.0,0.0,0.0,72.84,82750000,0.0,0.0,0.0,0.0,0.0,73.63,257100000,,,,D
3995,2005/06,,olympique-lyonnais,aj-auxerre,0.0,0.0,0.0,0.0,0.0,72.74,89500000,0.0,0.0,0.0,0.0,0.0,0.0,0,,,,D
3996,2005/06,,aj-auxerre,stade-rennais,0.0,0.0,0.0,0.0,0.0,0.0,0,0.0,0.0,0.0,0.0,0.0,73.39,253175000,,,,H
3997,2005/06,,losc-lille,fc-metz,0.0,0.0,0.0,0.0,0.0,72.18,86050000,0.0,0.0,0.0,0.0,0.0,67.29,41450000,,,,H
3998,2005/06,,rc-lens,rc-strasbourg,0.0,0.0,0.0,0.0,0.0,72.84,82750000,0.0,0.0,0.0,0.0,0.0,69.0,72100000,,,,H
3999,2005/06,,ogc-nice,losc-lille,0.0,0.0,0.0,0.0,0.0,73.28,89200000,0.0,0.0,0.0,0.0,0.0,72.18,86050000,,,,H
4000,2005/06,,stade-rennais,as-monaco,0.0,0.0,0.0,0.0,0.0,73.39,253175000,0.0,0.0,0.0,0.0,0.0,73.63,257100000,,,,A
4001,2005/06,,toulouse-fc,fc-nantes,0.0,0.0,0.0,0.0,0.0,68.76,60900000,0.0,0.0,0.0,0.0,0.0,69.58,54600000,,,,H
4002,2005/06,,rc-strasbourg,paris-saint-germain,0.0,0.0,0.0,0.0,0.0,69.0,72100000,0.0,0.0,0.0,0.0,0.0,0.0,0,,,,D
4003,2005/06,,aj-auxerre,fc-metz,0.0,0.0,0.0,0.0,0.0,0.0,0,0.0,0.0,0.0,0.0,0.0,67.29,41450000,,,,D
4004,2005/06,,rc-lens,olympique-lyonnais,0.0,0.0,0.0,0.0,0.0,72.84,82750000,0.0,0.0,0.0,0.0,0.0,72.74,89500000,,,,D
4005,2005/06,,losc-lille,paris-saint-germain,0.0,0.0,0.0,0.0,0.0,72.18,86050000,0.0,0.0,0.0,0.0,0.0,0.0,0,,,,D
4006,2005/06,,olympique-de-marseille,toulouse-fc,0.0,0.0,0.0,0.0,0.0,73.85,58850000,0.0,0.0,0.0,0.0,0.0,68.76,60900000,,,,D
4007,2005/06,,olympique-lyonnais,fc-nantes,0.0,0.0,0.0,0.0,0.0,72.74,89500000,0.0,0.0,0.0,0.0,0.0,69.58,54600000,,,,H
4008,2005/06,,ogc-nice,as-monaco,0.0,0.0,0.0,0.0,0.0,73.28,89200000,0.0,0.0,0.0,0.0,0.0,73.63,257100000,,,,H
4009,2005/06,,stade-rennais,rc-lens,0.0,0.0,0.0,0.0,0.0,73.39,253175000,0.0,0.0,0.0,0.0,0.0,72.84,82750000,,,,H
4010,2005/06,,toulouse-fc,rc-strasbourg,0.0,0.0,0.0,0.0,0.0,68.76,60900000,0.0,0.0,0.0,0.0,0.0,69.0,72100000,,,,A
4011,2005/06,,fc-metz,olympique-de-marseille,0.0,0.0,0.0,0.0,0.0,67.29,41450000,0.0,0.0,0.0,0.0,0.0,73.85,58850000,,,,H
4012,2005/06,,aj-auxerre,toulouse-fc,0.0,0.0,0.0,0.0,0.0,0.0,0,0.0,0.0,0.0,0.0,0.0,68.76,60900000,,,,H
4013,2005/06,,olympique-lyonnais,stade-rennais,0.0,0.0,0.0,0.0,0.0,72.74,89500000,0.0,0.0,0.0,0.0,0.0,73.39,253175000,,,,A
4014,2005/06,,fc-nantes,paris-saint-germain,0.0,0.0,0.0,0.0,0.0,69.58,54600000,0.0,0.0,0.0,0.0,0.0,0.0,0,,,,D
4015,2005/06,,olympique-de-marseille,ogc-nice,0.0,0.0,0.0,0.0,0.0,73.85,58850000,0.0,0.0,0.0,0.0,0.0,73.28,89200000,,,,H
4016,2005/06,,as-monaco,losc-lille,0.0,0.0,0.0,0.0,0.0,73.63,257100000,0.0,0.0,0.0,0.0,0.0,72.18,86050000,,,,A
4017,2005/06,,fc-metz,as-monaco,0.0,0.0,0.0,0.0,0.0,67.29,41450000,0.0,0.0,0.0,0.0,0.0,73.63,257100000,,,,H
4018,2005/06,,ogc-nice,rc-lens,0.0,0.0,0.0,0.0,0.0,73.28,89200000,0.0,0.0,0.0,0.0,0.0,72.84,82750000,,,,D
4019,2005/06,,stade-rennais,rc-strasbourg,0.0,0.0,0.0,0.0,0.0,73.39,253175000,0.0,0.0,0.0,0.0,0.0,69.0,72100000,,,,H
4020,2005/06,,paris-saint-germain,olympique-de-marseille,0.0,0.0,0.0,0.0,0.0,0.0,0,0.0,0.0,0.0,0.0,0.0,73.85,58850000,,,,D
4021,2005/06,,aj-auxerre,ogc-nice,0.0,0.0,0.0,0.0,0.0,0.0,0,0.0,0.0,0.0,0.0,0.0,73.28,89200000,,,,H
4022,2005/06,,olympique-lyonnais,fc-metz,0.0,0.0,0.0,0.0,0.0,72.74,89500000,0.0,0.0,0.0,0.0,0.0,67.29,41450000,,,,H
4023,2005/06,,fc-nantes,losc-lille,0.0,0.0,0.0,0.0,0.0,69.58,54600000,0.0,0.0,0.0,0.0,0.0,72.18,86050000,,,,D
4024,2005/06,,fc-metz,stade-rennais,0.0,0.0,0.0,0.0,0.0,67.29,41450000,0.0,0.0,0.0,0.0,0.0,73.39,253175000,,,,A
4025,2005/06,,toulouse-fc,rc-lens,0.0,0.0,0.0,0.0,0.0,68.76,60900000,0.0,0.0,0.0,0.0,0.0,72.84,82750000,,,,D
4026,2005/06,,losc-lille,olympique-de-marseille,0.0,0.0,0.0,0.0,0.0,72.18,86050000,0.0,0.0,0.0,0.0,0.0,73.85,58850000,,,,D
4027,2005/06,,paris-saint-germain,aj-auxerre,0.0,0.0,0.0,0.0,0.0,0.0,0,0.0,0.0,0.0,0.0,0.0,0.0,0,,,,H
4028,2005/06,,olympique-lyonnais,toulouse-fc,0.0,0.0,0.0,0.0,0.0,72.74,89500000,0.0,0.0,0.0,0.0,0.0,68.76,60900000,,,,D
4029,2005/06,,rc-strasbourg,losc-lille,0.0,0.0,0.0,0.0,0.0,69.0,72100000,0.0,0.0,0.0,0.0,0.0,72.18,86050000,,,,D
4030,2005/06,,as-monaco,paris-saint-germain,0.0,0.0,0.0,0.0,0.0,73.63,257100000,0.0,0.0,0.0,0.0,0.0,0.0,0,,,,D
4031,2005/06,,losc-lille,aj-auxerre,0.0,0.0,0.0,0.0,0.0,72.18,86050000,0.0,0.0,0.0,0.0,0.0,0.0,0,,,,D
4032,2005/06,,fc-metz,rc-lens,0.0,0.0,0.0,0.0,0.0,67.29,41450000,0.0,0.0,0.0,0.0,0.0,72.84,82750000,,,,A
4033,2005/06,,fc-nantes,olympique-de-marseille,0.0,0.0,0.0,0.0,0.0,69.58,54600000,0.0,0.0,0.0,0.0,0.0,73.85,58850000,,,,A
4034,2005/06,,ogc-nice,rc-strasbourg,0.0,0.0,0.0,0.0,0.0,73.28,89200000,0.0,0.0,0.0,0.0,0.0,69.0,72100000,,,,H
4035,2005/06,,toulouse-fc,stade-rennais,0.0,0.0,0.0,0.0,0.0,68.76,60900000,0.0,0.0,0.0,0.0,0.0,73.39,253175000,,,,A
4036,2005/06,,rc-lens,paris-saint-germain,0.0,0.0,0.0,0.0,0.0,72.84,82750000,0.0,0.0,0.0,0.0,0.0,0.0,0,,,,D
4037,2005/06,,olympique-lyonnais,ogc-nice,0.0,0.0,0.0,0.0,0.0,72.74,89500000,0.0,0.0,0.0,0.0,0.0,73.28,89200000,,,,H
4038,2005/06,,as-monaco,olympique-de-marseille,0.0,0.0,0.0,0.0,0.0,73.63,257100000,0.0,0.0,0.0,0.0,0.0,73.85,58850000,,,,H
4039,2005/06,,rc-strasbourg,fc-nantes,0.0,0.0,0.0,0.0,0.0,69.0,72100000,0.0,0.0,0.0,0.0,0.0,69.58,54600000,,,,A
4040,2005/06,,toulouse-fc,fc-metz,0.0,0.0,0.0,0.0,0.0,68.76,60900000,0.0,0.0,0.0,0.0,0.0,67.29,41450000,,,,H
4041,2005/06,,fc-nantes,aj-auxerre,0.0,0.0,0.0,0.0,0.0,69.58,54600000,0.0,0.0,0.0,0.0,0.0,0.0,0,,,,H
4042,2005/06,,ogc-nice,stade-rennais,0.0,0.0,0.0,0.0,0.0,73.28,89200000,0.0,0.0,0.0,0.0,0.0,73.39,253175000,,,,H
4043,2005/06,,paris-saint-germain,olympique-lyonnais,0.0,0.0,0.0,0.0,0.0,0.0,0,0.0,0.0,0.0,0.0,0.0,72.74,89500000,,,,A
4044,2005/06,,as-monaco,olympique-lyonnais,0.0,0.0,0.0,0.0,0.0,73.63,257100000,0.0,0.0,0.0,0.0,0.0,72.74,89500000,,,,H
4045,2005/06,,rc-lens,losc-lille,0.0,0.0,0.0,0.0,0.0,72.84,82750000,0.0,0.0,0.0,0.0,0.0,72.18,86050000,,,,H
4046,2005/06,,as-monaco,fc-nantes,0.0,0.0,0.0,0.0,0.0,73.63,257100000,0.0,0.0,0.0,0.0,0.0,69.58,54600000,,,,D
4047,2005/06,,aj-auxerre,olympique-de-marseille,0.0,0.0,0.0,0.0,0.0,0.0,0,0.0,0.0,0.0,0.0,0.0,73.85,58850000,,,,A
4048,2005/06,,stade-rennais,paris-saint-germain,0.0,0.0,0.0,0.0,0.0,73.39,253175000,0.0,0.0,0.0,0.0,0.0,0.0,0,,,,D
4049,2005/06,,losc-lille,olympique-lyonnais,0.0,0.0,0.0,0.0,0.0,72.18,86050000,0.0,0.0,0.0,0.0,0.0,72.74,89500000,,,,H
4050,2005/06,,olympique-de-marseille,rc-strasbourg,0.0,0.0,0.0,0.0,0.0,73.85,58850000,0.0,0.0,0.0,0.0,0.0,69.0,72100000,,,,D
4051,2005/06,,ogc-nice,fc-metz,0.0,0.0,0.0,0.0,0.0,73.28,89200000,0.0,0.0,0.0,0.0,0.0,67.29,41450000,,,,H
4052,2005/06,,toulouse-fc,as-monaco,0.0,0.0,0.0,0.0,0.0,68.76,60900000,0.0,0.0,0.0,0.0,0.0,73.63,257100000,,,,D
4053,2005/06,,aj-auxerre,rc-strasbourg,0.0,0.0,0.0,0.0,0.0,0.0,0,0.0,0.0,0.0,0.0,0.0,69.0,72100000,,,,H
4054,2005/06,,rc-lens,fc-nantes,0.0,0.0,0.0,0.0,0.0,72.84,82750000,0.0,0.0,0.0,0.0,0.0,69.58,54600000,,,,H
4055,2005/06,,fc-metz,paris-saint-germain,0.0,0.0,0.0,0.0,0.0,67.29,41450000,0.0,0.0,0.0,0.0,0.0,0.0,0,,,,H
4056,2005/06,,stade-rennais,losc-lille,0.0,0.0,0.0,0.0,0.0,73.39,253175000,0.0,0.0,0.0,0.0,0.0,72.18,86050000,,,,D
4057,2006/07,,fc-nantes,olympique-lyonnais,0.0,0.0,0.0,0.0,0.0,69.58,54600000,0.0,0.0,0.0,0.0,0.0,72.74,89500000,,,,A
4058,2006/07,,paris-saint-germain,fc-lorient,0.0,0.0,0.0,0.0,0.0,0.0,0,0.0,0.0,0.0,0.0,0.0,70.23,70850000,,,,A
4059,2006/07,,stade-rennais,losc-lille,0.0,0.0,0.0,0.0,0.0,73.39,253175000,0.0,0.0,0.0,0.0,0.0,72.18,86050000,,,,A
4060,2006/07,,losc-lille,rc-lens,0.0,0.0,0.0,0.0,0.0,72.18,86050000,0.0,0.0,0.0,0.0,0.0,72.84,82750000,,,,H
4061,2006/07,,olympique-lyonnais,toulouse-fc,0.0,0.0,0.0,0.0,0.0,72.74,89500000,0.0,0.0,0.0,0.0,0.0,68.76,60900000,,,,D
4062,2006/07,,olympique-de-marseille,stade-rennais,0.0,0.0,0.0,0.0,0.0,73.85,58850000,0.0,0.0,0.0,0.0,0.0,73.39,253175000,,,,H
4063,2006/07,,ogc-nice,fc-nantes,0.0,0.0,0.0,0.0,0.0,73.28,89200000,0.0,0.0,0.0,0.0,0.0,69.58,54600000,,,,D
4064,2006/07,,aj-auxerre,olympique-de-marseille,0.0,0.0,0.0,0.0,0.0,0.0,0,0.0,0.0,0.0,0.0,0.0,73.85,58850000,,,,A
4065,2006/07,,rc-lens,fc-lorient,0.0,0.0,0.0,0.0,0.0,72.84,82750000,0.0,0.0,0.0,0.0,0.0,70.23,70850000,,,,D
4066,2006/07,,paris-saint-germain,losc-lille,0.0,0.0,0.0,0.0,0.0,0.0,0,0.0,0.0,0.0,0.0,0.0,72.18,86050000,,,,H
4067,2006/07,,stade-rennais,as-monaco,0.0,0.0,0.0,0.0,0.0,73.39,253175000,0.0,0.0,0.0,0.0,0.0,73.63,257100000,,,,D
4068,2006/07,,toulouse-fc,ogc-nice,0.0,0.0,0.0,0.0,0.0,68.76,60900000,0.0,0.0,0.0,0.0,0.0,73.28,89200000,,,,H
4069,2006/07,,fc-lorient,fc-nantes,0.0,0.0,0.0,0.0,0.0,70.23,70850000,0.0,0.0,0.0,0.0,0.0,69.58,54600000,,,,H
4070,2006/07,,ogc-nice,olympique-lyonnais,0.0,0.0,0.0,0.0,0.0,73.28,89200000,0.0,0.0,0.0,0.0,0.0,72.74,89500000,,,,A
4071,2006/07,,aj-auxerre,as-monaco,0.0,0.0,0.0,0.0,0.0,0.0,0,0.0,0.0,0.0,0.0,0.0,73.63,257100000,,,,H
4072,2006/07,,fc-nantes,losc-lille,0.0,0.0,0.0,0.0,0.0,69.58,54600000,0.0,0.0,0.0,0.0,0.0,72.18,86050000,,,,D
4073,2006/07,,paris-saint-germain,olympique-de-marseille,0.0,0.0,0.0,0.0,0.0,0.0,0,0.0,0.0,0.0,0.0,0.0,73.85,58850000,,,,A
4074,2006/07,,losc-lille,toulouse-fc,0.0,0.0,0.0,0.0,0.0,72.18,86050000,0.0,0.0,0.0,0.0,0.0,68.76,60900000,,,,A
4075,2006/07,,fc-lorient,olympique-lyonnais,0.0,0.0,0.0,0.0,0.0,70.23,70850000,0.0,0.0,0.0,0.0,0.0,72.74,89500000,,,,A
4076,2006/07,,as-monaco,paris-saint-germain,0.0,0.0,0.0,0.0,0.0,73.63,257100000,0.0,0.0,0.0,0.0,0.0,0.0,0,,,,A
4077,2006/07,,olympique-lyonnais,losc-lille,0.0,0.0,0.0,0.0,0.0,72.74,89500000,0.0,0.0,0.0,0.0,0.0,72.18,86050000,,,,H
4078,2006/07,,toulouse-fc,fc-lorient,0.0,0.0,0.0,0.0,0.0,68.76,60900000,0.0,0.0,0.0,0.0,0.0,70.23,70850000,,,,D
4079,2006/07,,rc-lens,as-monaco,0.0,0.0,0.0,0.0,0.0,72.84,82750000,0.0,0.0,0.0,0.0,0.0,73.63,257100000,,,,H
4080,2006/07,,fc-nantes,olympique-de-marseille,0.0,0.0,0.0,0.0,0.0,69.58,54600000,0.0,0.0,0.0,0.0,0.0,73.85,58850000,,,,H
4081,2006/07,,losc-lille,ogc-nice,0.0,0.0,0.0,0.0,0.0,72.18,86050000,0.0,0.0,0.0,0.0,0.0,73.28,89200000,,,,H
4082,2006/07,,aj-auxerre,fc-nantes,0.0,0.0,0.0,0.0,0.0,0.0,0,0.0,0.0,0.0,0.0,0.0,69.58,54600000,,,,H
4083,2006/07,,olympique-de-marseille,toulouse-fc,0.0,0.0,0.0,0.0,0.0,73.85,58850000,0.0,0.0,0.0,0.0,0.0,68.76,60900000,,,,H
4084,2006/07,,ogc-nice,fc-lorient,0.0,0.0,0.0,0.0,0.0,73.28,89200000,0.0,0.0,0.0,0.0,0.0,70.23,70850000,,,,H
4085,2006/07,,stade-rennais,aj-auxerre,0.0,0.0,0.0,0.0,0.0,73.39,253175000,0.0,0.0,0.0,0.0,0.0,0.0,0,,,,H
4086,2006/07,,rc-lens,olympique-de-marseille,0.0,0.0,0.0,0.0,0.0,72.84,82750000,0.0,0.0,0.0,0.0,0.0,73.85,58850000,,,,D
4087,2006/07,,losc-lille,fc-lorient,0.0,0.0,0.0,0.0,0.0,72.18,86050000,0.0,0.0,0.0,0.0,0.0,70.23,70850000,,,,H
4088,2006/07,,as-monaco,toulouse-fc,0.0,0.0,0.0,0.0,0.0,73.63,257100000,0.0,0.0,0.0,0.0,0.0,68.76,60900000,,,,A
4089,2006/07,,stade-rennais,ogc-nice,0.0,0.0,0.0,0.0,0.0,73.39,253175000,0.0,0.0,0.0,0.0,0.0,73.28,89200000,,,,H
4090,2006/07,,aj-auxerre,paris-saint-germain,0.0,0.0,0.0,0.0,0.0,0.0,0,0.0,0.0,0.0,0.0,0.0,0.0,0,,,,D
4091,2006/07,,olympique-de-marseille,olympique-lyonnais,0.0,0.0,0.0,0.0,0.0,73.85,58850000,0.0,0.0,0.0,0.0,0.0,72.74,89500000,,,,A
4092,2006/07,,rc-lens,aj-auxerre,0.0,0.0,0.0,0.0,0.0,72.84,82750000,0.0,0.0,0.0,0.0,0.0,0.0,0,,,,H
4093,2006/07,,fc-nantes,as-monaco,0.0,0.0,0.0,0.0,0.0,69.58,54600000,0.0,0.0,0.0,0.0,0.0,73.63,257100000,,,,H
4094,2006/07,,paris-saint-germain,stade-rennais,0.0,0.0,0.0,0.0,0.0,0.0,0,0.0,0.0,0.0,0.0,0.0,73.39,253175000,,,,H
4095,2006/07,,ogc-nice,olympique-de-marseille,0.0,0.0,0.0,0.0,0.0,73.28,89200000,0.0,0.0,0.0,0.0,0.0,73.85,58850000,,,,H
4096,2006/07,,olympique-de-marseille,fc-lorient,0.0,0.0,0.0,0.0,0.0,73.85,58850000,0.0,0.0,0.0,0.0,0.0,70.23,70850000,,,,A
4097,2006/07,,as-monaco,ogc-nice,0.0,0.0,0.0,0.0,0.0,73.63,257100000,0.0,0.0,0.0,0.0,0.0,73.28,89200000,,,,D
4098,2006/07,,stade-rennais,olympique-lyonnais,0.0,0.0,0.0,0.0,0.0,73.39,253175000,0.0,0.0,0.0,0.0,0.0,72.74,89500000,,,,H
4099,2006/07,,paris-saint-germain,rc-lens,0.0,0.0,0.0,0.0,0.0,0.0,0,0.0,0.0,0.0,0.0,0.0,72.84,82750000,,,,A
4100,2006/07,,rc-lens,stade-rennais,0.0,0.0,0.0,0.0,0.0,72.84,82750000,0.0,0.0,0.0,0.0,0.0,73.39,253175000,,,,D
4101,2006/07,,losc-lille,olympique-de-marseille,0.0,0.0,0.0,0.0,0.0,72.18,86050000,0.0,0.0,0.0,0.0,0.0,73.85,58850000,,,,H
4102,2006/07,,rc-lens,fc-nantes,0.0,0.0,0.0,0.0,0.0,72.84,82750000,0.0,0.0,0.0,0.0,0.0,69.58,54600000,,,,H
4103,2006/07,,as-monaco,fc-lorient,0.0,0.0,0.0,0.0,0.0,73.63,257100000,0.0,0.0,0.0,0.0,0.0,70.23,70850000,,,,D
4104,2006/07,,aj-auxerre,toulouse-fc,0.0,0.0,0.0,0.0,0.0,0.0,0,0.0,0.0,0.0,0.0,0.0,68.76,60900000,,,,H
4105,2006/07,,losc-lille,as-monaco,0.0,0.0,0.0,0.0,0.0,72.18,86050000,0.0,0.0,0.0,0.0,0.0,73.63,257100000,,,,D
4106,2006/07,,toulouse-fc,stade-rennais,0.0,0.0,0.0,0.0,0.0,68.76,60900000,0.0,0.0,0.0,0.0,0.0,73.39,253175000,,,,H
4107,2006/07,,olympique-lyonnais,aj-auxerre,0.0,0.0,0.0,0.0,0.0,72.74,89500000,0.0,0.0,0.0,0.0,0.0,0.0,0,,,,H
4108,2006/07,,fc-nantes,paris-saint-germain,0.0,0.0,0.0,0.0,0.0,69.58,54600000,0.0,0.0,0.0,0.0,0.0,0.0,0,,,,D
4109,2006/07,,aj-auxerre,ogc-nice,0.0,0.0,0.0,0.0,0.0,0.0,0,0.0,0.0,0.0,0.0,0.0,73.28,89200000,,,,D
4110,2006/07,,stade-rennais,fc-nantes,0.0,0.0,0.0,0.0,0.0,73.39,253175000,0.0,0.0,0.0,0.0,0.0,69.58,54600000,,,,H
4111,2006/07,,olympique-de-marseille,as-monaco,0.0,0.0,0.0,0.0,0.0,73.85,58850000,0.0,0.0,0.0,0.0,0.0,73.63,257100000,,,,H
4112,2006/07,,toulouse-fc,rc-lens,0.0,0.0,0.0,0.0,0.0,68.76,60900000,0.0,0.0,0.0,0.0,0.0,72.84,82750000,,,,A
4113,2006/07,,olympique-lyonnais,paris-saint-germain,0.0,0.0,0.0,0.0,0.0,72.74,89500000,0.0,0.0,0.0,0.0,0.0,0.0,0,,,,H
4114,2006/07,,aj-auxerre,fc-lorient,0.0,0.0,0.0,0.0,0.0,0.0,0,0.0,0.0,0.0,0.0,0.0,70.23,70850000,,,,H
4115,2006/07,,rc-lens,olympique-lyonnais,0.0,0.0,0.0,0.0,0.0,72.84,82750000,0.0,0.0,0.0,0.0,0.0,72.74,89500000,,,,A
4116,2006/07,,paris-saint-germain,ogc-nice,0.0,0.0,0.0,0.0,0.0,0.0,0,0.0,0.0,0.0,0.0,0.0,73.28,89200000,,,,D
4117,2006/07,,losc-lille,aj-auxerre,0.0,0.0,0.0,0.0,0.0,72.18,86050000,0.0,0.0,0.0,0.0,0.0,0.0,0,,,,D
4118,2006/07,,fc-lorient,stade-rennais,0.0,0.0,0.0,0.0,0.0,70.23,70850000,0.0,0.0,0.0,0.0,0.0,73.39,253175000,,,,D
4119,2006/07,,olympique-lyonnais,as-monaco,0.0,0.0,0.0,0.0,0.0,72.74,89500000,0.0,0.0,0.0,0.0,0.0,73.63,257100000,,,,D
4120,2006/07,,ogc-nice,rc-lens,0.0,0.0,0.0,0.0,0.0,73.28,89200000,0.0,0.0,0.0,0.0,0.0,72.84,82750000,,,,A
4121,2006/07,,toulouse-fc,fc-nantes,0.0,0.0,0.0,0.0,0.0,68.76,60900000,0.0,0.0,0.0,0.0,0.0,69.58,54600000,,,,A
4122,2006/07,,rc-lens,losc-lille,0.0,0.0,0.0,0.0,0.0,72.84,82750000,0.0,0.0,0.0,0.0,0.0,72.18,86050000,,,,D
4123,2006/07,,fc-nantes,ogc-nice,0.0,0.0,0.0,0.0,0.0,69.58,54600000,0.0,0.0,0.0,0.0,0.0,73.28,89200000,,,,H
4124,2006/07,,toulouse-fc,olympique-lyonnais,0.0,0.0,0.0,0.0,0.0,68.76,60900000,0.0,0.0,0.0,0.0,0.0,72.74,89500000,,,,H
4125,2006/07,,stade-rennais,olympique-de-marseille,0.0,0.0,0.0,0.0,0.0,73.39,253175000,0.0,0.0,0.0,0.0,0.0,73.85,58850000,,,,A
4126,2006/07,,paris-saint-germain,toulouse-fc,0.0,0.0,0.0,0.0,0.0,0.0,0,0.0,0.0,0.0,0.0,0.0,68.76,60900000,,,,D
4127,2006/07,,losc-lille,paris-saint-germain,0.0,0.0,0.0,0.0,0.0,72.18,86050000,0.0,0.0,0.0,0.0,0.0,0.0,0,,,,H
4128,2006/07,,fc-lorient,rc-lens,0.0,0.0,0.0,0.0,0.0,70.23,70850000,0.0,0.0,0.0,0.0,0.0,72.84,82750000,,,,H
4129,2006/07,,olympique-de-marseille,aj-auxerre,0.0,0.0,0.0,0.0,0.0,73.85,58850000,0.0,0.0,0.0,0.0,0.0,0.0,0,,,,H
4130,2006/07,,as-monaco,stade-rennais,0.0,0.0,0.0,0.0,0.0,73.63,257100000,0.0,0.0,0.0,0.0,0.0,73.39,253175000,,,,A
4131,2006/07,,ogc-nice,toulouse-fc,0.0,0.0,0.0,0.0,0.0,73.28,89200000,0.0,0.0,0.0,0.0,0.0,68.76,60900000,,,,A
4132,2006/07,,olympique-lyonnais,ogc-nice,0.0,0.0,0.0,0.0,0.0,72.74,89500000,0.0,0.0,0.0,0.0,0.0,73.28,89200000,,,,D
4133,2006/07,,fc-nantes,fc-lorient,0.0,0.0,0.0,0.0,0.0,69.58,54600000,0.0,0.0,0.0,0.0,0.0,70.23,70850000,,,,A
4134,2006/07,,losc-lille,fc-nantes,0.0,0.0,0.0,0.0,0.0,72.18,86050000,0.0,0.0,0.0,0.0,0.0,69.58,54600000,,,,D
4135,2006/07,,as-monaco,aj-auxerre,0.0,0.0,0.0,0.0,0.0,73.63,257100000,0.0,0.0,0.0,0.0,0.0,0.0,0,,,,H
4136,2006/07,,olympique-de-marseille,paris-saint-germain,0.0,0.0,0.0,0.0,0.0,73.85,58850000,0.0,0.0,0.0,0.0,0.0,0.0,0,,,,D
4137,2006/07,,olympique-lyonnais,fc-lorient,0.0,0.0,0.0,0.0,0.0,72.74,89500000,0.0,0.0,0.0,0.0,0.0,70.23,70850000,,,,H
4138,2006/07,,paris-saint-germain,as-monaco,0.0,0.0,0.0,0.0,0.0,0.0,0,0.0,0.0,0.0,0.0,0.0,73.63,257100000,,,,H
4139,2006/07,,toulouse-fc,losc-lille,0.0,0.0,0.0,0.0,0.0,68.76,60900000,0.0,0.0,0.0,0.0,0.0,72.18,86050000,,,,H
4140,2006/07,,losc-lille,olympique-lyonnais,0.0,0.0,0.0,0.0,0.0,72.18,86050000,0.0,0.0,0.0,0.0,0.0,72.74,89500000,,,,A
4141,2006/07,,fc-lorient,toulouse-fc,0.0,0.0,0.0,0.0,0.0,70.23,70850000,0.0,0.0,0.0,0.0,0.0,68.76,60900000,,,,A
4142,2006/07,,olympique-de-marseille,fc-nantes,0.0,0.0,0.0,0.0,0.0,73.85,58850000,0.0,0.0,0.0,0.0,0.0,69.58,54600000,,,,D
4143,2006/07,,as-monaco,rc-lens,0.0,0.0,0.0,0.0,0.0,73.63,257100000,0.0,0.0,0.0,0.0,0.0,72.84,82750000,,,,D
4144,2006/07,,fc-nantes,aj-auxerre,0.0,0.0,0.0,0.0,0.0,69.58,54600000,0.0,0.0,0.0,0.0,0.0,0.0,0,,,,D
4145,2006/07,,ogc-nice,losc-lille,0.0,0.0,0.0,0.0,0.0,73.28,89200000,0.0,0.0,0.0,0.0,0.0,72.18,86050000,,,,H
4146,2006/07,,toulouse-fc,olympique-de-marseille,0.0,0.0,0.0,0.0,0.0,68.76,60900000,0.0,0.0,0.0,0.0,0.0,73.85,58850000,,,,H
4147,2006/07,,aj-auxerre,stade-rennais,0.0,0.0,0.0,0.0,0.0,0.0,0,0.0,0.0,0.0,0.0,0.0,73.39,253175000,,,,H
4148,2006/07,,fc-lorient,ogc-nice,0.0,0.0,0.0,0.0,0.0,70.23,70850000,0.0,0.0,0.0,0.0,0.0,73.28,89200000,,,,D
4149,2006/07,,olympique-de-marseille,rc-lens,0.0,0.0,0.0,0.0,0.0,73.85,58850000,0.0,0.0,0.0,0.0,0.0,72.84,82750000,,,,A
4150,2006/07,,fc-lorient,losc-lille,0.0,0.0,0.0,0.0,0.0,70.23,70850000,0.0,0.0,0.0,0.0,0.0,72.18,86050000,,,,D
4151,2006/07,,ogc-nice,stade-rennais,0.0,0.0,0.0,0.0,0.0,73.28,89200000,0.0,0.0,0.0,0.0,0.0,73.39,253175000,,,,D
4152,2006/07,,toulouse-fc,as-monaco,0.0,0.0,0.0,0.0,0.0,68.76,60900000,0.0,0.0,0.0,0.0,0.0,73.63,257100000,,,,D
4153,2006/07,,olympique-lyonnais,olympique-de-marseille,0.0,0.0,0.0,0.0,0.0,72.74,89500000,0.0,0.0,0.0,0.0,0.0,73.85,58850000,,,,D
4154,2006/07,,paris-saint-germain,aj-auxerre,0.0,0.0,0.0,0.0,0.0,0.0,0,0.0,0.0,0.0,0.0,0.0,0.0,0,,,,A
4155,2006/07,,olympique-de-marseille,ogc-nice,0.0,0.0,0.0,0.0,0.0,73.85,58850000,0.0,0.0,0.0,0.0,0.0,73.28,89200000,,,,H
4156,2006/07,,as-monaco,fc-nantes,0.0,0.0,0.0,0.0,0.0,73.63,257100000,0.0,0.0,0.0,0.0,0.0,69.58,54600000,,,,H
4157,2006/07,,aj-auxerre,rc-lens,0.0,0.0,0.0,0.0,0.0,0.0,0,0.0,0.0,0.0,0.0,0.0,72.84,82750000,,,,H
4158,2006/07,,stade-rennais,paris-saint-germain,0.0,0.0,0.0,0.0,0.0,73.39,253175000,0.0,0.0,0.0,0.0,0.0,0.0,0,,,,H
4159,2006/07,,fc-lorient,olympique-de-marseille,0.0,0.0,0.0,0.0,0.0,70.23,70850000,0.0,0.0,0.0,0.0,0.0,73.85,58850000,,,,H
4160,2006/07,,rc-lens,paris-saint-germain,0.0,0.0,0.0,0.0,0.0,72.84,82750000,0.0,0.0,0.0,0.0,0.0,0.0,0,,,,A
4161,2006/07,,ogc-nice,as-monaco,0.0,0.0,0.0,0.0,0.0,73.28,89200000,0.0,0.0,0.0,0.0,0.0,73.63,257100000,,,,D
4162,2006/07,,stade-rennais,rc-lens,0.0,0.0,0.0,0.0,0.0,73.39,253175000,0.0,0.0,0.0,0.0,0.0,72.84,82750000,,,,H
4163,2006/07,,olympique-de-marseille,losc-lille,0.0,0.0,0.0,0.0,0.0,73.85,58850000,0.0,0.0,0.0,0.0,0.0,72.18,86050000,,,,H
4164,2006/07,,fc-lorient,as-monaco,0.0,0.0,0.0,0.0,0.0,70.23,70850000,0.0,0.0,0.0,0.0,0.0,73.63,257100000,,,,D
4165,2006/07,,fc-nantes,rc-lens,0.0,0.0,0.0,0.0,0.0,69.58,54600000,0.0,0.0,0.0,0.0,0.0,72.84,82750000,,,,D
4166,2006/07,,toulouse-fc,aj-auxerre,0.0,0.0,0.0,0.0,0.0,68.76,60900000,0.0,0.0,0.0,0.0,0.0,0.0,0,,,,H
4167,2006/07,,olympique-lyonnais,stade-rennais,0.0,0.0,0.0,0.0,0.0,72.74,89500000,0.0,0.0,0.0,0.0,0.0,73.39,253175000,,,,D
4168,2006/07,,as-monaco,losc-lille,0.0,0.0,0.0,0.0,0.0,73.63,257100000,0.0,0.0,0.0,0.0,0.0,72.18,86050000,,,,H
4169,2006/07,,paris-saint-germain,fc-nantes,0.0,0.0,0.0,0.0,0.0,0.0,0,0.0,0.0,0.0,0.0,0.0,69.58,54600000,,,,H
4170,2006/07,,stade-rennais,toulouse-fc,0.0,0.0,0.0,0.0,0.0,73.39,253175000,0.0,0.0,0.0,0.0,0.0,68.76,60900000,,,,H
4171,2006/07,,aj-auxerre,olympique-lyonnais,0.0,0.0,0.0,0.0,0.0,0.0,0,0.0,0.0,0.0,0.0,0.0,72.74,89500000,,,,D
4172,2006/07,,fc-nantes,stade-rennais,0.0,0.0,0.0,0.0,0.0,69.58,54600000,0.0,0.0,0.0,0.0,0.0,73.39,253175000,,,,A
4173,2006/07,,ogc-nice,aj-auxerre,0.0,0.0,0.0,0.0,0.0,73.28,89200000,0.0,0.0,0.0,0.0,0.0,0.0,0,,,,D
4174,2006/07,,toulouse-fc,paris-saint-germain,0.0,0.0,0.0,0.0,0.0,68.76,60900000,0.0,0.0,0.0,0.0,0.0,0.0,0,,,,A
4175,2006/07,,rc-lens,toulouse-fc,0.0,0.0,0.0,0.0,0.0,72.84,82750000,0.0,0.0,0.0,0.0,0.0,68.76,60900000,,,,H
4176,2006/07,,paris-saint-germain,olympique-lyonnais,0.0,0.0,0.0,0.0,0.0,0.0,0,0.0,0.0,0.0,0.0,0.0,72.74,89500000,,,,D
4177,2006/07,,as-monaco,olympique-de-marseille,0.0,0.0,0.0,0.0,0.0,73.63,257100000,0.0,0.0,0.0,0.0,0.0,73.85,58850000,,,,A
4178,2006/07,,fc-lorient,aj-auxerre,0.0,0.0,0.0,0.0,0.0,70.23,70850000,0.0,0.0,0.0,0.0,0.0,0.0,0,,,,H
4179,2006/07,,olympique-lyonnais,rc-lens,0.0,0.0,0.0,0.0,0.0,72.74,89500000,0.0,0.0,0.0,0.0,0.0,72.84,82750000,,,,H
4180,2006/07,,ogc-nice,paris-saint-germain,0.0,0.0,0.0,0.0,0.0,73.28,89200000,0.0,0.0,0.0,0.0,0.0,0.0,0,,,,H
4181,2006/07,,aj-auxerre,losc-lille,0.0,0.0,0.0,0.0,0.0,0.0,0,0.0,0.0,0.0,0.0,0.0,72.18,86050000,,,,H
4182,2006/07,,rc-lens,ogc-nice,0.0,0.0,0.0,0.0,0.0,72.84,82750000,0.0,0.0,0.0,0.0,0.0,73.28,89200000,,,,D
4183,2006/07,,as-monaco,olympique-lyonnais,0.0,0.0,0.0,0.0,0.0,73.63,257100000,0.0,0.0,0.0,0.0,0.0,72.74,89500000,,,,H
4184,2006/07,,fc-nantes,toulouse-fc,0.0,0.0,0.0,0.0,0.0,69.58,54600000,0.0,0.0,0.0,0.0,0.0,68.76,60900000,,,,D
4185,2006/07,,stade-rennais,fc-lorient,0.0,0.0,0.0,0.0,0.0,73.39,253175000,0.0,0.0,0.0,0.0,0.0,70.23,70850000,,,,H
4186,2006/07,,losc-lille,stade-rennais,0.0,0.0,0.0,0.0,0.0,72.18,86050000,0.0,0.0,0.0,0.0,0.0,73.39,253175000,,,,D
4187,2006/07,,fc-lorient,paris-saint-germain,0.0,0.0,0.0,0.0,0.0,70.23,70850000,0.0,0.0,0.0,0.0,0.0,0.0,0,,,,A
4188,2006/07,,olympique-lyonnais,fc-nantes,0.0,0.0,0.0,0.0,0.0,72.74,89500000,0.0,0.0,0.0,0.0,0.0,69.58,54600000,,,,H
4189,2007/08,,losc-lille,fc-lorient,0.0,0.0,0.0,0.0,0.0,72.18,86050000,0.0,0.0,0.0,0.0,0.0,70.23,70850000,,,,D
4190,2007/08,,rc-strasbourg,olympique-de-marseille,0.0,0.0,0.0,0.0,0.0,69.0,72100000,0.0,0.0,0.0,0.0,0.0,73.85,58850000,,,,D
4191,2007/08,,olympique-lyonnais,aj-auxerre,0.0,0.0,0.0,0.0,0.0,72.74,89500000,0.0,0.0,0.0,0.0,0.0,0.0,0,,,,H
4192,2007/08,,fc-lorient,as-monaco,0.0,0.0,0.0,0.0,0.0,70.23,70850000,0.0,0.0,0.0,0.0,0.0,73.63,257100000,,,,H
4193,2007/08,,olympique-de-marseille,stade-rennais,0.0,0.0,0.0,0.0,0.0,73.85,58850000,0.0,0.0,0.0,0.0,0.0,73.39,253175000,,,,D
4194,2007/08,,ogc-nice,rc-strasbourg,0.0,0.0,0.0,0.0,0.0,73.28,89200000,0.0,0.0,0.0,0.0,0.0,69.0,72100000,,,,H
4195,2007/08,,toulouse-fc,olympique-lyonnais,0.0,0.0,0.0,0.0,0.0,68.76,60900000,0.0,0.0,0.0,0.0,0.0,72.74,89500000,,,,H
4196,2007/08,,rc-lens,paris-saint-germain,0.0,0.0,0.0,0.0,0.0,72.84,82750000,0.0,0.0,0.0,0.0,0.0,0.0,0,,,,D
4197,2007/08,,fc-metz,losc-lille,0.0,0.0,0.0,0.0,0.0,67.29,41450000,0.0,0.0,0.0,0.0,0.0,72.18,86050000,,,,A
4198,2007/08,,as-monaco,fc-metz,0.0,0.0,0.0,0.0,0.0,73.63,257100000,0.0,0.0,0.0,0.0,0.0,67.29,41450000,,,,H
4199,2007/08,,paris-saint-germain,fc-lorient,0.0,0.0,0.0,0.0,0.0,0.0,0,0.0,0.0,0.0,0.0,0.0,70.23,70850000,,,,A
4200,2007/08,,rc-strasbourg,aj-auxerre,0.0,0.0,0.0,0.0,0.0,69.0,72100000,0.0,0.0,0.0,0.0,0.0,0.0,0,,,,H
4201,2007/08,,fc-lorient,olympique-lyonnais,0.0,0.0,0.0,0.0,0.0,70.23,70850000,0.0,0.0,0.0,0.0,0.0,72.74,89500000,,,,H
4202,2007/08,,fc-metz,paris-saint-germain,0.0,0.0,0.0,0.0,0.0,67.29,41450000,0.0,0.0,0.0,0.0,0.0,0.0,0,,,,D
4203,2007/08,,toulouse-fc,rc-strasbourg,0.0,0.0,0.0,0.0,0.0,68.76,60900000,0.0,0.0,0.0,0.0,0.0,69.0,72100000,,,,A
4204,2007/08,,ogc-nice,stade-rennais,0.0,0.0,0.0,0.0,0.0,73.28,89200000,0.0,0.0,0.0,0.0,0.0,73.39,253175000,,,,D
4205,2007/08,,ogc-nice,toulouse-fc,0.0,0.0,0.0,0.0,0.0,73.28,89200000,0.0,0.0,0.0,0.0,0.0,68.76,60900000,,,,D
4206,2007/08,,stade-rennais,fc-metz,0.0,0.0,0.0,0.0,0.0,73.39,253175000,0.0,0.0,0.0,0.0,0.0,67.29,41450000,,,,H
4207,2007/08,,rc-strasbourg,rc-lens,0.0,0.0,0.0,0.0,0.0,69.0,72100000,0.0,0.0,0.0,0.0,0.0,72.84,82750000,,,,H
4208,2007/08,,paris-saint-germain,losc-lille,0.0,0.0,0.0,0.0,0.0,0.0,0,0.0,0.0,0.0,0.0,0.0,72.18,86050000,,,,D
4209,2007/08,,aj-auxerre,stade-rennais,0.0,0.0,0.0,0.0,0.0,0.0,0,0.0,0.0,0.0,0.0,0.0,73.39,253175000,,,,A
4210,2007/08,,losc-lille,as-monaco,0.0,0.0,0.0,0.0,0.0,72.18,86050000,0.0,0.0,0.0,0.0,0.0,73.63,257100000,,,,A
4211,2007/08,,olympique-de-marseille,ogc-nice,0.0,0.0,0.0,0.0,0.0,73.85,58850000,0.0,0.0,0.0,0.0,0.0,73.28,89200000,,,,A
4212,2007/08,,stade-rennais,losc-lille,0.0,0.0,0.0,0.0,0.0,73.39,253175000,0.0,0.0,0.0,0.0,0.0,72.18,86050000,,,,D
4213,2007/08,,rc-strasbourg,fc-lorient,0.0,0.0,0.0,0.0,0.0,69.0,72100000,0.0,0.0,0.0,0.0,0.0,70.23,70850000,,,,D
4214,2007/08,,toulouse-fc,aj-auxerre,0.0,0.0,0.0,0.0,0.0,68.76,60900000,0.0,0.0,0.0,0.0,0.0,0.0,0,,,,H
4215,2007/08,,ogc-nice,rc-lens,0.0,0.0,0.0,0.0,0.0,73.28,89200000,0.0,0.0,0.0,0.0,0.0,72.84,82750000,,,,H
4216,2007/08,,paris-saint-germain,olympique-de-marseille,0.0,0.0,0.0,0.0,0.0,0.0,0,0.0,0.0,0.0,0.0,0.0,73.85,58850000,,,,D
4217,2007/08,,aj-auxerre,ogc-nice,0.0,0.0,0.0,0.0,0.0,0.0,0,0.0,0.0,0.0,0.0,0.0,73.28,89200000,,,,H
4218,2007/08,,olympique-de-marseille,toulouse-fc,0.0,0.0,0.0,0.0,0.0,73.85,58850000,0.0,0.0,0.0,0.0,0.0,68.76,60900000,,,,A
4219,2007/08,,fc-metz,olympique-lyonnais,0.0,0.0,0.0,0.0,0.0,67.29,41450000,0.0,0.0,0.0,0.0,0.0,72.74,89500000,,,,A
4220,2007/08,,fc-lorient,stade-rennais,0.0,0.0,0.0,0.0,0.0,70.23,70850000,0.0,0.0,0.0,0.0,0.0,73.39,253175000,,,,A
4221,2007/08,,as-monaco,paris-saint-germain,0.0,0.0,0.0,0.0,0.0,73.63,257100000,0.0,0.0,0.0,0.0,0.0,0.0,0,,,,A
4222,2007/08,,aj-auxerre,olympique-de-marseille,0.0,0.0,0.0,0.0,0.0,0.0,0,0.0,0.0,0.0,0.0,0.0,73.85,58850000,,,,H
4223,2007/08,,toulouse-fc,rc-lens,0.0,0.0,0.0,0.0,0.0,68.76,60900000,0.0,0.0,0.0,0.0,0.0,72.84,82750000,,,,D
4224,2007/08,,olympique-lyonnais,losc-lille,0.0,0.0,0.0,0.0,0.0,72.74,89500000,0.0,0.0,0.0,0.0,0.0,72.18,86050000,,,,D
4225,2007/08,,olympique-lyonnais,rc-lens,0.0,0.0,0.0,0.0,0.0,72.74,89500000,0.0,0.0,0.0,0.0,0.0,72.84,82750000,,,,H
4226,2007/08,,rc-lens,aj-auxerre,0.0,0.0,0.0,0.0,0.0,72.84,82750000,0.0,0.0,0.0,0.0,0.0,0.0,0,,,,H
4227,2007/08,,fc-metz,rc-strasbourg,0.0,0.0,0.0,0.0,0.0,67.29,41450000,0.0,0.0,0.0,0.0,0.0,69.0,72100000,,,,A
4228,2007/08,,paris-saint-germain,stade-rennais,0.0,0.0,0.0,0.0,0.0,0.0,0,0.0,0.0,0.0,0.0,0.0,73.39,253175000,,,,A
4229,2007/08,,aj-auxerre,fc-lorient,0.0,0.0,0.0,0.0,0.0,0.0,0,0.0,0.0,0.0,0.0,0.0,70.23,70850000,,,,H
4230,2007/08,,olympique-lyonnais,as-monaco,0.0,0.0,0.0,0.0,0.0,72.74,89500000,0.0,0.0,0.0,0.0,0.0,73.63,257100000,,,,H
4231,2007/08,,ogc-nice,fc-metz,0.0,0.0,0.0,0.0,0.0,73.28,89200000,0.0,0.0,0.0,0.0,0.0,67.29,41450000,,,,H
4232,2007/08,,olympique-de-marseille,rc-lens,0.0,0.0,0.0,0.0,0.0,73.85,58850000,0.0,0.0,0.0,0.0,0.0,72.84,82750000,,,,H
4233,2007/08,,losc-lille,rc-strasbourg,0.0,0.0,0.0,0.0,0.0,72.18,86050000,0.0,0.0,0.0,0.0,0.0,69.0,72100000,,,,A
4234,2007/08,,fc-lorient,ogc-nice,0.0,0.0,0.0,0.0,0.0,70.23,70850000,0.0,0.0,0.0,0.0,0.0,73.28,89200000,,,,D
4235,2007/08,,rc-lens,stade-rennais,0.0,0.0,0.0,0.0,0.0,72.84,82750000,0.0,0.0,0.0,0.0,0.0,73.39,253175000,,,,A
4236,2007/08,,paris-saint-germain,olympique-lyonnais,0.0,0.0,0.0,0.0,0.0,0.0,0,0.0,0.0,0.0,0.0,0.0,72.74,89500000,,,,A
4237,2007/08,,aj-auxerre,losc-lille,0.0,0.0,0.0,0.0,0.0,0.0,0,0.0,0.0,0.0,0.0,0.0,72.18,86050000,,,,A
4238,2007/08,,olympique-de-marseille,fc-lorient,0.0,0.0,0.0,0.0,0.0,73.85,58850000,0.0,0.0,0.0,0.0,0.0,70.23,70850000,,,,D
4239,2007/08,,stade-rennais,as-monaco,0.0,0.0,0.0,0.0,0.0,73.39,253175000,0.0,0.0,0.0,0.0,0.0,73.63,257100000,,,,A
4240,2007/08,,rc-strasbourg,paris-saint-germain,0.0,0.0,0.0,0.0,0.0,69.0,72100000,0.0,0.0,0.0,0.0,0.0,0.0,0,,,,A
4241,2007/08,,toulouse-fc,fc-metz,0.0,0.0,0.0,0.0,0.0,68.76,60900000,0.0,0.0,0.0,0.0,0.0,67.29,41450000,,,,D
4242,2007/08,,losc-lille,ogc-nice,0.0,0.0,0.0,0.0,0.0,72.18,86050000,0.0,0.0,0.0,0.0,0.0,73.28,89200000,,,,D
4243,2007/08,,fc-metz,rc-lens,0.0,0.0,0.0,0.0,0.0,67.29,41450000,0.0,0.0,0.0,0.0,0.0,72.84,82750000,,,,A
4244,2007/08,,as-monaco,rc-strasbourg,0.0,0.0,0.0,0.0,0.0,73.63,257100000,0.0,0.0,0.0,0.0,0.0,69.0,72100000,,,,H
4245,2007/08,,fc-lorient,toulouse-fc,0.0,0.0,0.0,0.0,0.0,70.23,70850000,0.0,0.0,0.0,0.0,0.0,68.76,60900000,,,,H
4246,2007/08,,olympique-lyonnais,olympique-de-marseille,0.0,0.0,0.0,0.0,0.0,72.74,89500000,0.0,0.0,0.0,0.0,0.0,73.85,58850000,,,,A
4247,2007/08,,rc-lens,fc-lorient,0.0,0.0,0.0,0.0,0.0,72.84,82750000,0.0,0.0,0.0,0.0,0.0,70.23,70850000,,,,D
4248,2007/08,,olympique-de-marseille,fc-metz,0.0,0.0,0.0,0.0,0.0,73.85,58850000,0.0,0.0,0.0,0.0,0.0,67.29,41450000,,,,H
4249,2007/08,,stade-rennais,olympique-lyonnais,0.0,0.0,0.0,0.0,0.0,73.39,253175000,0.0,0.0,0.0,0.0,0.0,72.74,89500000,,,,A
4250,2007/08,,toulouse-fc,as-monaco,0.0,0.0,0.0,0.0,0.0,68.76,60900000,0.0,0.0,0.0,0.0,0.0,73.63,257100000,,,,D
4251,2007/08,,ogc-nice,paris-saint-germain,0.0,0.0,0.0,0.0,0.0,73.28,89200000,0.0,0.0,0.0,0.0,0.0,0.0,0,,,,H
4252,2007/08,,losc-lille,olympique-de-marseille,0.0,0.0,0.0,0.0,0.0,72.18,86050000,0.0,0.0,0.0,0.0,0.0,73.85,58850000,,,,D
4253,2007/08,,fc-metz,aj-auxerre,0.0,0.0,0.0,0.0,0.0,67.29,41450000,0.0,0.0,0.0,0.0,0.0,0.0,0,,,,A
4254,2007/08,,as-monaco,ogc-nice,0.0,0.0,0.0,0.0,0.0,73.63,257100000,0.0,0.0,0.0,0.0,0.0,73.28,89200000,,,,D
4255,2007/08,,olympique-lyonnais,rc-strasbourg,0.0,0.0,0.0,0.0,0.0,72.74,89500000,0.0,0.0,0.0,0.0,0.0,69.0,72100000,,,,H
4256,2007/08,,olympique-de-marseille,as-monaco,0.0,0.0,0.0,0.0,0.0,73.85,58850000,0.0,0.0,0.0,0.0,0.0,73.63,257100000,,,,H
4257,2007/08,,rc-strasbourg,stade-rennais,0.0,0.0,0.0,0.0,0.0,69.0,72100000,0.0,0.0,0.0,0.0,0.0,73.39,253175000,,,,H
4258,2007/08,,toulouse-fc,losc-lille,0.0,0.0,0.0,0.0,0.0,68.76,60900000,0.0,0.0,0.0,0.0,0.0,72.18,86050000,,,,H
4259,2007/08,,aj-auxerre,paris-saint-germain,0.0,0.0,0.0,0.0,0.0,0.0,0,0.0,0.0,0.0,0.0,0.0,0.0,0,,,,A
4260,2007/08,,olympique-lyonnais,ogc-nice,0.0,0.0,0.0,0.0,0.0,72.74,89500000,0.0,0.0,0.0,0.0,0.0,73.28,89200000,,,,D
4261,2007/08,,as-monaco,rc-lens,0.0,0.0,0.0,0.0,0.0,73.63,257100000,0.0,0.0,0.0,0.0,0.0,72.84,82750000,,,,H
4262,2007/08,,paris-saint-germain,toulouse-fc,0.0,0.0,0.0,0.0,0.0,0.0,0,0.0,0.0,0.0,0.0,0.0,68.76,60900000,,,,A
4263,2007/08,,aj-auxerre,as-monaco,0.0,0.0,0.0,0.0,0.0,0.0,0,0.0,0.0,0.0,0.0,0.0,73.63,257100000,,,,H
4264,2007/08,,fc-lorient,fc-metz,0.0,0.0,0.0,0.0,0.0,70.23,70850000,0.0,0.0,0.0,0.0,0.0,67.29,41450000,,,,H
4265,2007/08,,toulouse-fc,stade-rennais,0.0,0.0,0.0,0.0,0.0,68.76,60900000,0.0,0.0,0.0,0.0,0.0,73.39,253175000,,,,D
4266,2007/08,,losc-lille,fc-metz,0.0,0.0,0.0,0.0,0.0,72.18,86050000,0.0,0.0,0.0,0.0,0.0,67.29,41450000,,,,D
4267,2007/08,,olympique-lyonnais,toulouse-fc,0.0,0.0,0.0,0.0,0.0,72.74,89500000,0.0,0.0,0.0,0.0,0.0,68.76,60900000,,,,H
4268,2007/08,,as-monaco,fc-lorient,0.0,0.0,0.0,0.0,0.0,73.63,257100000,0.0,0.0,0.0,0.0,0.0,70.23,70850000,,,,H
4269,2007/08,,rc-strasbourg,ogc-nice,0.0,0.0,0.0,0.0,0.0,69.0,72100000,0.0,0.0,0.0,0.0,0.0,73.28,89200000,,,,A
4270,2007/08,,paris-saint-germain,rc-lens,0.0,0.0,0.0,0.0,0.0,0.0,0,0.0,0.0,0.0,0.0,0.0,72.84,82750000,,,,H
4271,2007/08,,stade-rennais,olympique-de-marseille,0.0,0.0,0.0,0.0,0.0,73.39,253175000,0.0,0.0,0.0,0.0,0.0,73.85,58850000,,,,H
4272,2007/08,,aj-auxerre,rc-strasbourg,0.0,0.0,0.0,0.0,0.0,0.0,0,0.0,0.0,0.0,0.0,0.0,69.0,72100000,,,,D
4273,2007/08,,fc-lorient,paris-saint-germain,0.0,0.0,0.0,0.0,0.0,70.23,70850000,0.0,0.0,0.0,0.0,0.0,0.0,0,,,,H
4274,2007/08,,fc-metz,as-monaco,0.0,0.0,0.0,0.0,0.0,67.29,41450000,0.0,0.0,0.0,0.0,0.0,73.63,257100000,,,,A
4275,2007/08,,rc-lens,olympique-lyonnais,0.0,0.0,0.0,0.0,0.0,72.84,82750000,0.0,0.0,0.0,0.0,0.0,72.74,89500000,,,,H
4276,2007/08,,olympique-lyonnais,fc-lorient,0.0,0.0,0.0,0.0,0.0,72.74,89500000,0.0,0.0,0.0,0.0,0.0,70.23,70850000,,,,H
4277,2007/08,,paris-saint-germain,fc-metz,0.0,0.0,0.0,0.0,0.0,0.0,0,0.0,0.0,0.0,0.0,0.0,67.29,41450000,,,,H
4278,2007/08,,stade-rennais,ogc-nice,0.0,0.0,0.0,0.0,0.0,73.39,253175000,0.0,0.0,0.0,0.0,0.0,73.28,89200000,,,,D
4279,2007/08,,rc-strasbourg,toulouse-fc,0.0,0.0,0.0,0.0,0.0,69.0,72100000,0.0,0.0,0.0,0.0,0.0,68.76,60900000,,,,H
4280,2007/08,,rc-lens,rc-strasbourg,0.0,0.0,0.0,0.0,0.0,72.84,82750000,0.0,0.0,0.0,0.0,0.0,69.0,72100000,,,,D
4281,2007/08,,losc-lille,paris-saint-germain,0.0,0.0,0.0,0.0,0.0,72.18,86050000,0.0,0.0,0.0,0.0,0.0,0.0,0,,,,D
4282,2007/08,,fc-metz,stade-rennais,0.0,0.0,0.0,0.0,0.0,67.29,41450000,0.0,0.0,0.0,0.0,0.0,73.39,253175000,,,,D
4283,2007/08,,toulouse-fc,ogc-nice,0.0,0.0,0.0,0.0,0.0,68.76,60900000,0.0,0.0,0.0,0.0,0.0,73.28,89200000,,,,D
4284,2007/08,,as-monaco,losc-lille,0.0,0.0,0.0,0.0,0.0,73.63,257100000,0.0,0.0,0.0,0.0,0.0,72.18,86050000,,,,D
4285,2007/08,,stade-rennais,aj-auxerre,0.0,0.0,0.0,0.0,0.0,73.39,253175000,0.0,0.0,0.0,0.0,0.0,0.0,0,,,,A
4286,2007/08,,ogc-nice,olympique-de-marseille,0.0,0.0,0.0,0.0,0.0,73.28,89200000,0.0,0.0,0.0,0.0,0.0,73.85,58850000,,,,A
4287,2007/08,,aj-auxerre,toulouse-fc,0.0,0.0,0.0,0.0,0.0,0.0,0,0.0,0.0,0.0,0.0,0.0,68.76,60900000,,,,H
4288,2007/08,,rc-lens,ogc-nice,0.0,0.0,0.0,0.0,0.0,72.84,82750000,0.0,0.0,0.0,0.0,0.0,73.28,89200000,,,,D
4289,2007/08,,losc-lille,stade-rennais,0.0,0.0,0.0,0.0,0.0,72.18,86050000,0.0,0.0,0.0,0.0,0.0,73.39,253175000,,,,H
4290,2007/08,,fc-lorient,rc-strasbourg,0.0,0.0,0.0,0.0,0.0,70.23,70850000,0.0,0.0,0.0,0.0,0.0,69.0,72100000,,,,H
4291,2007/08,,olympique-de-marseille,paris-saint-germain,0.0,0.0,0.0,0.0,0.0,73.85,58850000,0.0,0.0,0.0,0.0,0.0,0.0,0,,,,H
4292,2007/08,,olympique-lyonnais,fc-metz,0.0,0.0,0.0,0.0,0.0,72.74,89500000,0.0,0.0,0.0,0.0,0.0,67.29,41450000,,,,H
4293,2007/08,,ogc-nice,aj-auxerre,0.0,0.0,0.0,0.0,0.0,73.28,89200000,0.0,0.0,0.0,0.0,0.0,0.0,0,,,,A
4294,2007/08,,paris-saint-germain,as-monaco,0.0,0.0,0.0,0.0,0.0,0.0,0,0.0,0.0,0.0,0.0,0.0,73.63,257100000,,,,D
4295,2007/08,,stade-rennais,fc-lorient,0.0,0.0,0.0,0.0,0.0,73.39,253175000,0.0,0.0,0.0,0.0,0.0,70.23,70850000,,,,H
4296,2007/08,,toulouse-fc,olympique-de-marseille,0.0,0.0,0.0,0.0,0.0,68.76,60900000,0.0,0.0,0.0,0.0,0.0,73.85,58850000,,,,D
4297,2007/08,,rc-lens,toulouse-fc,0.0,0.0,0.0,0.0,0.0,72.84,82750000,0.0,0.0,0.0,0.0,0.0,68.76,60900000,,,,D
4298,2007/08,,losc-lille,olympique-lyonnais,0.0,0.0,0.0,0.0,0.0,72.18,86050000,0.0,0.0,0.0,0.0,0.0,72.74,89500000,,,,A
4299,2007/08,,olympique-de-marseille,aj-auxerre,0.0,0.0,0.0,0.0,0.0,73.85,58850000,0.0,0.0,0.0,0.0,0.0,0.0,0,,,,H
4300,2007/08,,aj-auxerre,rc-lens,0.0,0.0,0.0,0.0,0.0,0.0,0,0.0,0.0,0.0,0.0,0.0,72.84,82750000,,,,D
4301,2007/08,,stade-rennais,paris-saint-germain,0.0,0.0,0.0,0.0,0.0,73.39,253175000,0.0,0.0,0.0,0.0,0.0,0.0,0,,,,H
4302,2007/08,,rc-strasbourg,fc-metz,0.0,0.0,0.0,0.0,0.0,69.0,72100000,0.0,0.0,0.0,0.0,0.0,67.29,41450000,,,,A
4303,2007/08,,rc-lens,losc-lille,0.0,0.0,0.0,0.0,0.0,72.84,82750000,0.0,0.0,0.0,0.0,0.0,72.18,86050000,,,,A
4304,2007/08,,fc-lorient,aj-auxerre,0.0,0.0,0.0,0.0,0.0,70.23,70850000,0.0,0.0,0.0,0.0,0.0,0.0,0,,,,D
4305,2007/08,,fc-metz,ogc-nice,0.0,0.0,0.0,0.0,0.0,67.29,41450000,0.0,0.0,0.0,0.0,0.0,73.28,89200000,,,,A
4306,2007/08,,as-monaco,olympique-lyonnais,0.0,0.0,0.0,0.0,0.0,73.63,257100000,0.0,0.0,0.0,0.0,0.0,72.74,89500000,,,,A
4307,2007/08,,rc-lens,olympique-de-marseille,0.0,0.0,0.0,0.0,0.0,72.84,82750000,0.0,0.0,0.0,0.0,0.0,73.85,58850000,,,,D
4308,2007/08,,ogc-nice,fc-lorient,0.0,0.0,0.0,0.0,0.0,73.28,89200000,0.0,0.0,0.0,0.0,0.0,70.23,70850000,,,,A
4309,2007/08,,rc-strasbourg,losc-lille,0.0,0.0,0.0,0.0,0.0,69.0,72100000,0.0,0.0,0.0,0.0,0.0,72.18,86050000,,,,A
4310,2007/08,,olympique-lyonnais,paris-saint-germain,0.0,0.0,0.0,0.0,0.0,72.74,89500000,0.0,0.0,0.0,0.0,0.0,0.0,0,,,,H
4311,2007/08,,stade-rennais,rc-lens,0.0,0.0,0.0,0.0,0.0,73.39,253175000,0.0,0.0,0.0,0.0,0.0,72.84,82750000,,,,H
4312,2007/08,,losc-lille,aj-auxerre,0.0,0.0,0.0,0.0,0.0,72.18,86050000,0.0,0.0,0.0,0.0,0.0,0.0,0,,,,A
4313,2007/08,,fc-lorient,olympique-de-marseille,0.0,0.0,0.0,0.0,0.0,70.23,70850000,0.0,0.0,0.0,0.0,0.0,73.85,58850000,,,,A
4314,2007/08,,fc-metz,toulouse-fc,0.0,0.0,0.0,0.0,0.0,67.29,41450000,0.0,0.0,0.0,0.0,0.0,68.76,60900000,,,,A
4315,2007/08,,as-monaco,stade-rennais,0.0,0.0,0.0,0.0,0.0,73.63,257100000,0.0,0.0,0.0,0.0,0.0,73.39,253175000,,,,A
4316,2007/08,,paris-saint-germain,rc-strasbourg,0.0,0.0,0.0,0.0,0.0,0.0,0,0.0,0.0,0.0,0.0,0.0,69.0,72100000,,,,H
4317,2007/08,,rc-lens,fc-metz,0.0,0.0,0.0,0.0,0.0,72.84,82750000,0.0,0.0,0.0,0.0,0.0,67.29,41450000,,,,D
4318,2007/08,,ogc-nice,losc-lille,0.0,0.0,0.0,0.0,0.0,73.28,89200000,0.0,0.0,0.0,0.0,0.0,72.18,86050000,,,,D
4319,2007/08,,rc-strasbourg,as-monaco,0.0,0.0,0.0,0.0,0.0,69.0,72100000,0.0,0.0,0.0,0.0,0.0,73.63,257100000,,,,A
4320,2007/08,,toulouse-fc,fc-lorient,0.0,0.0,0.0,0.0,0.0,68.76,60900000,0.0,0.0,0.0,0.0,0.0,70.23,70850000,,,,D
4321,2007/08,,olympique-de-marseille,olympique-lyonnais,0.0,0.0,0.0,0.0,0.0,73.85,58850000,0.0,0.0,0.0,0.0,0.0,72.74,89500000,,,,H
4322,2007/08,,fc-lorient,rc-lens,0.0,0.0,0.0,0.0,0.0,70.23,70850000,0.0,0.0,0.0,0.0,0.0,72.84,82750000,,,,H
4323,2007/08,,olympique-lyonnais,stade-rennais,0.0,0.0,0.0,0.0,0.0,72.74,89500000,0.0,0.0,0.0,0.0,0.0,73.39,253175000,,,,D
4324,2007/08,,fc-metz,olympique-de-marseille,0.0,0.0,0.0,0.0,0.0,67.29,41450000,0.0,0.0,0.0,0.0,0.0,73.85,58850000,,,,A
4325,2007/08,,as-monaco,toulouse-fc,0.0,0.0,0.0,0.0,0.0,73.63,257100000,0.0,0.0,0.0,0.0,0.0,68.76,60900000,,,,A
4326,2007/08,,paris-saint-germain,ogc-nice,0.0,0.0,0.0,0.0,0.0,0.0,0,0.0,0.0,0.0,0.0,0.0,73.28,89200000,,,,A
4327,2007/08,,aj-auxerre,fc-metz,0.0,0.0,0.0,0.0,0.0,0.0,0,0.0,0.0,0.0,0.0,0.0,67.29,41450000,,,,D
4328,2007/08,,ogc-nice,as-monaco,0.0,0.0,0.0,0.0,0.0,73.28,89200000,0.0,0.0,0.0,0.0,0.0,73.63,257100000,,,,A
4329,2007/08,,rc-strasbourg,olympique-lyonnais,0.0,0.0,0.0,0.0,0.0,69.0,72100000,0.0,0.0,0.0,0.0,0.0,72.74,89500000,,,,A
4330,2007/08,,olympique-de-marseille,losc-lille,0.0,0.0,0.0,0.0,0.0,73.85,58850000,0.0,0.0,0.0,0.0,0.0,72.18,86050000,,,,A
4331,2007/08,,losc-lille,toulouse-fc,0.0,0.0,0.0,0.0,0.0,72.18,86050000,0.0,0.0,0.0,0.0,0.0,68.76,60900000,,,,H
4332,2007/08,,paris-saint-germain,aj-auxerre,0.0,0.0,0.0,0.0,0.0,0.0,0,0.0,0.0,0.0,0.0,0.0,0.0,0,,,,H
4333,2007/08,,stade-rennais,rc-strasbourg,0.0,0.0,0.0,0.0,0.0,73.39,253175000,0.0,0.0,0.0,0.0,0.0,69.0,72100000,,,,H
4334,2007/08,,as-monaco,olympique-de-marseille,0.0,0.0,0.0,0.0,0.0,73.63,257100000,0.0,0.0,0.0,0.0,0.0,73.85,58850000,,,,A
4335,2007/08,,rc-lens,as-monaco,0.0,0.0,0.0,0.0,0.0,72.84,82750000,0.0,0.0,0.0,0.0,0.0,73.63,257100000,,,,D
4336,2007/08,,ogc-nice,olympique-lyonnais,0.0,0.0,0.0,0.0,0.0,73.28,89200000,0.0,0.0,0.0,0.0,0.0,72.74,89500000,,,,D
4337,2007/08,,toulouse-fc,paris-saint-germain,0.0,0.0,0.0,0.0,0.0,68.76,60900000,0.0,0.0,0.0,0.0,0.0,0.0,0,,,,D
4338,2007/08,,losc-lille,rc-lens,0.0,0.0,0.0,0.0,0.0,72.18,86050000,0.0,0.0,0.0,0.0,0.0,72.84,82750000,,,,H
4339,2007/08,,fc-metz,fc-lorient,0.0,0.0,0.0,0.0,0.0,67.29,41450000,0.0,0.0,0.0,0.0,0.0,70.23,70850000,,,,A
4340,2007/08,,as-monaco,aj-auxerre,0.0,0.0,0.0,0.0,0.0,73.63,257100000,0.0,0.0,0.0,0.0,0.0,0.0,0,,,,H
4341,2007/08,,stade-rennais,toulouse-fc,0.0,0.0,0.0,0.0,0.0,73.39,253175000,0.0,0.0,0.0,0.0,0.0,68.76,60900000,,,,H
4342,2007/08,,aj-auxerre,olympique-lyonnais,0.0,0.0,0.0,0.0,0.0,0.0,0,0.0,0.0,0.0,0.0,0.0,72.74,89500000,,,,A
4343,2007/08,,fc-lorient,losc-lille,0.0,0.0,0.0,0.0,0.0,70.23,70850000,0.0,0.0,0.0,0.0,0.0,72.18,86050000,,,,D
4344,2007/08,,olympique-de-marseille,rc-strasbourg,0.0,0.0,0.0,0.0,0.0,73.85,58850000,0.0,0.0,0.0,0.0,0.0,69.0,72100000,,,,H
4345,2008/09,,aj-auxerre,fc-nantes,0.0,0.0,0.0,0.0,0.0,0.0,0,0.0,0.0,0.0,0.0,0.0,69.58,54600000,,,,H
4346,2008/09,,as-monaco,paris-saint-germain,0.0,0.0,0.0,0.0,0.0,73.63,257100000,0.0,0.0,0.0,0.0,0.0,0.0,0,,,,H
4347,2008/09,,stade-rennais,olympique-de-marseille,0.0,0.0,0.0,0.0,0.0,73.39,253175000,0.0,0.0,0.0,0.0,0.0,73.85,58850000,,,,D
4348,2008/09,,olympique-lyonnais,toulouse-fc,0.0,0.0,0.0,0.0,0.0,72.74,89500000,0.0,0.0,0.0,0.0,0.0,68.76,60900000,,,,H
4349,2008/09,,fc-nantes,as-monaco,0.0,0.0,0.0,0.0,0.0,69.58,54600000,0.0,0.0,0.0,0.0,0.0,73.63,257100000,,,,D
4350,2008/09,,fc-lorient,olympique-lyonnais,0.0,0.0,0.0,0.0,0.0,70.23,70850000,0.0,0.0,0.0,0.0,0.0,72.74,89500000,,,,D
4351,2008/09,,olympique-de-marseille,aj-auxerre,0.0,0.0,0.0,0.0,0.0,73.85,58850000,0.0,0.0,0.0,0.0,0.0,0.0,0,,,,H
4352,2008/09,,aj-auxerre,ogc-nice,0.0,0.0,0.0,0.0,0.0,0.0,0,0.0,0.0,0.0,0.0,0.0,73.28,89200000,,,,A
4353,2008/09,,stade-rennais,losc-lille,0.0,0.0,0.0,0.0,0.0,73.39,253175000,0.0,0.0,0.0,0.0,0.0,72.18,86050000,,,,H
4354,2008/09,,fc-lorient,aj-auxerre,0.0,0.0,0.0,0.0,0.0,70.23,70850000,0.0,0.0,0.0,0.0,0.0,0.0,0,,,,A
4355,2008/09,,toulouse-fc,stade-rennais,0.0,0.0,0.0,0.0,0.0,68.76,60900000,0.0,0.0,0.0,0.0,0.0,73.39,253175000,,,,D
4356,2008/09,,olympique-lyonnais,ogc-nice,0.0,0.0,0.0,0.0,0.0,72.74,89500000,0.0,0.0,0.0,0.0,0.0,73.28,89200000,,,,H
4357,2008/09,,as-monaco,fc-lorient,0.0,0.0,0.0,0.0,0.0,73.63,257100000,0.0,0.0,0.0,0.0,0.0,70.23,70850000,,,,H
4358,2008/09,,paris-saint-germain,fc-nantes,0.0,0.0,0.0,0.0,0.0,0.0,0,0.0,0.0,0.0,0.0,0.0,69.58,54600000,,,,H
4359,2008/09,,losc-lille,aj-auxerre,0.0,0.0,0.0,0.0,0.0,72.18,86050000,0.0,0.0,0.0,0.0,0.0,0.0,0,,,,H
4360,2008/09,,olympique-de-marseille,as-monaco,0.0,0.0,0.0,0.0,0.0,73.85,58850000,0.0,0.0,0.0,0.0,0.0,73.63,257100000,,,,D
4361,2008/09,,stade-rennais,ogc-nice,0.0,0.0,0.0,0.0,0.0,73.39,253175000,0.0,0.0,0.0,0.0,0.0,73.28,89200000,,,,H
4362,2008/09,,as-monaco,losc-lille,0.0,0.0,0.0,0.0,0.0,73.63,257100000,0.0,0.0,0.0,0.0,0.0,72.18,86050000,,,,A
4363,2008/09,,toulouse-fc,aj-auxerre,0.0,0.0,0.0,0.0,0.0,68.76,60900000,0.0,0.0,0.0,0.0,0.0,0.0,0,,,,H
4364,2008/09,,stade-rennais,olympique-lyonnais,0.0,0.0,0.0,0.0,0.0,73.39,253175000,0.0,0.0,0.0,0.0,0.0,72.74,89500000,,,,H
4365,2008/09,,olympique-lyonnais,losc-lille,0.0,0.0,0.0,0.0,0.0,72.74,89500000,0.0,0.0,0.0,0.0,0.0,72.18,86050000,,,,D
4366,2008/09,,as-monaco,ogc-nice,0.0,0.0,0.0,0.0,0.0,73.63,257100000,0.0,0.0,0.0,0.0,0.0,73.28,89200000,,,,A
4367,2008/09,,paris-saint-germain,fc-lorient,0.0,0.0,0.0,0.0,0.0,0.0,0,0.0,0.0,0.0,0.0,0.0,70.23,70850000,,,,H
4368,2008/09,,aj-auxerre,stade-rennais,0.0,0.0,0.0,0.0,0.0,0.0,0,0.0,0.0,0.0,0.0,0.0,73.39,253175000,,,,D
4369,2008/09,,aj-auxerre,olympique-lyonnais,0.0,0.0,0.0,0.0,0.0,0.0,0,0.0,0.0,0.0,0.0,0.0,72.74,89500000,,,,D
4370,2008/09,,fc-lorient,fc-nantes,0.0,0.0,0.0,0.0,0.0,70.23,70850000,0.0,0.0,0.0,0.0,0.0,69.58,54600000,,,,H
4371,2008/09,,toulouse-fc,as-monaco,0.0,0.0,0.0,0.0,0.0,68.76,60900000,0.0,0.0,0.0,0.0,0.0,73.63,257100000,,,,D
4372,2008/09,,olympique-de-marseille,paris-saint-germain,0.0,0.0,0.0,0.0,0.0,73.85,58850000,0.0,0.0,0.0,0.0,0.0,0.0,0,,,,A
4373,2008/09,,fc-nantes,olympique-de-marseille,0.0,0.0,0.0,0.0,0.0,69.58,54600000,0.0,0.0,0.0,0.0,0.0,73.85,58850000,,,,D
4374,2008/09,,paris-saint-germain,toulouse-fc,0.0,0.0,0.0,0.0,0.0,0.0,0,0.0,0.0,0.0,0.0,0.0,68.76,60900000,,,,A
4375,2008/09,,losc-lille,fc-nantes,0.0,0.0,0.0,0.0,0.0,72.18,86050000,0.0,0.0,0.0,0.0,0.0,69.58,54600000,,,,H
4376,2008/09,,ogc-nice,paris-saint-germain,0.0,0.0,0.0,0.0,0.0,73.28,89200000,0.0,0.0,0.0,0.0,0.0,0.0,0,,,,H
4377,2008/09,,fc-lorient,ogc-nice,0.0,0.0,0.0,0.0,0.0,70.23,70850000,0.0,0.0,0.0,0.0,0.0,73.28,89200000,,,,A
4378,2008/09,,as-monaco,olympique-lyonnais,0.0,0.0,0.0,0.0,0.0,73.63,257100000,0.0,0.0,0.0,0.0,0.0,72.74,89500000,,,,A
4379,2008/09,,fc-nantes,toulouse-fc,0.0,0.0,0.0,0.0,0.0,69.58,54600000,0.0,0.0,0.0,0.0,0.0,68.76,60900000,,,,D
4380,2008/09,,paris-saint-germain,losc-lille,0.0,0.0,0.0,0.0,0.0,0.0,0,0.0,0.0,0.0,0.0,0.0,72.18,86050000,,,,H
4381,2008/09,,olympique-de-marseille,fc-lorient,0.0,0.0,0.0,0.0,0.0,73.85,58850000,0.0,0.0,0.0,0.0,0.0,70.23,70850000,,,,A
4382,2008/09,,ogc-nice,fc-nantes,0.0,0.0,0.0,0.0,0.0,73.28,89200000,0.0,0.0,0.0,0.0,0.0,69.58,54600000,,,,H
4383,2008/09,,stade-rennais,as-monaco,0.0,0.0,0.0,0.0,0.0,73.39,253175000,0.0,0.0,0.0,0.0,0.0,73.63,257100000,,,,H
4384,2008/09,,fc-lorient,toulouse-fc,0.0,0.0,0.0,0.0,0.0,70.23,70850000,0.0,0.0,0.0,0.0,0.0,68.76,60900000,,,,H
4385,2008/09,,paris-saint-germain,olympique-lyonnais,0.0,0.0,0.0,0.0,0.0,0.0,0,0.0,0.0,0.0,0.0,0.0,72.74,89500000,,,,H
4386,2008/09,,olympique-de-marseille,losc-lille,0.0,0.0,0.0,0.0,0.0,73.85,58850000,0.0,0.0,0.0,0.0,0.0,72.18,86050000,,,,D
4387,2008/09,,aj-auxerre,as-monaco,0.0,0.0,0.0,0.0,0.0,0.0,0,0.0,0.0,0.0,0.0,0.0,73.63,257100000,,,,A
4388,2008/09,,losc-lille,fc-lorient,0.0,0.0,0.0,0.0,0.0,72.18,86050000,0.0,0.0,0.0,0.0,0.0,70.23,70850000,,,,D
4389,2008/09,,stade-rennais,paris-saint-germain,0.0,0.0,0.0,0.0,0.0,73.39,253175000,0.0,0.0,0.0,0.0,0.0,0.0,0,,,,H
4390,2008/09,,toulouse-fc,olympique-de-marseille,0.0,0.0,0.0,0.0,0.0,68.76,60900000,0.0,0.0,0.0,0.0,0.0,73.85,58850000,,,,D
4391,2008/09,,losc-lille,toulouse-fc,0.0,0.0,0.0,0.0,0.0,72.18,86050000,0.0,0.0,0.0,0.0,0.0,68.76,60900000,,,,D
4392,2008/09,,olympique-de-marseille,ogc-nice,0.0,0.0,0.0,0.0,0.0,73.85,58850000,0.0,0.0,0.0,0.0,0.0,73.28,89200000,,,,H
4393,2008/09,,fc-nantes,olympique-lyonnais,0.0,0.0,0.0,0.0,0.0,69.58,54600000,0.0,0.0,0.0,0.0,0.0,72.74,89500000,,,,H
4394,2008/09,,aj-auxerre,paris-saint-germain,0.0,0.0,0.0,0.0,0.0,0.0,0,0.0,0.0,0.0,0.0,0.0,0.0,0,,,,A
4395,2008/09,,stade-rennais,fc-nantes,0.0,0.0,0.0,0.0,0.0,73.39,253175000,0.0,0.0,0.0,0.0,0.0,69.58,54600000,,,,D
4396,2008/09,,olympique-lyonnais,olympique-de-marseille,0.0,0.0,0.0,0.0,0.0,72.74,89500000,0.0,0.0,0.0,0.0,0.0,73.85,58850000,,,,D
4397,2008/09,,ogc-nice,losc-lille,0.0,0.0,0.0,0.0,0.0,73.28,89200000,0.0,0.0,0.0,0.0,0.0,72.18,86050000,,,,A
4398,2008/09,,fc-lorient,stade-rennais,0.0,0.0,0.0,0.0,0.0,70.23,70850000,0.0,0.0,0.0,0.0,0.0,73.39,253175000,,,,A
4399,2008/09,,toulouse-fc,ogc-nice,0.0,0.0,0.0,0.0,0.0,68.76,60900000,0.0,0.0,0.0,0.0,0.0,73.28,89200000,,,,D
4400,2008/09,,aj-auxerre,olympique-de-marseille,0.0,0.0,0.0,0.0,0.0,0.0,0,0.0,0.0,0.0,0.0,0.0,73.85,58850000,,,,A
4401,2008/09,,olympique-lyonnais,fc-lorient,0.0,0.0,0.0,0.0,0.0,72.74,89500000,0.0,0.0,0.0,0.0,0.0,70.23,70850000,,,,D
4402,2008/09,,as-monaco,fc-nantes,0.0,0.0,0.0,0.0,0.0,73.63,257100000,0.0,0.0,0.0,0.0,0.0,69.58,54600000,,,,A
4403,2008/09,,ogc-nice,aj-auxerre,0.0,0.0,0.0,0.0,0.0,73.28,89200000,0.0,0.0,0.0,0.0,0.0,0.0,0,,,,H
4404,2008/09,,losc-lille,stade-rennais,0.0,0.0,0.0,0.0,0.0,72.18,86050000,0.0,0.0,0.0,0.0,0.0,73.39,253175000,,,,H
4405,2008/09,,aj-auxerre,fc-lorient,0.0,0.0,0.0,0.0,0.0,0.0,0,0.0,0.0,0.0,0.0,0.0,70.23,70850000,,,,D
4406,2008/09,,stade-rennais,toulouse-fc,0.0,0.0,0.0,0.0,0.0,73.39,253175000,0.0,0.0,0.0,0.0,0.0,68.76,60900000,,,,D
4407,2008/09,,fc-lorient,as-monaco,0.0,0.0,0.0,0.0,0.0,70.23,70850000,0.0,0.0,0.0,0.0,0.0,73.63,257100000,,,,D
4408,2008/09,,fc-nantes,paris-saint-germain,0.0,0.0,0.0,0.0,0.0,69.58,54600000,0.0,0.0,0.0,0.0,0.0,0.0,0,,,,A
4409,2008/09,,ogc-nice,olympique-lyonnais,0.0,0.0,0.0,0.0,0.0,73.28,89200000,0.0,0.0,0.0,0.0,0.0,72.74,89500000,,,,A
4410,2008/09,,aj-auxerre,losc-lille,0.0,0.0,0.0,0.0,0.0,0.0,0,0.0,0.0,0.0,0.0,0.0,72.18,86050000,,,,H
4411,2008/09,,as-monaco,olympique-de-marseille,0.0,0.0,0.0,0.0,0.0,73.63,257100000,0.0,0.0,0.0,0.0,0.0,73.85,58850000,,,,A
4412,2008/09,,ogc-nice,stade-rennais,0.0,0.0,0.0,0.0,0.0,73.28,89200000,0.0,0.0,0.0,0.0,0.0,73.39,253175000,,,,A
4413,2008/09,,losc-lille,as-monaco,0.0,0.0,0.0,0.0,0.0,72.18,86050000,0.0,0.0,0.0,0.0,0.0,73.63,257100000,,,,H
4414,2008/09,,aj-auxerre,toulouse-fc,0.0,0.0,0.0,0.0,0.0,0.0,0,0.0,0.0,0.0,0.0,0.0,68.76,60900000,,,,D
4415,2008/09,,olympique-lyonnais,stade-rennais,0.0,0.0,0.0,0.0,0.0,72.74,89500000,0.0,0.0,0.0,0.0,0.0,73.39,253175000,,,,D
4416,2008/09,,losc-lille,olympique-lyonnais,0.0,0.0,0.0,0.0,0.0,72.18,86050000,0.0,0.0,0.0,0.0,0.0,72.74,89500000,,,,H
4417,2008/09,,fc-lorient,paris-saint-germain,0.0,0.0,0.0,0.0,0.0,70.23,70850000,0.0,0.0,0.0,0.0,0.0,0.0,0,,,,A
4418,2008/09,,ogc-nice,as-monaco,0.0,0.0,0.0,0.0,0.0,73.28,89200000,0.0,0.0,0.0,0.0,0.0,73.63,257100000,,,,D
4419,2008/09,,stade-rennais,aj-auxerre,0.0,0.0,0.0,0.0,0.0,73.39,253175000,0.0,0.0,0.0,0.0,0.0,0.0,0,,,,H
4420,2008/09,,as-monaco,toulouse-fc,0.0,0.0,0.0,0.0,0.0,73.63,257100000,0.0,0.0,0.0,0.0,0.0,68.76,60900000,,,,H
4421,2008/09,,fc-nantes,fc-lorient,0.0,0.0,0.0,0.0,0.0,69.58,54600000,0.0,0.0,0.0,0.0,0.0,70.23,70850000,,,,D
4422,2008/09,,olympique-lyonnais,aj-auxerre,0.0,0.0,0.0,0.0,0.0,72.74,89500000,0.0,0.0,0.0,0.0,0.0,0.0,0,,,,A
4423,2008/09,,paris-saint-germain,olympique-de-marseille,0.0,0.0,0.0,0.0,0.0,0.0,0,0.0,0.0,0.0,0.0,0.0,73.85,58850000,,,,A
4424,2008/09,,olympique-de-marseille,fc-nantes,0.0,0.0,0.0,0.0,0.0,73.85,58850000,0.0,0.0,0.0,0.0,0.0,69.58,54600000,,,,H
4425,2008/09,,toulouse-fc,paris-saint-germain,0.0,0.0,0.0,0.0,0.0,68.76,60900000,0.0,0.0,0.0,0.0,0.0,0.0,0,,,,H
4426,2008/09,,fc-nantes,losc-lille,0.0,0.0,0.0,0.0,0.0,69.58,54600000,0.0,0.0,0.0,0.0,0.0,72.18,86050000,,,,A
4427,2008/09,,paris-saint-germain,ogc-nice,0.0,0.0,0.0,0.0,0.0,0.0,0,0.0,0.0,0.0,0.0,0.0,73.28,89200000,,,,H
4428,2008/09,,ogc-nice,fc-lorient,0.0,0.0,0.0,0.0,0.0,73.28,89200000,0.0,0.0,0.0,0.0,0.0,70.23,70850000,,,,H
4429,2008/09,,toulouse-fc,fc-nantes,0.0,0.0,0.0,0.0,0.0,68.76,60900000,0.0,0.0,0.0,0.0,0.0,69.58,54600000,,,,H
4430,2008/09,,losc-lille,paris-saint-germain,0.0,0.0,0.0,0.0,0.0,72.18,86050000,0.0,0.0,0.0,0.0,0.0,0.0,0,,,,D
4431,2008/09,,olympique-lyonnais,as-monaco,0.0,0.0,0.0,0.0,0.0,72.74,89500000,0.0,0.0,0.0,0.0,0.0,73.63,257100000,,,,D
4432,2008/09,,as-monaco,stade-rennais,0.0,0.0,0.0,0.0,0.0,73.63,257100000,0.0,0.0,0.0,0.0,0.0,73.39,253175000,,,,H
4433,2008/09,,fc-nantes,ogc-nice,0.0,0.0,0.0,0.0,0.0,69.58,54600000,0.0,0.0,0.0,0.0,0.0,73.28,89200000,,,,H
4434,2008/09,,fc-lorient,olympique-de-marseille,0.0,0.0,0.0,0.0,0.0,70.23,70850000,0.0,0.0,0.0,0.0,0.0,73.85,58850000,,,,A
4435,2008/09,,olympique-lyonnais,paris-saint-germain,0.0,0.0,0.0,0.0,0.0,72.74,89500000,0.0,0.0,0.0,0.0,0.0,0.0,0,,,,D
4436,2008/09,,losc-lille,olympique-de-marseille,0.0,0.0,0.0,0.0,0.0,72.18,86050000,0.0,0.0,0.0,0.0,0.0,73.85,58850000,,,,A
4437,2008/09,,toulouse-fc,fc-lorient,0.0,0.0,0.0,0.0,0.0,68.76,60900000,0.0,0.0,0.0,0.0,0.0,70.23,70850000,,,,D
4438,2008/09,,fc-lorient,losc-lille,0.0,0.0,0.0,0.0,0.0,70.23,70850000,0.0,0.0,0.0,0.0,0.0,72.18,86050000,,,,H
4439,2008/09,,olympique-de-marseille,toulouse-fc,0.0,0.0,0.0,0.0,0.0,73.85,58850000,0.0,0.0,0.0,0.0,0.0,68.76,60900000,,,,D
4440,2008/09,,as-monaco,aj-auxerre,0.0,0.0,0.0,0.0,0.0,73.63,257100000,0.0,0.0,0.0,0.0,0.0,0.0,0,,,,A
4441,2008/09,,paris-saint-germain,stade-rennais,0.0,0.0,0.0,0.0,0.0,0.0,0,0.0,0.0,0.0,0.0,0.0,73.39,253175000,,,,A
4442,2008/09,,olympique-lyonnais,fc-nantes,0.0,0.0,0.0,0.0,0.0,72.74,89500000,0.0,0.0,0.0,0.0,0.0,69.58,54600000,,,,H
4443,2008/09,,ogc-nice,olympique-de-marseille,0.0,0.0,0.0,0.0,0.0,73.28,89200000,0.0,0.0,0.0,0.0,0.0,73.85,58850000,,,,A
4444,2008/09,,toulouse-fc,losc-lille,0.0,0.0,0.0,0.0,0.0,68.76,60900000,0.0,0.0,0.0,0.0,0.0,72.18,86050000,,,,D
4445,2008/09,,paris-saint-germain,aj-auxerre,0.0,0.0,0.0,0.0,0.0,0.0,0,0.0,0.0,0.0,0.0,0.0,0.0,0,,,,A
4446,2008/09,,losc-lille,ogc-nice,0.0,0.0,0.0,0.0,0.0,72.18,86050000,0.0,0.0,0.0,0.0,0.0,73.28,89200000,,,,D
4447,2008/09,,olympique-de-marseille,olympique-lyonnais,0.0,0.0,0.0,0.0,0.0,73.85,58850000,0.0,0.0,0.0,0.0,0.0,72.74,89500000,,,,A
4448,2008/09,,fc-nantes,stade-rennais,0.0,0.0,0.0,0.0,0.0,69.58,54600000,0.0,0.0,0.0,0.0,0.0,73.39,253175000,,,,D
4449,2008/09,,ogc-nice,toulouse-fc,0.0,0.0,0.0,0.0,0.0,73.28,89200000,0.0,0.0,0.0,0.0,0.0,68.76,60900000,,,,A
4450,2008/09,,stade-rennais,fc-lorient,0.0,0.0,0.0,0.0,0.0,73.39,253175000,0.0,0.0,0.0,0.0,0.0,70.23,70850000,,,,H
4451,2008/09,,olympique-de-marseille,stade-rennais,0.0,0.0,0.0,0.0,0.0,73.85,58850000,0.0,0.0,0.0,0.0,0.0,73.39,253175000,,,,H
4452,2008/09,,fc-nantes,aj-auxerre,0.0,0.0,0.0,0.0,0.0,69.58,54600000,0.0,0.0,0.0,0.0,0.0,0.0,0,,,,H
4453,2008/09,,paris-saint-germain,as-monaco,0.0,0.0,0.0,0.0,0.0,0.0,0,0.0,0.0,0.0,0.0,0.0,73.63,257100000,,,,D
4454,2008/09,,toulouse-fc,olympique-lyonnais,0.0,0.0,0.0,0.0,0.0,68.76,60900000,0.0,0.0,0.0,0.0,0.0,72.74,89500000,,,,D
4455,2009/10,,as-monaco,toulouse-fc,0.0,0.0,0.0,0.0,0.0,73.63,257100000,0.0,0.0,0.0,0.0,0.0,68.76,60900000,,,,H
4456,2009/10,,losc-lille,fc-lorient,0.0,0.0,0.0,0.0,0.0,72.18,86050000,0.0,0.0,0.0,0.0,0.0,70.23,70850000,,,,A
4457,2009/10,,rc-lens,aj-auxerre,0.0,0.0,0.0,0.0,0.0,72.84,82750000,0.0,0.0,0.0,0.0,0.0,0.0,0,,,,H
4458,2009/10,,olympique-de-marseille,losc-lille,0.0,0.0,0.0,0.0,0.0,73.85,58850000,0.0,0.0,0.0,0.0,0.0,72.18,86050000,,,,H
4459,2009/10,,ogc-nice,stade-rennais,0.0,0.0,0.0,0.0,0.0,73.28,89200000,0.0,0.0,0.0,0.0,0.0,73.39,253175000,,,,D
4460,2009/10,,aj-auxerre,olympique-lyonnais,0.0,0.0,0.0,0.0,0.0,0.0,0,0.0,0.0,0.0,0.0,0.0,72.74,89500000,,,,A
4461,2009/10,,as-monaco,fc-lorient,0.0,0.0,0.0,0.0,0.0,73.63,257100000,0.0,0.0,0.0,0.0,0.0,70.23,70850000,,,,H
4462,2009/10,,stade-rennais,olympique-de-marseille,0.0,0.0,0.0,0.0,0.0,73.39,253175000,0.0,0.0,0.0,0.0,0.0,73.85,58850000,,,,D
4463,2009/10,,losc-lille,toulouse-fc,0.0,0.0,0.0,0.0,0.0,72.18,86050000,0.0,0.0,0.0,0.0,0.0,68.76,60900000,,,,D
4464,2009/10,,rc-lens,stade-rennais,0.0,0.0,0.0,0.0,0.0,72.84,82750000,0.0,0.0,0.0,0.0,0.0,73.39,253175000,,,,D
4465,2009/10,,paris-saint-germain,losc-lille,0.0,0.0,0.0,0.0,0.0,0.0,0,0.0,0.0,0.0,0.0,0.0,72.18,86050000,,,,H
4466,2009/10,,olympique-lyonnais,fc-lorient,0.0,0.0,0.0,0.0,0.0,72.74,89500000,0.0,0.0,0.0,0.0,0.0,70.23,70850000,,,,H
4467,2009/10,,aj-auxerre,ogc-nice,0.0,0.0,0.0,0.0,0.0,0.0,0,0.0,0.0,0.0,0.0,0.0,73.28,89200000,,,,H
4468,2009/10,,as-monaco,paris-saint-germain,0.0,0.0,0.0,0.0,0.0,73.63,257100000,0.0,0.0,0.0,0.0,0.0,0.0,0,,,,H
4469,2009/10,,ogc-nice,as-monaco,0.0,0.0,0.0,0.0,0.0,73.28,89200000,0.0,0.0,0.0,0.0,0.0,73.63,257100000,,,,A
4470,2009/10,,rc-lens,losc-lille,0.0,0.0,0.0,0.0,0.0,72.84,82750000,0.0,0.0,0.0,0.0,0.0,72.18,86050000,,,,D
4471,2009/10,,paris-saint-germain,olympique-lyonnais,0.0,0.0,0.0,0.0,0.0,0.0,0,0.0,0.0,0.0,0.0,0.0,72.74,89500000,,,,D
4472,2009/10,,fc-lorient,paris-saint-germain,0.0,0.0,0.0,0.0,0.0,70.23,70850000,0.0,0.0,0.0,0.0,0.0,0.0,0,,,,D
4473,2009/10,,olympique-lyonnais,toulouse-fc,0.0,0.0,0.0,0.0,0.0,72.74,89500000,0.0,0.0,0.0,0.0,0.0,68.76,60900000,,,,H
4474,2009/10,,losc-lille,ogc-nice,0.0,0.0,0.0,0.0,0.0,72.18,86050000,0.0,0.0,0.0,0.0,0.0,73.28,89200000,,,,D
4475,2009/10,,rc-lens,olympique-lyonnais,0.0,0.0,0.0,0.0,0.0,72.84,82750000,0.0,0.0,0.0,0.0,0.0,72.74,89500000,,,,A
4476,2009/10,,stade-rennais,aj-auxerre,0.0,0.0,0.0,0.0,0.0,73.39,253175000,0.0,0.0,0.0,0.0,0.0,0.0,0,,,,A
4477,2009/10,,olympique-de-marseille,as-monaco,0.0,0.0,0.0,0.0,0.0,73.85,58850000,0.0,0.0,0.0,0.0,0.0,73.63,257100000,,,,A
4478,2009/10,,toulouse-fc,fc-lorient,0.0,0.0,0.0,0.0,0.0,68.76,60900000,0.0,0.0,0.0,0.0,0.0,70.23,70850000,,,,A
4479,2009/10,,losc-lille,stade-rennais,0.0,0.0,0.0,0.0,0.0,72.18,86050000,0.0,0.0,0.0,0.0,0.0,73.39,253175000,,,,D
4480,2009/10,,fc-lorient,ogc-nice,0.0,0.0,0.0,0.0,0.0,70.23,70850000,0.0,0.0,0.0,0.0,0.0,73.28,89200000,,,,H
4481,2009/10,,as-monaco,rc-lens,0.0,0.0,0.0,0.0,0.0,73.63,257100000,0.0,0.0,0.0,0.0,0.0,72.84,82750000,,,,H
4482,2009/10,,toulouse-fc,paris-saint-germain,0.0,0.0,0.0,0.0,0.0,68.76,60900000,0.0,0.0,0.0,0.0,0.0,0.0,0,,,,H
4483,2009/10,,ogc-nice,olympique-lyonnais,0.0,0.0,0.0,0.0,0.0,73.28,89200000,0.0,0.0,0.0,0.0,0.0,72.74,89500000,,,,H
4484,2009/10,,aj-auxerre,losc-lille,0.0,0.0,0.0,0.0,0.0,0.0,0,0.0,0.0,0.0,0.0,0.0,72.18,86050000,,,,H
4485,2009/10,,rc-lens,toulouse-fc,0.0,0.0,0.0,0.0,0.0,72.84,82750000,0.0,0.0,0.0,0.0,0.0,68.76,60900000,,,,A
4486,2009/10,,rc-lens,fc-lorient,0.0,0.0,0.0,0.0,0.0,72.84,82750000,0.0,0.0,0.0,0.0,0.0,70.23,70850000,,,,D
4487,2009/10,,olympique-de-marseille,toulouse-fc,0.0,0.0,0.0,0.0,0.0,73.85,58850000,0.0,0.0,0.0,0.0,0.0,68.76,60900000,,,,D
4488,2009/10,,paris-saint-germain,ogc-nice,0.0,0.0,0.0,0.0,0.0,0.0,0,0.0,0.0,0.0,0.0,0.0,73.28,89200000,,,,A
4489,2009/10,,olympique-lyonnais,olympique-de-marseille,0.0,0.0,0.0,0.0,0.0,72.74,89500000,0.0,0.0,0.0,0.0,0.0,73.85,58850000,,,,D
4490,2009/10,,toulouse-fc,stade-rennais,0.0,0.0,0.0,0.0,0.0,68.76,60900000,0.0,0.0,0.0,0.0,0.0,73.39,253175000,,,,H
4491,2009/10,,olympique-de-marseille,paris-saint-germain,0.0,0.0,0.0,0.0,0.0,73.85,58850000,0.0,0.0,0.0,0.0,0.0,0.0,0,,,,H
4492,2009/10,,aj-auxerre,as-monaco,0.0,0.0,0.0,0.0,0.0,0.0,0,0.0,0.0,0.0,0.0,0.0,73.63,257100000,,,,H
4493,2009/10,,ogc-nice,toulouse-fc,0.0,0.0,0.0,0.0,0.0,73.28,89200000,0.0,0.0,0.0,0.0,0.0,68.76,60900000,,,,H
4494,2009/10,,rc-lens,olympique-de-marseille,0.0,0.0,0.0,0.0,0.0,72.84,82750000,0.0,0.0,0.0,0.0,0.0,73.85,58850000,,,,H
4495,2009/10,,paris-saint-germain,aj-auxerre,0.0,0.0,0.0,0.0,0.0,0.0,0,0.0,0.0,0.0,0.0,0.0,0.0,0,,,,H
4496,2009/10,,olympique-lyonnais,stade-rennais,0.0,0.0,0.0,0.0,0.0,72.74,89500000,0.0,0.0,0.0,0.0,0.0,73.39,253175000,,,,D
4497,2009/10,,ogc-nice,olympique-de-marseille,0.0,0.0,0.0,0.0,0.0,73.28,89200000,0.0,0.0,0.0,0.0,0.0,73.85,58850000,,,,A
4498,2009/10,,stade-rennais,fc-lorient,0.0,0.0,0.0,0.0,0.0,73.39,253175000,0.0,0.0,0.0,0.0,0.0,70.23,70850000,,,,H
4499,2009/10,,losc-lille,olympique-lyonnais,0.0,0.0,0.0,0.0,0.0,72.18,86050000,0.0,0.0,0.0,0.0,0.0,72.74,89500000,,,,H
4500,2009/10,,rc-lens,ogc-nice,0.0,0.0,0.0,0.0,0.0,72.84,82750000,0.0,0.0,0.0,0.0,0.0,73.28,89200000,,,,H
4501,2009/10,,fc-lorient,aj-auxerre,0.0,0.0,0.0,0.0,0.0,70.23,70850000,0.0,0.0,0.0,0.0,0.0,0.0,0,,,,D
4502,2009/10,,as-monaco,losc-lille,0.0,0.0,0.0,0.0,0.0,73.63,257100000,0.0,0.0,0.0,0.0,0.0,72.18,86050000,,,,A
4503,2009/10,,fc-lorient,olympique-de-marseille,0.0,0.0,0.0,0.0,0.0,70.23,70850000,0.0,0.0,0.0,0.0,0.0,73.85,58850000,,,,A
4504,2009/10,,as-monaco,stade-rennais,0.0,0.0,0.0,0.0,0.0,73.63,257100000,0.0,0.0,0.0,0.0,0.0,73.39,253175000,,,,H
4505,2009/10,,paris-saint-germain,rc-lens,0.0,0.0,0.0,0.0,0.0,0.0,0,0.0,0.0,0.0,0.0,0.0,72.84,82750000,,,,D
4506,2009/10,,stade-rennais,paris-saint-germain,0.0,0.0,0.0,0.0,0.0,73.39,253175000,0.0,0.0,0.0,0.0,0.0,0.0,0,,,,H
4507,2009/10,,aj-auxerre,toulouse-fc,0.0,0.0,0.0,0.0,0.0,0.0,0,0.0,0.0,0.0,0.0,0.0,68.76,60900000,,,,D
4508,2009/10,,as-monaco,olympique-lyonnais,0.0,0.0,0.0,0.0,0.0,73.63,257100000,0.0,0.0,0.0,0.0,0.0,72.74,89500000,,,,D
4509,2009/10,,olympique-de-marseille,aj-auxerre,0.0,0.0,0.0,0.0,0.0,73.85,58850000,0.0,0.0,0.0,0.0,0.0,0.0,0,,,,A
4510,2009/10,,losc-lille,paris-saint-germain,0.0,0.0,0.0,0.0,0.0,72.18,86050000,0.0,0.0,0.0,0.0,0.0,0.0,0,,,,H
4511,2009/10,,stade-rennais,rc-lens,0.0,0.0,0.0,0.0,0.0,73.39,253175000,0.0,0.0,0.0,0.0,0.0,72.84,82750000,,,,D
4512,2009/10,,fc-lorient,olympique-lyonnais,0.0,0.0,0.0,0.0,0.0,70.23,70850000,0.0,0.0,0.0,0.0,0.0,72.74,89500000,,,,A
4513,2009/10,,ogc-nice,aj-auxerre,0.0,0.0,0.0,0.0,0.0,73.28,89200000,0.0,0.0,0.0,0.0,0.0,0.0,0,,,,A
4514,2009/10,,paris-saint-germain,as-monaco,0.0,0.0,0.0,0.0,0.0,0.0,0,0.0,0.0,0.0,0.0,0.0,73.63,257100000,,,,A
4515,2009/10,,losc-lille,rc-lens,0.0,0.0,0.0,0.0,0.0,72.18,86050000,0.0,0.0,0.0,0.0,0.0,72.84,82750000,,,,H
4516,2009/10,,as-monaco,ogc-nice,0.0,0.0,0.0,0.0,0.0,73.63,257100000,0.0,0.0,0.0,0.0,0.0,73.28,89200000,,,,H
4517,2009/10,,olympique-lyonnais,paris-saint-germain,0.0,0.0,0.0,0.0,0.0,72.74,89500000,0.0,0.0,0.0,0.0,0.0,0.0,0,,,,H
4518,2009/10,,ogc-nice,losc-lille,0.0,0.0,0.0,0.0,0.0,73.28,89200000,0.0,0.0,0.0,0.0,0.0,72.18,86050000,,,,D
4519,2009/10,,paris-saint-germain,fc-lorient,0.0,0.0,0.0,0.0,0.0,0.0,0,0.0,0.0,0.0,0.0,0.0,70.23,70850000,,,,A
4520,2009/10,,toulouse-fc,olympique-lyonnais,0.0,0.0,0.0,0.0,0.0,68.76,60900000,0.0,0.0,0.0,0.0,0.0,72.74,89500000,,,,D
4521,2009/10,,olympique-lyonnais,rc-lens,0.0,0.0,0.0,0.0,0.0,72.74,89500000,0.0,0.0,0.0,0.0,0.0,72.84,82750000,,,,H
4522,2009/10,,as-monaco,olympique-de-marseille,0.0,0.0,0.0,0.0,0.0,73.63,257100000,0.0,0.0,0.0,0.0,0.0,73.85,58850000,,,,A
4523,2009/10,,aj-auxerre,stade-rennais,0.0,0.0,0.0,0.0,0.0,0.0,0,0.0,0.0,0.0,0.0,0.0,73.39,253175000,,,,H
4524,2009/10,,fc-lorient,toulouse-fc,0.0,0.0,0.0,0.0,0.0,70.23,70850000,0.0,0.0,0.0,0.0,0.0,68.76,60900000,,,,D
4525,2009/10,,rc-lens,as-monaco,0.0,0.0,0.0,0.0,0.0,72.84,82750000,0.0,0.0,0.0,0.0,0.0,73.63,257100000,,,,H
4526,2009/10,,ogc-nice,fc-lorient,0.0,0.0,0.0,0.0,0.0,73.28,89200000,0.0,0.0,0.0,0.0,0.0,70.23,70850000,,,,H
4527,2009/10,,paris-saint-germain,toulouse-fc,0.0,0.0,0.0,0.0,0.0,0.0,0,0.0,0.0,0.0,0.0,0.0,68.76,60900000,,,,H
4528,2009/10,,stade-rennais,losc-lille,0.0,0.0,0.0,0.0,0.0,73.39,253175000,0.0,0.0,0.0,0.0,0.0,72.18,86050000,,,,A
4529,2009/10,,olympique-lyonnais,ogc-nice,0.0,0.0,0.0,0.0,0.0,72.74,89500000,0.0,0.0,0.0,0.0,0.0,73.28,89200000,,,,H
4530,2009/10,,toulouse-fc,rc-lens,0.0,0.0,0.0,0.0,0.0,68.76,60900000,0.0,0.0,0.0,0.0,0.0,72.84,82750000,,,,H
4531,2009/10,,losc-lille,aj-auxerre,0.0,0.0,0.0,0.0,0.0,72.18,86050000,0.0,0.0,0.0,0.0,0.0,0.0,0,,,,A
4532,2009/10,,paris-saint-germain,olympique-de-marseille,0.0,0.0,0.0,0.0,0.0,0.0,0,0.0,0.0,0.0,0.0,0.0,73.85,58850000,,,,A
4533,2009/10,,rc-lens,paris-saint-germain,0.0,0.0,0.0,0.0,0.0,72.84,82750000,0.0,0.0,0.0,0.0,0.0,0.0,0,,,,D
4534,2009/10,,stade-rennais,as-monaco,0.0,0.0,0.0,0.0,0.0,73.39,253175000,0.0,0.0,0.0,0.0,0.0,73.63,257100000,,,,H
4535,2009/10,,olympique-de-marseille,fc-lorient,0.0,0.0,0.0,0.0,0.0,73.85,58850000,0.0,0.0,0.0,0.0,0.0,70.23,70850000,,,,D
4536,2009/10,,fc-lorient,rc-lens,0.0,0.0,0.0,0.0,0.0,70.23,70850000,0.0,0.0,0.0,0.0,0.0,72.84,82750000,,,,H
4537,2009/10,,toulouse-fc,olympique-de-marseille,0.0,0.0,0.0,0.0,0.0,68.76,60900000,0.0,0.0,0.0,0.0,0.0,73.85,58850000,,,,D
4538,2009/10,,ogc-nice,paris-saint-germain,0.0,0.0,0.0,0.0,0.0,73.28,89200000,0.0,0.0,0.0,0.0,0.0,0.0,0,,,,H
4539,2009/10,,stade-rennais,toulouse-fc,0.0,0.0,0.0,0.0,0.0,73.39,253175000,0.0,0.0,0.0,0.0,0.0,68.76,60900000,,,,H
4540,2009/10,,olympique-de-marseille,olympique-lyonnais,0.0,0.0,0.0,0.0,0.0,73.85,58850000,0.0,0.0,0.0,0.0,0.0,72.74,89500000,,,,H
4541,2009/10,,toulouse-fc,ogc-nice,0.0,0.0,0.0,0.0,0.0,68.76,60900000,0.0,0.0,0.0,0.0,0.0,73.28,89200000,,,,A
4542,2009/10,,as-monaco,aj-auxerre,0.0,0.0,0.0,0.0,0.0,73.63,257100000,0.0,0.0,0.0,0.0,0.0,0.0,0,,,,D
4543,2009/10,,stade-rennais,olympique-lyonnais,0.0,0.0,0.0,0.0,0.0,73.39,253175000,0.0,0.0,0.0,0.0,0.0,72.74,89500000,,,,A
4544,2009/10,,aj-auxerre,paris-saint-germain,0.0,0.0,0.0,0.0,0.0,0.0,0,0.0,0.0,0.0,0.0,0.0,0.0,0,,,,D
4545,2009/10,,olympique-de-marseille,rc-lens,0.0,0.0,0.0,0.0,0.0,73.85,58850000,0.0,0.0,0.0,0.0,0.0,72.84,82750000,,,,H
4546,2009/10,,fc-lorient,stade-rennais,0.0,0.0,0.0,0.0,0.0,70.23,70850000,0.0,0.0,0.0,0.0,0.0,73.39,253175000,,,,D
4547,2009/10,,olympique-lyonnais,losc-lille,0.0,0.0,0.0,0.0,0.0,72.74,89500000,0.0,0.0,0.0,0.0,0.0,72.18,86050000,,,,D
4548,2009/10,,olympique-de-marseille,ogc-nice,0.0,0.0,0.0,0.0,0.0,73.85,58850000,0.0,0.0,0.0,0.0,0.0,73.28,89200000,,,,H
4549,2009/10,,aj-auxerre,fc-lorient,0.0,0.0,0.0,0.0,0.0,0.0,0,0.0,0.0,0.0,0.0,0.0,70.23,70850000,,,,H
4550,2009/10,,ogc-nice,rc-lens,0.0,0.0,0.0,0.0,0.0,73.28,89200000,0.0,0.0,0.0,0.0,0.0,72.84,82750000,,,,D
4551,2009/10,,losc-lille,as-monaco,0.0,0.0,0.0,0.0,0.0,72.18,86050000,0.0,0.0,0.0,0.0,0.0,73.63,257100000,,,,H
4552,2009/10,,paris-saint-germain,stade-rennais,0.0,0.0,0.0,0.0,0.0,0.0,0,0.0,0.0,0.0,0.0,0.0,73.39,253175000,,,,D
4553,2009/10,,toulouse-fc,aj-auxerre,0.0,0.0,0.0,0.0,0.0,68.76,60900000,0.0,0.0,0.0,0.0,0.0,0.0,0,,,,A
4554,2009/10,,aj-auxerre,olympique-de-marseille,0.0,0.0,0.0,0.0,0.0,0.0,0,0.0,0.0,0.0,0.0,0.0,73.85,58850000,,,,D
4555,2009/10,,fc-lorient,as-monaco,0.0,0.0,0.0,0.0,0.0,70.23,70850000,0.0,0.0,0.0,0.0,0.0,73.63,257100000,,,,D
4556,2009/10,,olympique-lyonnais,aj-auxerre,0.0,0.0,0.0,0.0,0.0,72.74,89500000,0.0,0.0,0.0,0.0,0.0,0.0,0,,,,H
4557,2009/10,,olympique-de-marseille,stade-rennais,0.0,0.0,0.0,0.0,0.0,73.85,58850000,0.0,0.0,0.0,0.0,0.0,73.39,253175000,,,,H
4558,2009/10,,toulouse-fc,losc-lille,0.0,0.0,0.0,0.0,0.0,68.76,60900000,0.0,0.0,0.0,0.0,0.0,72.18,86050000,,,,A
4559,2009/10,,aj-auxerre,rc-lens,0.0,0.0,0.0,0.0,0.0,0.0,0,0.0,0.0,0.0,0.0,0.0,72.84,82750000,,,,D
4560,2009/10,,losc-lille,olympique-de-marseille,0.0,0.0,0.0,0.0,0.0,72.18,86050000,0.0,0.0,0.0,0.0,0.0,73.85,58850000,,,,H
4561,2009/10,,stade-rennais,ogc-nice,0.0,0.0,0.0,0.0,0.0,73.39,253175000,0.0,0.0,0.0,0.0,0.0,73.28,89200000,,,,D
4562,2009/10,,olympique-lyonnais,as-monaco,0.0,0.0,0.0,0.0,0.0,72.74,89500000,0.0,0.0,0.0,0.0,0.0,73.63,257100000,,,,H
4563,2009/10,,fc-lorient,losc-lille,0.0,0.0,0.0,0.0,0.0,70.23,70850000,0.0,0.0,0.0,0.0,0.0,72.18,86050000,,,,H
4564,2009/10,,toulouse-fc,as-monaco,0.0,0.0,0.0,0.0,0.0,68.76,60900000,0.0,0.0,0.0,0.0,0.0,73.63,257100000,,,,D
4565,2010/11,,aj-auxerre,fc-lorient,0.0,0.0,0.0,0.0,0.0,0.0,0,0.0,0.0,0.0,0.0,0.0,70.23,70850000,,,,D
4566,2010/11,,olympique-lyonnais,as-monaco,0.0,0.0,0.0,0.0,0.0,72.74,89500000,0.0,0.0,0.0,0.0,0.0,73.63,257100000,,,,D
4567,2010/11,,stade-rennais,losc-lille,0.0,0.0,0.0,0.0,0.0,73.39,253175000,0.0,0.0,0.0,0.0,0.0,72.18,86050000,,,,D
4568,2010/11,,toulouse-fc,stade-brestois-29,0.0,0.0,0.0,0.0,0.0,68.76,60900000,0.0,0.0,0.0,0.0,0.0,70.61,86650000,,,,H
4569,2010/11,,stade-brestois-29,aj-auxerre,0.0,0.0,0.0,0.0,0.0,70.61,86650000,0.0,0.0,0.0,0.0,0.0,0.0,0,,,,D
4570,2010/11,,losc-lille,paris-saint-germain,0.0,0.0,0.0,0.0,0.0,72.18,86050000,0.0,0.0,0.0,0.0,0.0,0.0,0,,,,D
4571,2010/11,,fc-lorient,ogc-nice,0.0,0.0,0.0,0.0,0.0,70.23,70850000,0.0,0.0,0.0,0.0,0.0,73.28,89200000,,,,A
4572,2010/11,,rc-lens,as-monaco,0.0,0.0,0.0,0.0,0.0,72.84,82750000,0.0,0.0,0.0,0.0,0.0,73.63,257100000,,,,D
4573,2010/11,,olympique-lyonnais,stade-brestois-29,0.0,0.0,0.0,0.0,0.0,72.74,89500000,0.0,0.0,0.0,0.0,0.0,70.61,86650000,,,,H
4574,2010/11,,olympique-de-marseille,fc-lorient,0.0,0.0,0.0,0.0,0.0,73.85,58850000,0.0,0.0,0.0,0.0,0.0,70.23,70850000,,,,H
4575,2010/11,,fc-lorient,olympique-lyonnais,0.0,0.0,0.0,0.0,0.0,70.23,70850000,0.0,0.0,0.0,0.0,0.0,72.74,89500000,,,,H
4576,2010/11,,losc-lille,ogc-nice,0.0,0.0,0.0,0.0,0.0,72.18,86050000,0.0,0.0,0.0,0.0,0.0,73.28,89200000,,,,D
4577,2010/11,,as-monaco,aj-auxerre,0.0,0.0,0.0,0.0,0.0,73.63,257100000,0.0,0.0,0.0,0.0,0.0,0.0,0,,,,H
4578,2010/11,,rc-lens,losc-lille,0.0,0.0,0.0,0.0,0.0,72.84,82750000,0.0,0.0,0.0,0.0,0.0,72.18,86050000,,,,A
4579,2010/11,,stade-brestois-29,fc-lorient,0.0,0.0,0.0,0.0,0.0,70.61,86650000,0.0,0.0,0.0,0.0,0.0,70.23,70850000,,,,D
4580,2010/11,,olympique-de-marseille,as-monaco,0.0,0.0,0.0,0.0,0.0,73.85,58850000,0.0,0.0,0.0,0.0,0.0,73.63,257100000,,,,D
4581,2010/11,,as-monaco,toulouse-fc,0.0,0.0,0.0,0.0,0.0,73.63,257100000,0.0,0.0,0.0,0.0,0.0,68.76,60900000,,,,D
4582,2010/11,,losc-lille,aj-auxerre,0.0,0.0,0.0,0.0,0.0,72.18,86050000,0.0,0.0,0.0,0.0,0.0,0.0,0,,,,H
4583,2010/11,,paris-saint-germain,stade-rennais,0.0,0.0,0.0,0.0,0.0,0.0,0,0.0,0.0,0.0,0.0,0.0,73.39,253175000,,,,D
4584,2010/11,,fc-lorient,as-monaco,0.0,0.0,0.0,0.0,0.0,70.23,70850000,0.0,0.0,0.0,0.0,0.0,73.63,257100000,,,,H
4585,2010/11,,ogc-nice,stade-rennais,0.0,0.0,0.0,0.0,0.0,73.28,89200000,0.0,0.0,0.0,0.0,0.0,73.39,253175000,,,,A
4586,2010/11,,rc-lens,paris-saint-germain,0.0,0.0,0.0,0.0,0.0,72.84,82750000,0.0,0.0,0.0,0.0,0.0,0.0,0,,,,A
4587,2010/11,,toulouse-fc,losc-lille,0.0,0.0,0.0,0.0,0.0,68.76,60900000,0.0,0.0,0.0,0.0,0.0,72.18,86050000,,,,D
4588,2010/11,,as-monaco,stade-brestois-29,0.0,0.0,0.0,0.0,0.0,73.63,257100000,0.0,0.0,0.0,0.0,0.0,70.61,86650000,,,,A
4589,2010/11,,paris-saint-germain,ogc-nice,0.0,0.0,0.0,0.0,0.0,0.0,0,0.0,0.0,0.0,0.0,0.0,73.28,89200000,,,,D
4590,2010/11,,stade-rennais,toulouse-fc,0.0,0.0,0.0,0.0,0.0,73.39,253175000,0.0,0.0,0.0,0.0,0.0,68.76,60900000,,,,H
4591,2010/11,,toulouse-fc,paris-saint-germain,0.0,0.0,0.0,0.0,0.0,68.76,60900000,0.0,0.0,0.0,0.0,0.0,0.0,0,,,,A
4592,2010/11,,rc-lens,stade-rennais,0.0,0.0,0.0,0.0,0.0,72.84,82750000,0.0,0.0,0.0,0.0,0.0,73.39,253175000,,,,D
4593,2010/11,,olympique-lyonnais,losc-lille,0.0,0.0,0.0,0.0,0.0,72.74,89500000,0.0,0.0,0.0,0.0,0.0,72.18,86050000,,,,H
4594,2010/11,,rc-lens,ogc-nice,0.0,0.0,0.0,0.0,0.0,72.84,82750000,0.0,0.0,0.0,0.0,0.0,73.28,89200000,,,,H
4595,2010/11,,losc-lille,olympique-de-marseille,0.0,0.0,0.0,0.0,0.0,72.18,86050000,0.0,0.0,0.0,0.0,0.0,73.85,58850000,,,,A
4596,2010/11,,paris-saint-germain,aj-auxerre,0.0,0.0,0.0,0.0,0.0,0.0,0,0.0,0.0,0.0,0.0,0.0,0.0,0,,,,A
4597,2010/11,,aj-auxerre,ogc-nice,0.0,0.0,0.0,0.0,0.0,0.0,0,0.0,0.0,0.0,0.0,0.0,73.28,89200000,,,,H
4598,2010/11,,toulouse-fc,rc-lens,0.0,0.0,0.0,0.0,0.0,68.76,60900000,0.0,0.0,0.0,0.0,0.0,72.84,82750000,,,,D
4599,2010/11,,stade-rennais,olympique-lyonnais,0.0,0.0,0.0,0.0,0.0,73.39,253175000,0.0,0.0,0.0,0.0,0.0,72.74,89500000,,,,D
4600,2010/11,,losc-lille,stade-brestois-29,0.0,0.0,0.0,0.0,0.0,72.18,86050000,0.0,0.0,0.0,0.0,0.0,70.61,86650000,,,,H
4601,2010/11,,ogc-nice,toulouse-fc,0.0,0.0,0.0,0.0,0.0,73.28,89200000,0.0,0.0,0.0,0.0,0.0,68.76,60900000,,,,H
4602,2010/11,,paris-saint-germain,olympique-de-marseille,0.0,0.0,0.0,0.0,0.0,0.0,0,0.0,0.0,0.0,0.0,0.0,73.85,58850000,,,,H
4603,2010/11,,olympique-de-marseille,rc-lens,0.0,0.0,0.0,0.0,0.0,73.85,58850000,0.0,0.0,0.0,0.0,0.0,72.84,82750000,,,,D
4604,2010/11,,aj-auxerre,stade-rennais,0.0,0.0,0.0,0.0,0.0,0.0,0,0.0,0.0,0.0,0.0,0.0,73.39,253175000,,,,H
4605,2010/11,,fc-lorient,paris-saint-germain,0.0,0.0,0.0,0.0,0.0,70.23,70850000,0.0,0.0,0.0,0.0,0.0,0.0,0,,,,D
4606,2010/11,,olympique-lyonnais,ogc-nice,0.0,0.0,0.0,0.0,0.0,72.74,89500000,0.0,0.0,0.0,0.0,0.0,73.28,89200000,,,,H
4607,2010/11,,stade-rennais,stade-brestois-29,0.0,0.0,0.0,0.0,0.0,73.39,253175000,0.0,0.0,0.0,0.0,0.0,70.61,86650000,,,,H
4608,2010/11,,toulouse-fc,olympique-de-marseille,0.0,0.0,0.0,0.0,0.0,68.76,60900000,0.0,0.0,0.0,0.0,0.0,73.85,58850000,,,,A
4609,2010/11,,rc-lens,olympique-lyonnais,0.0,0.0,0.0,0.0,0.0,72.84,82750000,0.0,0.0,0.0,0.0,0.0,72.74,89500000,,,,A
4610,2010/11,,losc-lille,as-monaco,0.0,0.0,0.0,0.0,0.0,72.18,86050000,0.0,0.0,0.0,0.0,0.0,73.63,257100000,,,,H
4611,2010/11,,fc-lorient,stade-rennais,0.0,0.0,0.0,0.0,0.0,70.23,70850000,0.0,0.0,0.0,0.0,0.0,73.39,253175000,,,,H
4612,2010/11,,as-monaco,ogc-nice,0.0,0.0,0.0,0.0,0.0,73.63,257100000,0.0,0.0,0.0,0.0,0.0,73.28,89200000,,,,D
4613,2010/11,,aj-auxerre,toulouse-fc,0.0,0.0,0.0,0.0,0.0,0.0,0,0.0,0.0,0.0,0.0,0.0,68.76,60900000,,,,A
4614,2010/11,,olympique-lyonnais,paris-saint-germain,0.0,0.0,0.0,0.0,0.0,72.74,89500000,0.0,0.0,0.0,0.0,0.0,0.0,0,,,,D
4615,2010/11,,stade-brestois-29,rc-lens,0.0,0.0,0.0,0.0,0.0,70.61,86650000,0.0,0.0,0.0,0.0,0.0,72.84,82750000,,,,H
4616,2010/11,,olympique-de-marseille,stade-rennais,0.0,0.0,0.0,0.0,0.0,73.85,58850000,0.0,0.0,0.0,0.0,0.0,73.39,253175000,,,,D
4617,2010/11,,rc-lens,aj-auxerre,0.0,0.0,0.0,0.0,0.0,72.84,82750000,0.0,0.0,0.0,0.0,0.0,0.0,0,,,,D
4618,2010/11,,losc-lille,fc-lorient,0.0,0.0,0.0,0.0,0.0,72.18,86050000,0.0,0.0,0.0,0.0,0.0,70.23,70850000,,,,H
4619,2010/11,,stade-rennais,as-monaco,0.0,0.0,0.0,0.0,0.0,73.39,253175000,0.0,0.0,0.0,0.0,0.0,73.63,257100000,,,,H
4620,2010/11,,ogc-nice,olympique-de-marseille,0.0,0.0,0.0,0.0,0.0,73.28,89200000,0.0,0.0,0.0,0.0,0.0,73.85,58850000,,,,H
4621,2010/11,,paris-saint-germain,stade-brestois-29,0.0,0.0,0.0,0.0,0.0,0.0,0,0.0,0.0,0.0,0.0,0.0,70.61,86650000,,,,H
4622,2010/11,,aj-auxerre,olympique-de-marseille,0.0,0.0,0.0,0.0,0.0,0.0,0,0.0,0.0,0.0,0.0,0.0,73.85,58850000,,,,D
4623,2010/11,,fc-lorient,rc-lens,0.0,0.0,0.0,0.0,0.0,70.23,70850000,0.0,0.0,0.0,0.0,0.0,72.84,82750000,,,,H
4624,2010/11,,olympique-lyonnais,toulouse-fc,0.0,0.0,0.0,0.0,0.0,72.74,89500000,0.0,0.0,0.0,0.0,0.0,68.76,60900000,,,,H
4625,2010/11,,ogc-nice,stade-brestois-29,0.0,0.0,0.0,0.0,0.0,73.28,89200000,0.0,0.0,0.0,0.0,0.0,70.61,86650000,,,,D
4626,2010/11,,paris-saint-germain,as-monaco,0.0,0.0,0.0,0.0,0.0,0.0,0,0.0,0.0,0.0,0.0,0.0,73.63,257100000,,,,D
4627,2010/11,,toulouse-fc,fc-lorient,0.0,0.0,0.0,0.0,0.0,68.76,60900000,0.0,0.0,0.0,0.0,0.0,70.23,70850000,,,,H
4628,2010/11,,olympique-de-marseille,olympique-lyonnais,0.0,0.0,0.0,0.0,0.0,73.85,58850000,0.0,0.0,0.0,0.0,0.0,72.74,89500000,,,,D
4629,2010/11,,stade-brestois-29,olympique-de-marseille,0.0,0.0,0.0,0.0,0.0,70.61,86650000,0.0,0.0,0.0,0.0,0.0,73.85,58850000,,,,D
4630,2010/11,,olympique-lyonnais,aj-auxerre,0.0,0.0,0.0,0.0,0.0,72.74,89500000,0.0,0.0,0.0,0.0,0.0,0.0,0,,,,D
4631,2010/11,,aj-auxerre,as-monaco,0.0,0.0,0.0,0.0,0.0,0.0,0,0.0,0.0,0.0,0.0,0.0,73.63,257100000,,,,D
4632,2010/11,,olympique-lyonnais,fc-lorient,0.0,0.0,0.0,0.0,0.0,72.74,89500000,0.0,0.0,0.0,0.0,0.0,70.23,70850000,,,,H
4633,2010/11,,ogc-nice,losc-lille,0.0,0.0,0.0,0.0,0.0,73.28,89200000,0.0,0.0,0.0,0.0,0.0,72.18,86050000,,,,A
4634,2010/11,,losc-lille,rc-lens,0.0,0.0,0.0,0.0,0.0,72.18,86050000,0.0,0.0,0.0,0.0,0.0,72.84,82750000,,,,H
4635,2010/11,,fc-lorient,stade-brestois-29,0.0,0.0,0.0,0.0,0.0,70.23,70850000,0.0,0.0,0.0,0.0,0.0,70.61,86650000,,,,H
4636,2010/11,,as-monaco,olympique-de-marseille,0.0,0.0,0.0,0.0,0.0,73.63,257100000,0.0,0.0,0.0,0.0,0.0,73.85,58850000,,,,D
4637,2010/11,,stade-rennais,paris-saint-germain,0.0,0.0,0.0,0.0,0.0,73.39,253175000,0.0,0.0,0.0,0.0,0.0,0.0,0,,,,H
4638,2010/11,,aj-auxerre,losc-lille,0.0,0.0,0.0,0.0,0.0,0.0,0,0.0,0.0,0.0,0.0,0.0,72.18,86050000,,,,D
4639,2010/11,,toulouse-fc,as-monaco,0.0,0.0,0.0,0.0,0.0,68.76,60900000,0.0,0.0,0.0,0.0,0.0,73.63,257100000,,,,H
4640,2010/11,,as-monaco,fc-lorient,0.0,0.0,0.0,0.0,0.0,73.63,257100000,0.0,0.0,0.0,0.0,0.0,70.23,70850000,,,,H
4641,2010/11,,paris-saint-germain,rc-lens,0.0,0.0,0.0,0.0,0.0,0.0,0,0.0,0.0,0.0,0.0,0.0,72.84,82750000,,,,D
4642,2010/11,,losc-lille,toulouse-fc,0.0,0.0,0.0,0.0,0.0,72.18,86050000,0.0,0.0,0.0,0.0,0.0,68.76,60900000,,,,H
4643,2010/11,,stade-rennais,ogc-nice,0.0,0.0,0.0,0.0,0.0,73.39,253175000,0.0,0.0,0.0,0.0,0.0,73.28,89200000,,,,H
4644,2010/11,,stade-brestois-29,as-monaco,0.0,0.0,0.0,0.0,0.0,70.61,86650000,0.0,0.0,0.0,0.0,0.0,73.63,257100000,,,,H
4645,2010/11,,ogc-nice,paris-saint-germain,0.0,0.0,0.0,0.0,0.0,73.28,89200000,0.0,0.0,0.0,0.0,0.0,0.0,0,,,,A
4646,2010/11,,toulouse-fc,stade-rennais,0.0,0.0,0.0,0.0,0.0,68.76,60900000,0.0,0.0,0.0,0.0,0.0,73.39,253175000,,,,A
4647,2010/11,,stade-rennais,rc-lens,0.0,0.0,0.0,0.0,0.0,73.39,253175000,0.0,0.0,0.0,0.0,0.0,72.84,82750000,,,,H
4648,2010/11,,losc-lille,olympique-lyonnais,0.0,0.0,0.0,0.0,0.0,72.18,86050000,0.0,0.0,0.0,0.0,0.0,72.74,89500000,,,,D
4649,2010/11,,paris-saint-germain,toulouse-fc,0.0,0.0,0.0,0.0,0.0,0.0,0,0.0,0.0,0.0,0.0,0.0,68.76,60900000,,,,H
4650,2010/11,,aj-auxerre,paris-saint-germain,0.0,0.0,0.0,0.0,0.0,0.0,0,0.0,0.0,0.0,0.0,0.0,0.0,0,,,,H
4651,2010/11,,ogc-nice,rc-lens,0.0,0.0,0.0,0.0,0.0,73.28,89200000,0.0,0.0,0.0,0.0,0.0,72.84,82750000,,,,D
4652,2010/11,,olympique-de-marseille,losc-lille,0.0,0.0,0.0,0.0,0.0,73.85,58850000,0.0,0.0,0.0,0.0,0.0,72.18,86050000,,,,A
4653,2010/11,,stade-rennais,olympique-de-marseille,0.0,0.0,0.0,0.0,0.0,73.39,253175000,0.0,0.0,0.0,0.0,0.0,73.85,58850000,,,,A
4654,2010/11,,rc-lens,toulouse-fc,0.0,0.0,0.0,0.0,0.0,72.84,82750000,0.0,0.0,0.0,0.0,0.0,68.76,60900000,,,,A
4655,2010/11,,ogc-nice,aj-auxerre,0.0,0.0,0.0,0.0,0.0,73.28,89200000,0.0,0.0,0.0,0.0,0.0,0.0,0,,,,H
4656,2010/11,,stade-brestois-29,losc-lille,0.0,0.0,0.0,0.0,0.0,70.61,86650000,0.0,0.0,0.0,0.0,0.0,72.18,86050000,,,,A
4657,2010/11,,olympique-lyonnais,stade-rennais,0.0,0.0,0.0,0.0,0.0,72.74,89500000,0.0,0.0,0.0,0.0,0.0,73.39,253175000,,,,D
4658,2010/11,,toulouse-fc,ogc-nice,0.0,0.0,0.0,0.0,0.0,68.76,60900000,0.0,0.0,0.0,0.0,0.0,73.28,89200000,,,,D
4659,2010/11,,olympique-de-marseille,paris-saint-germain,0.0,0.0,0.0,0.0,0.0,73.85,58850000,0.0,0.0,0.0,0.0,0.0,0.0,0,,,,H
4660,2010/11,,paris-saint-germain,fc-lorient,0.0,0.0,0.0,0.0,0.0,0.0,0,0.0,0.0,0.0,0.0,0.0,70.23,70850000,,,,D
4661,2010/11,,stade-rennais,aj-auxerre,0.0,0.0,0.0,0.0,0.0,73.39,253175000,0.0,0.0,0.0,0.0,0.0,0.0,0,,,,D
4662,2010/11,,rc-lens,olympique-de-marseille,0.0,0.0,0.0,0.0,0.0,72.84,82750000,0.0,0.0,0.0,0.0,0.0,73.85,58850000,,,,A
4663,2010/11,,ogc-nice,olympique-lyonnais,0.0,0.0,0.0,0.0,0.0,73.28,89200000,0.0,0.0,0.0,0.0,0.0,72.74,89500000,,,,D
4664,2010/11,,stade-brestois-29,stade-rennais,0.0,0.0,0.0,0.0,0.0,70.61,86650000,0.0,0.0,0.0,0.0,0.0,73.39,253175000,,,,H
4665,2010/11,,as-monaco,losc-lille,0.0,0.0,0.0,0.0,0.0,73.63,257100000,0.0,0.0,0.0,0.0,0.0,72.18,86050000,,,,H
4666,2010/11,,olympique-lyonnais,rc-lens,0.0,0.0,0.0,0.0,0.0,72.74,89500000,0.0,0.0,0.0,0.0,0.0,72.84,82750000,,,,H
4667,2010/11,,olympique-de-marseille,toulouse-fc,0.0,0.0,0.0,0.0,0.0,73.85,58850000,0.0,0.0,0.0,0.0,0.0,68.76,60900000,,,,D
4668,2010/11,,rc-lens,stade-brestois-29,0.0,0.0,0.0,0.0,0.0,72.84,82750000,0.0,0.0,0.0,0.0,0.0,70.61,86650000,,,,D
4669,2010/11,,ogc-nice,as-monaco,0.0,0.0,0.0,0.0,0.0,73.28,89200000,0.0,0.0,0.0,0.0,0.0,73.63,257100000,,,,H
4670,2010/11,,stade-rennais,fc-lorient,0.0,0.0,0.0,0.0,0.0,73.39,253175000,0.0,0.0,0.0,0.0,0.0,70.23,70850000,,,,A
4671,2010/11,,toulouse-fc,aj-auxerre,0.0,0.0,0.0,0.0,0.0,68.76,60900000,0.0,0.0,0.0,0.0,0.0,0.0,0,,,,A
4672,2010/11,,paris-saint-germain,olympique-lyonnais,0.0,0.0,0.0,0.0,0.0,0.0,0,0.0,0.0,0.0,0.0,0.0,72.74,89500000,,,,H
4673,2010/11,,aj-auxerre,rc-lens,0.0,0.0,0.0,0.0,0.0,0.0,0,0.0,0.0,0.0,0.0,0.0,72.84,82750000,,,,D
4674,2010/11,,stade-brestois-29,paris-saint-germain,0.0,0.0,0.0,0.0,0.0,70.61,86650000,0.0,0.0,0.0,0.0,0.0,0.0,0,,,,D
4675,2010/11,,fc-lorient,losc-lille,0.0,0.0,0.0,0.0,0.0,70.23,70850000,0.0,0.0,0.0,0.0,0.0,72.18,86050000,,,,D
4676,2010/11,,as-monaco,stade-rennais,0.0,0.0,0.0,0.0,0.0,73.63,257100000,0.0,0.0,0.0,0.0,0.0,73.39,253175000,,,,H
4677,2010/11,,olympique-de-marseille,ogc-nice,0.0,0.0,0.0,0.0,0.0,73.85,58850000,0.0,0.0,0.0,0.0,0.0,73.28,89200000,,,,H
4678,2010/11,,rc-lens,fc-lorient,0.0,0.0,0.0,0.0,0.0,72.84,82750000,0.0,0.0,0.0,0.0,0.0,70.23,70850000,,,,A
4679,2010/11,,olympique-de-marseille,aj-auxerre,0.0,0.0,0.0,0.0,0.0,73.85,58850000,0.0,0.0,0.0,0.0,0.0,0.0,0,,,,D
4680,2010/11,,toulouse-fc,olympique-lyonnais,0.0,0.0,0.0,0.0,0.0,68.76,60900000,0.0,0.0,0.0,0.0,0.0,72.74,89500000,,,,H
4681,2010/11,,stade-brestois-29,ogc-nice,0.0,0.0,0.0,0.0,0.0,70.61,86650000,0.0,0.0,0.0,0.0,0.0,73.28,89200000,,,,D
4682,2010/11,,fc-lorient,toulouse-fc,0.0,0.0,0.0,0.0,0.0,70.23,70850000,0.0,0.0,0.0,0.0,0.0,68.76,60900000,,,,D
4683,2010/11,,as-monaco,paris-saint-germain,0.0,0.0,0.0,0.0,0.0,73.63,257100000,0.0,0.0,0.0,0.0,0.0,0.0,0,,,,D
4684,2010/11,,olympique-lyonnais,olympique-de-marseille,0.0,0.0,0.0,0.0,0.0,72.74,89500000,0.0,0.0,0.0,0.0,0.0,73.85,58850000,,,,H
4685,2010/11,,aj-auxerre,olympique-lyonnais,0.0,0.0,0.0,0.0,0.0,0.0,0,0.0,0.0,0.0,0.0,0.0,72.74,89500000,,,,H
4686,2010/11,,olympique-de-marseille,stade-brestois-29,0.0,0.0,0.0,0.0,0.0,73.85,58850000,0.0,0.0,0.0,0.0,0.0,70.61,86650000,,,,H
4687,2010/11,,fc-lorient,olympique-de-marseille,0.0,0.0,0.0,0.0,0.0,70.23,70850000,0.0,0.0,0.0,0.0,0.0,73.85,58850000,,,,D
4688,2010/11,,as-monaco,rc-lens,0.0,0.0,0.0,0.0,0.0,73.63,257100000,0.0,0.0,0.0,0.0,0.0,72.84,82750000,,,,D
4689,2010/11,,stade-brestois-29,olympique-lyonnais,0.0,0.0,0.0,0.0,0.0,70.61,86650000,0.0,0.0,0.0,0.0,0.0,72.74,89500000,,,,D
4690,2010/11,,aj-auxerre,stade-brestois-29,0.0,0.0,0.0,0.0,0.0,0.0,0,0.0,0.0,0.0,0.0,0.0,70.61,86650000,,,,A
4691,2010/11,,ogc-nice,fc-lorient,0.0,0.0,0.0,0.0,0.0,73.28,89200000,0.0,0.0,0.0,0.0,0.0,70.23,70850000,,,,H
4692,2010/11,,paris-saint-germain,losc-lille,0.0,0.0,0.0,0.0,0.0,0.0,0,0.0,0.0,0.0,0.0,0.0,72.18,86050000,,,,D
4693,2010/11,,stade-brestois-29,toulouse-fc,0.0,0.0,0.0,0.0,0.0,70.61,86650000,0.0,0.0,0.0,0.0,0.0,68.76,60900000,,,,A
4694,2010/11,,losc-lille,stade-rennais,0.0,0.0,0.0,0.0,0.0,72.18,86050000,0.0,0.0,0.0,0.0,0.0,73.39,253175000,,,,H
4695,2010/11,,fc-lorient,aj-auxerre,0.0,0.0,0.0,0.0,0.0,70.23,70850000,0.0,0.0,0.0,0.0,0.0,0.0,0,,,,A
4696,2010/11,,as-monaco,olympique-lyonnais,0.0,0.0,0.0,0.0,0.0,73.63,257100000,0.0,0.0,0.0,0.0,0.0,72.74,89500000,,,,A
4697,2011/12,,ogc-nice,olympique-lyonnais,0.0,0.0,0.0,0.0,0.0,73.28,89200000,0.0,0.0,0.0,0.0,0.0,72.74,89500000,,,,A
4698,2011/12,,paris-saint-germain,fc-lorient,0.0,0.0,0.0,0.0,0.0,0.0,0,0.0,0.0,0.0,0.0,0.0,70.23,70850000,,,,A
4699,2011/12,,stade-rennais,paris-saint-germain,0.0,0.0,0.0,0.0,0.0,73.39,253175000,0.0,0.0,0.0,0.0,0.0,0.0,0,,,,D
4700,2011/12,,aj-auxerre,olympique-de-marseille,0.0,0.0,0.0,0.0,0.0,0.0,0,0.0,0.0,0.0,0.0,0.0,73.85,58850000,,,,D
4701,2011/12,,stade-brestois-29,olympique-lyonnais,0.0,0.0,0.0,0.0,0.0,70.61,86650000,0.0,0.0,0.0,0.0,0.0,72.74,89500000,,,,D
4702,2011/12,,ogc-nice,toulouse-fc,0.0,0.0,0.0,0.0,0.0,73.28,89200000,0.0,0.0,0.0,0.0,0.0,68.76,60900000,,,,D
4703,2011/12,,ogc-nice,stade-brestois-29,0.0,0.0,0.0,0.0,0.0,73.28,89200000,0.0,0.0,0.0,0.0,0.0,70.61,86650000,,,,D
4704,2011/12,,losc-lille,olympique-de-marseille,0.0,0.0,0.0,0.0,0.0,72.18,86050000,0.0,0.0,0.0,0.0,0.0,73.85,58850000,,,,H
4705,2011/12,,toulouse-fc,paris-saint-germain,0.0,0.0,0.0,0.0,0.0,68.76,60900000,0.0,0.0,0.0,0.0,0.0,0.0,0,,,,A
4706,2011/12,,olympique-de-marseille,stade-rennais,0.0,0.0,0.0,0.0,0.0,73.85,58850000,0.0,0.0,0.0,0.0,0.0,73.39,253175000,,,,A
4707,2011/12,,paris-saint-germain,stade-brestois-29,0.0,0.0,0.0,0.0,0.0,0.0,0,0.0,0.0,0.0,0.0,0.0,70.61,86650000,,,,H
4708,2011/12,,olympique-lyonnais,olympique-de-marseille,0.0,0.0,0.0,0.0,0.0,72.74,89500000,0.0,0.0,0.0,0.0,0.0,73.85,58850000,,,,H
4709,2011/12,,fc-lorient,aj-auxerre,0.0,0.0,0.0,0.0,0.0,70.23,70850000,0.0,0.0,0.0,0.0,0.0,0.0,0,,,,D
4710,2011/12,,paris-saint-germain,ogc-nice,0.0,0.0,0.0,0.0,0.0,0.0,0,0.0,0.0,0.0,0.0,0.0,73.28,89200000,,,,H
4711,2011/12,,losc-lille,fc-lorient,0.0,0.0,0.0,0.0,0.0,72.18,86050000,0.0,0.0,0.0,0.0,0.0,70.23,70850000,,,,D
4712,2011/12,,losc-lille,stade-rennais,0.0,0.0,0.0,0.0,0.0,72.18,86050000,0.0,0.0,0.0,0.0,0.0,73.39,253175000,,,,H
4713,2011/12,,olympique-de-marseille,stade-brestois-29,0.0,0.0,0.0,0.0,0.0,73.85,58850000,0.0,0.0,0.0,0.0,0.0,70.61,86650000,,,,D
4714,2011/12,,paris-saint-germain,olympique-lyonnais,0.0,0.0,0.0,0.0,0.0,0.0,0,0.0,0.0,0.0,0.0,0.0,72.74,89500000,,,,H
4715,2011/12,,aj-auxerre,losc-lille,0.0,0.0,0.0,0.0,0.0,0.0,0,0.0,0.0,0.0,0.0,0.0,72.18,86050000,,,,A
4716,2011/12,,toulouse-fc,olympique-de-marseille,0.0,0.0,0.0,0.0,0.0,68.76,60900000,0.0,0.0,0.0,0.0,0.0,73.85,58850000,,,,D
4717,2011/12,,stade-rennais,fc-lorient,0.0,0.0,0.0,0.0,0.0,73.39,253175000,0.0,0.0,0.0,0.0,0.0,70.23,70850000,,,,H
4718,2011/12,,fc-lorient,toulouse-fc,0.0,0.0,0.0,0.0,0.0,70.23,70850000,0.0,0.0,0.0,0.0,0.0,68.76,60900000,,,,D
4719,2011/12,,aj-auxerre,stade-rennais,0.0,0.0,0.0,0.0,0.0,0.0,0,0.0,0.0,0.0,0.0,0.0,73.39,253175000,,,,A
4720,2011/12,,losc-lille,olympique-lyonnais,0.0,0.0,0.0,0.0,0.0,72.18,86050000,0.0,0.0,0.0,0.0,0.0,72.74,89500000,,,,H
4721,2011/12,,stade-brestois-29,fc-lorient,0.0,0.0,0.0,0.0,0.0,70.61,86650000,0.0,0.0,0.0,0.0,0.0,70.23,70850000,,,,H
4722,2011/12,,toulouse-fc,stade-rennais,0.0,0.0,0.0,0.0,0.0,68.76,60900000,0.0,0.0,0.0,0.0,0.0,73.39,253175000,,,,H
4723,2011/12,,aj-auxerre,toulouse-fc,0.0,0.0,0.0,0.0,0.0,0.0,0,0.0,0.0,0.0,0.0,0.0,68.76,60900000,,,,H
4724,2011/12,,olympique-de-marseille,ogc-nice,0.0,0.0,0.0,0.0,0.0,73.85,58850000,0.0,0.0,0.0,0.0,0.0,73.28,89200000,,,,H
4725,2011/12,,olympique-lyonnais,stade-rennais,0.0,0.0,0.0,0.0,0.0,72.74,89500000,0.0,0.0,0.0,0.0,0.0,73.39,253175000,,,,A
4726,2011/12,,toulouse-fc,losc-lille,0.0,0.0,0.0,0.0,0.0,68.76,60900000,0.0,0.0,0.0,0.0,0.0,72.18,86050000,,,,D
4727,2011/12,,losc-lille,stade-brestois-29,0.0,0.0,0.0,0.0,0.0,72.18,86050000,0.0,0.0,0.0,0.0,0.0,70.61,86650000,,,,H
4728,2011/12,,aj-auxerre,olympique-lyonnais,0.0,0.0,0.0,0.0,0.0,0.0,0,0.0,0.0,0.0,0.0,0.0,72.74,89500000,,,,A
4729,2011/12,,fc-lorient,ogc-nice,0.0,0.0,0.0,0.0,0.0,70.23,70850000,0.0,0.0,0.0,0.0,0.0,73.28,89200000,,,,H
4730,2011/12,,olympique-de-marseille,paris-saint-germain,0.0,0.0,0.0,0.0,0.0,73.85,58850000,0.0,0.0,0.0,0.0,0.0,0.0,0,,,,H
4731,2011/12,,ogc-nice,stade-rennais,0.0,0.0,0.0,0.0,0.0,73.28,89200000,0.0,0.0,0.0,0.0,0.0,73.39,253175000,,,,H
4732,2011/12,,olympique-lyonnais,toulouse-fc,0.0,0.0,0.0,0.0,0.0,72.74,89500000,0.0,0.0,0.0,0.0,0.0,68.76,60900000,,,,H
4733,2011/12,,paris-saint-germain,aj-auxerre,0.0,0.0,0.0,0.0,0.0,0.0,0,0.0,0.0,0.0,0.0,0.0,0.0,0,,,,H
4734,2011/12,,stade-rennais,stade-brestois-29,0.0,0.0,0.0,0.0,0.0,73.39,253175000,0.0,0.0,0.0,0.0,0.0,70.61,86650000,,,,D
4735,2011/12,,aj-auxerre,ogc-nice,0.0,0.0,0.0,0.0,0.0,0.0,0,0.0,0.0,0.0,0.0,0.0,73.28,89200000,,,,H
4736,2011/12,,fc-lorient,olympique-lyonnais,0.0,0.0,0.0,0.0,0.0,70.23,70850000,0.0,0.0,0.0,0.0,0.0,72.74,89500000,,,,A
4737,2011/12,,stade-brestois-29,aj-auxerre,0.0,0.0,0.0,0.0,0.0,70.61,86650000,0.0,0.0,0.0,0.0,0.0,0.0,0,,,,H
4738,2011/12,,olympique-de-marseille,fc-lorient,0.0,0.0,0.0,0.0,0.0,73.85,58850000,0.0,0.0,0.0,0.0,0.0,70.23,70850000,,,,H
4739,2011/12,,paris-saint-germain,losc-lille,0.0,0.0,0.0,0.0,0.0,0.0,0,0.0,0.0,0.0,0.0,0.0,72.18,86050000,,,,D
4740,2011/12,,losc-lille,ogc-nice,0.0,0.0,0.0,0.0,0.0,72.18,86050000,0.0,0.0,0.0,0.0,0.0,73.28,89200000,,,,D
4741,2011/12,,toulouse-fc,stade-brestois-29,0.0,0.0,0.0,0.0,0.0,68.76,60900000,0.0,0.0,0.0,0.0,0.0,70.61,86650000,,,,D
4742,2011/12,,stade-brestois-29,ogc-nice,0.0,0.0,0.0,0.0,0.0,70.61,86650000,0.0,0.0,0.0,0.0,0.0,73.28,89200000,,,,H
4743,2011/12,,paris-saint-germain,toulouse-fc,0.0,0.0,0.0,0.0,0.0,0.0,0,0.0,0.0,0.0,0.0,0.0,68.76,60900000,,,,H
4744,2011/12,,olympique-de-marseille,losc-lille,0.0,0.0,0.0,0.0,0.0,73.85,58850000,0.0,0.0,0.0,0.0,0.0,72.18,86050000,,,,H
4745,2011/12,,stade-brestois-29,paris-saint-germain,0.0,0.0,0.0,0.0,0.0,70.61,86650000,0.0,0.0,0.0,0.0,0.0,0.0,0,,,,A
4746,2011/12,,stade-rennais,olympique-de-marseille,0.0,0.0,0.0,0.0,0.0,73.39,253175000,0.0,0.0,0.0,0.0,0.0,73.85,58850000,,,,A
4747,2011/12,,olympique-de-marseille,olympique-lyonnais,0.0,0.0,0.0,0.0,0.0,73.85,58850000,0.0,0.0,0.0,0.0,0.0,72.74,89500000,,,,D
4748,2011/12,,aj-auxerre,fc-lorient,0.0,0.0,0.0,0.0,0.0,0.0,0,0.0,0.0,0.0,0.0,0.0,70.23,70850000,,,,D
4749,2011/12,,ogc-nice,paris-saint-germain,0.0,0.0,0.0,0.0,0.0,73.28,89200000,0.0,0.0,0.0,0.0,0.0,0.0,0,,,,D
4750,2011/12,,fc-lorient,losc-lille,0.0,0.0,0.0,0.0,0.0,70.23,70850000,0.0,0.0,0.0,0.0,0.0,72.18,86050000,,,,A
4751,2011/12,,olympique-lyonnais,paris-saint-germain,0.0,0.0,0.0,0.0,0.0,72.74,89500000,0.0,0.0,0.0,0.0,0.0,0.0,0,,,,D
4752,2011/12,,stade-brestois-29,olympique-de-marseille,0.0,0.0,0.0,0.0,0.0,70.61,86650000,0.0,0.0,0.0,0.0,0.0,73.85,58850000,,,,H
4753,2011/12,,stade-rennais,losc-lille,0.0,0.0,0.0,0.0,0.0,73.39,253175000,0.0,0.0,0.0,0.0,0.0,72.18,86050000,,,,D
4754,2011/12,,losc-lille,aj-auxerre,0.0,0.0,0.0,0.0,0.0,72.18,86050000,0.0,0.0,0.0,0.0,0.0,0.0,0,,,,D
4755,2011/12,,olympique-de-marseille,toulouse-fc,0.0,0.0,0.0,0.0,0.0,73.85,58850000,0.0,0.0,0.0,0.0,0.0,68.76,60900000,,,,A
4756,2011/12,,fc-lorient,stade-rennais,0.0,0.0,0.0,0.0,0.0,70.23,70850000,0.0,0.0,0.0,0.0,0.0,73.39,253175000,,,,A
4757,2011/12,,olympique-lyonnais,losc-lille,0.0,0.0,0.0,0.0,0.0,72.74,89500000,0.0,0.0,0.0,0.0,0.0,72.18,86050000,,,,H
4758,2011/12,,toulouse-fc,fc-lorient,0.0,0.0,0.0,0.0,0.0,68.76,60900000,0.0,0.0,0.0,0.0,0.0,70.23,70850000,,,,D
4759,2011/12,,stade-rennais,aj-auxerre,0.0,0.0,0.0,0.0,0.0,73.39,253175000,0.0,0.0,0.0,0.0,0.0,0.0,0,,,,D
4760,2011/12,,fc-lorient,stade-brestois-29,0.0,0.0,0.0,0.0,0.0,70.23,70850000,0.0,0.0,0.0,0.0,0.0,70.61,86650000,,,,H
4761,2011/12,,stade-rennais,toulouse-fc,0.0,0.0,0.0,0.0,0.0,73.39,253175000,0.0,0.0,0.0,0.0,0.0,68.76,60900000,,,,A
4762,2011/12,,ogc-nice,olympique-de-marseille,0.0,0.0,0.0,0.0,0.0,73.28,89200000,0.0,0.0,0.0,0.0,0.0,73.85,58850000,,,,D
4763,2011/12,,toulouse-fc,aj-auxerre,0.0,0.0,0.0,0.0,0.0,68.76,60900000,0.0,0.0,0.0,0.0,0.0,0.0,0,,,,H
4764,2011/12,,losc-lille,toulouse-fc,0.0,0.0,0.0,0.0,0.0,72.18,86050000,0.0,0.0,0.0,0.0,0.0,68.76,60900000,,,,H
4765,2011/12,,stade-rennais,olympique-lyonnais,0.0,0.0,0.0,0.0,0.0,73.39,253175000,0.0,0.0,0.0,0.0,0.0,72.74,89500000,,,,D
4766,2011/12,,stade-brestois-29,losc-lille,0.0,0.0,0.0,0.0,0.0,70.61,86650000,0.0,0.0,0.0,0.0,0.0,72.18,86050000,,,,H
4767,2011/12,,olympique-lyonnais,aj-auxerre,0.0,0.0,0.0,0.0,0.0,72.74,89500000,0.0,0.0,0.0,0.0,0.0,0.0,0,,,,H
4768,2011/12,,ogc-nice,fc-lorient,0.0,0.0,0.0,0.0,0.0,73.28,89200000,0.0,0.0,0.0,0.0,0.0,70.23,70850000,,,,H
4769,2011/12,,paris-saint-germain,olympique-de-marseille,0.0,0.0,0.0,0.0,0.0,0.0,0,0.0,0.0,0.0,0.0,0.0,73.85,58850000,,,,H
4770,2011/12,,aj-auxerre,paris-saint-germain,0.0,0.0,0.0,0.0,0.0,0.0,0,0.0,0.0,0.0,0.0,0.0,0.0,0,,,,D
4771,2011/12,,stade-rennais,ogc-nice,0.0,0.0,0.0,0.0,0.0,73.39,253175000,0.0,0.0,0.0,0.0,0.0,73.28,89200000,,,,H
4772,2011/12,,toulouse-fc,olympique-lyonnais,0.0,0.0,0.0,0.0,0.0,68.76,60900000,0.0,0.0,0.0,0.0,0.0,72.74,89500000,,,,H
4773,2011/12,,stade-brestois-29,stade-rennais,0.0,0.0,0.0,0.0,0.0,70.61,86650000,0.0,0.0,0.0,0.0,0.0,73.39,253175000,,,,A
4774,2011/12,,ogc-nice,aj-auxerre,0.0,0.0,0.0,0.0,0.0,73.28,89200000,0.0,0.0,0.0,0.0,0.0,0.0,0,,,,H
4775,2011/12,,olympique-lyonnais,fc-lorient,0.0,0.0,0.0,0.0,0.0,72.74,89500000,0.0,0.0,0.0,0.0,0.0,70.23,70850000,,,,H
4776,2011/12,,fc-lorient,olympique-de-marseille,0.0,0.0,0.0,0.0,0.0,70.23,70850000,0.0,0.0,0.0,0.0,0.0,73.85,58850000,,,,H
4777,2011/12,,aj-auxerre,stade-brestois-29,0.0,0.0,0.0,0.0,0.0,0.0,0,0.0,0.0,0.0,0.0,0.0,70.61,86650000,,,,H
4778,2011/12,,losc-lille,paris-saint-germain,0.0,0.0,0.0,0.0,0.0,72.18,86050000,0.0,0.0,0.0,0.0,0.0,0.0,0,,,,H
4779,2011/12,,stade-brestois-29,toulouse-fc,0.0,0.0,0.0,0.0,0.0,70.61,86650000,0.0,0.0,0.0,0.0,0.0,68.76,60900000,,,,D
4780,2011/12,,ogc-nice,losc-lille,0.0,0.0,0.0,0.0,0.0,73.28,89200000,0.0,0.0,0.0,0.0,0.0,72.18,86050000,,,,A
4781,2011/12,,olympique-lyonnais,stade-brestois-29,0.0,0.0,0.0,0.0,0.0,72.74,89500000,0.0,0.0,0.0,0.0,0.0,70.61,86650000,,,,D
4782,2011/12,,toulouse-fc,ogc-nice,0.0,0.0,0.0,0.0,0.0,68.76,60900000,0.0,0.0,0.0,0.0,0.0,73.28,89200000,,,,D
4783,2011/12,,olympique-de-marseille,aj-auxerre,0.0,0.0,0.0,0.0,0.0,73.85,58850000,0.0,0.0,0.0,0.0,0.0,0.0,0,,,,H
4784,2011/12,,paris-saint-germain,stade-rennais,0.0,0.0,0.0,0.0,0.0,0.0,0,0.0,0.0,0.0,0.0,0.0,73.39,253175000,,,,H
4785,2011/12,,fc-lorient,paris-saint-germain,0.0,0.0,0.0,0.0,0.0,70.23,70850000,0.0,0.0,0.0,0.0,0.0,0.0,0,,,,A
4786,2011/12,,olympique-lyonnais,ogc-nice,0.0,0.0,0.0,0.0,0.0,72.74,89500000,0.0,0.0,0.0,0.0,0.0,73.28,89200000,,,,A
4787,2012/13,,paris-saint-germain,fc-lorient,0.0,0.0,0.0,0.0,0.0,0.0,0,0.0,0.0,0.0,0.0,0.0,70.23,70850000,,,,D
4788,2012/13,,stade-rennais,olympique-lyonnais,0.0,0.0,0.0,0.0,0.0,73.39,253175000,0.0,0.0,0.0,0.0,0.0,72.74,89500000,,,,A
4789,2012/13,,stade-de-reims,olympique-de-marseille,0.0,0.0,0.0,0.0,0.0,69.92,48600000,0.0,0.0,0.0,0.0,0.0,73.85,58850000,,,,A
4790,2012/13,,ogc-nice,losc-lille,0.0,0.0,0.0,0.0,0.0,73.28,89200000,0.0,0.0,0.0,0.0,0.0,72.18,86050000,,,,D
4791,2012/13,,toulouse-fc,stade-de-reims,0.0,0.0,0.0,0.0,0.0,68.76,60900000,0.0,0.0,0.0,0.0,0.0,69.92,48600000,,,,D
4792,2012/13,,losc-lille,paris-saint-germain,0.0,0.0,0.0,0.0,0.0,72.18,86050000,0.0,0.0,0.0,0.0,0.0,0.0,0,,,,A
4793,2012/13,,olympique-de-marseille,stade-rennais,0.0,0.0,0.0,0.0,0.0,73.85,58850000,0.0,0.0,0.0,0.0,0.0,73.39,253175000,,,,H
4794,2012/13,,paris-saint-germain,toulouse-fc,0.0,0.0,0.0,0.0,0.0,0.0,0,0.0,0.0,0.0,0.0,0.0,68.76,60900000,,,,H
4795,2012/13,,ogc-nice,stade-brestois-29,0.0,0.0,0.0,0.0,0.0,73.28,89200000,0.0,0.0,0.0,0.0,0.0,70.61,86650000,,,,H
4796,2012/13,,stade-rennais,fc-lorient,0.0,0.0,0.0,0.0,0.0,73.39,253175000,0.0,0.0,0.0,0.0,0.0,70.23,70850000,,,,A
4797,2012/13,,fc-lorient,ogc-nice,0.0,0.0,0.0,0.0,0.0,70.23,70850000,0.0,0.0,0.0,0.0,0.0,73.28,89200000,,,,D
4798,2012/13,,toulouse-fc,stade-rennais,0.0,0.0,0.0,0.0,0.0,68.76,60900000,0.0,0.0,0.0,0.0,0.0,73.39,253175000,,,,D
4799,2012/13,,losc-lille,olympique-lyonnais,0.0,0.0,0.0,0.0,0.0,72.18,86050000,0.0,0.0,0.0,0.0,0.0,72.74,89500000,,,,D
4800,2012/13,,stade-rennais,losc-lille,0.0,0.0,0.0,0.0,0.0,73.39,253175000,0.0,0.0,0.0,0.0,0.0,72.18,86050000,,,,H
4801,2012/13,,stade-de-reims,ogc-nice,0.0,0.0,0.0,0.0,0.0,69.92,48600000,0.0,0.0,0.0,0.0,0.0,73.28,89200000,,,,H
4802,2012/13,,fc-lorient,olympique-lyonnais,0.0,0.0,0.0,0.0,0.0,70.23,70850000,0.0,0.0,0.0,0.0,0.0,72.74,89500000,,,,D
4803,2012/13,,olympique-de-marseille,paris-saint-germain,0.0,0.0,0.0,0.0,0.0,73.85,58850000,0.0,0.0,0.0,0.0,0.0,0.0,0,,,,D
4804,2012/13,,paris-saint-germain,stade-de-reims,0.0,0.0,0.0,0.0,0.0,0.0,0,0.0,0.0,0.0,0.0,0.0,69.92,48600000,,,,H
4805,2012/13,,olympique-lyonnais,stade-brestois-29,0.0,0.0,0.0,0.0,0.0,72.74,89500000,0.0,0.0,0.0,0.0,0.0,70.61,86650000,,,,H
4806,2012/13,,toulouse-fc,stade-brestois-29,0.0,0.0,0.0,0.0,0.0,68.76,60900000,0.0,0.0,0.0,0.0,0.0,70.61,86650000,,,,H
4807,2012/13,,stade-brestois-29,fc-lorient,0.0,0.0,0.0,0.0,0.0,70.61,86650000,0.0,0.0,0.0,0.0,0.0,70.23,70850000,,,,H
4808,2012/13,,stade-rennais,stade-de-reims,0.0,0.0,0.0,0.0,0.0,73.39,253175000,0.0,0.0,0.0,0.0,0.0,69.92,48600000,,,,H
4809,2012/13,,losc-lille,stade-brestois-29,0.0,0.0,0.0,0.0,0.0,72.18,86050000,0.0,0.0,0.0,0.0,0.0,70.61,86650000,,,,H
4810,2012/13,,olympique-de-marseille,ogc-nice,0.0,0.0,0.0,0.0,0.0,73.85,58850000,0.0,0.0,0.0,0.0,0.0,73.28,89200000,,,,D
4811,2012/13,,fc-lorient,losc-lille,0.0,0.0,0.0,0.0,0.0,70.23,70850000,0.0,0.0,0.0,0.0,0.0,72.18,86050000,,,,H
4812,2012/13,,paris-saint-germain,stade-rennais,0.0,0.0,0.0,0.0,0.0,0.0,0,0.0,0.0,0.0,0.0,0.0,73.39,253175000,,,,A
4813,2012/13,,olympique-lyonnais,stade-de-reims,0.0,0.0,0.0,0.0,0.0,72.74,89500000,0.0,0.0,0.0,0.0,0.0,69.92,48600000,,,,H
4814,2012/13,,ogc-nice,toulouse-fc,0.0,0.0,0.0,0.0,0.0,73.28,89200000,0.0,0.0,0.0,0.0,0.0,68.76,60900000,,,,H
4815,2012/13,,stade-de-reims,stade-brestois-29,0.0,0.0,0.0,0.0,0.0,69.92,48600000,0.0,0.0,0.0,0.0,0.0,70.61,86650000,,,,D
4816,2012/13,,olympique-de-marseille,losc-lille,0.0,0.0,0.0,0.0,0.0,73.85,58850000,0.0,0.0,0.0,0.0,0.0,72.18,86050000,,,,H
4817,2012/13,,toulouse-fc,olympique-lyonnais,0.0,0.0,0.0,0.0,0.0,68.76,60900000,0.0,0.0,0.0,0.0,0.0,72.74,89500000,,,,H
4818,2012/13,,olympique-de-marseille,olympique-lyonnais,0.0,0.0,0.0,0.0,0.0,73.85,58850000,0.0,0.0,0.0,0.0,0.0,72.74,89500000,,,,A
4819,2012/13,,ogc-nice,paris-saint-germain,0.0,0.0,0.0,0.0,0.0,73.28,89200000,0.0,0.0,0.0,0.0,0.0,0.0,0,,,,H
4820,2012/13,,stade-brestois-29,olympique-de-marseille,0.0,0.0,0.0,0.0,0.0,70.61,86650000,0.0,0.0,0.0,0.0,0.0,73.85,58850000,,,,A
4821,2012/13,,fc-lorient,toulouse-fc,0.0,0.0,0.0,0.0,0.0,70.23,70850000,0.0,0.0,0.0,0.0,0.0,68.76,60900000,,,,H
4822,2012/13,,stade-rennais,stade-brestois-29,0.0,0.0,0.0,0.0,0.0,73.39,253175000,0.0,0.0,0.0,0.0,0.0,70.61,86650000,,,,D
4823,2012/13,,olympique-de-marseille,fc-lorient,0.0,0.0,0.0,0.0,0.0,73.85,58850000,0.0,0.0,0.0,0.0,0.0,70.23,70850000,,,,A
4824,2012/13,,losc-lille,toulouse-fc,0.0,0.0,0.0,0.0,0.0,72.18,86050000,0.0,0.0,0.0,0.0,0.0,68.76,60900000,,,,H
4825,2012/13,,ogc-nice,stade-rennais,0.0,0.0,0.0,0.0,0.0,73.28,89200000,0.0,0.0,0.0,0.0,0.0,73.39,253175000,,,,H
4826,2012/13,,stade-de-reims,losc-lille,0.0,0.0,0.0,0.0,0.0,69.92,48600000,0.0,0.0,0.0,0.0,0.0,72.18,86050000,,,,D
4827,2012/13,,toulouse-fc,olympique-de-marseille,0.0,0.0,0.0,0.0,0.0,68.76,60900000,0.0,0.0,0.0,0.0,0.0,73.85,58850000,,,,A
4828,2012/13,,paris-saint-germain,olympique-lyonnais,0.0,0.0,0.0,0.0,0.0,0.0,0,0.0,0.0,0.0,0.0,0.0,72.74,89500000,,,,H
4829,2012/13,,stade-brestois-29,paris-saint-germain,0.0,0.0,0.0,0.0,0.0,70.61,86650000,0.0,0.0,0.0,0.0,0.0,0.0,0,,,,A
4830,2012/13,,fc-lorient,stade-de-reims,0.0,0.0,0.0,0.0,0.0,70.23,70850000,0.0,0.0,0.0,0.0,0.0,69.92,48600000,,,,D
4831,2012/13,,olympique-lyonnais,ogc-nice,0.0,0.0,0.0,0.0,0.0,72.74,89500000,0.0,0.0,0.0,0.0,0.0,73.28,89200000,,,,H
4832,2012/13,,losc-lille,ogc-nice,0.0,0.0,0.0,0.0,0.0,72.18,86050000,0.0,0.0,0.0,0.0,0.0,73.28,89200000,,,,A
4833,2012/13,,stade-de-reims,toulouse-fc,0.0,0.0,0.0,0.0,0.0,69.92,48600000,0.0,0.0,0.0,0.0,0.0,68.76,60900000,,,,D
4834,2012/13,,stade-rennais,olympique-de-marseille,0.0,0.0,0.0,0.0,0.0,73.39,253175000,0.0,0.0,0.0,0.0,0.0,73.85,58850000,,,,D
4835,2012/13,,paris-saint-germain,losc-lille,0.0,0.0,0.0,0.0,0.0,0.0,0,0.0,0.0,0.0,0.0,0.0,72.18,86050000,,,,H
4836,2012/13,,toulouse-fc,paris-saint-germain,0.0,0.0,0.0,0.0,0.0,68.76,60900000,0.0,0.0,0.0,0.0,0.0,0.0,0,,,,A
4837,2012/13,,stade-brestois-29,ogc-nice,0.0,0.0,0.0,0.0,0.0,70.61,86650000,0.0,0.0,0.0,0.0,0.0,73.28,89200000,,,,A
4838,2012/13,,fc-lorient,stade-rennais,0.0,0.0,0.0,0.0,0.0,70.23,70850000,0.0,0.0,0.0,0.0,0.0,73.39,253175000,,,,D
4839,2012/13,,ogc-nice,fc-lorient,0.0,0.0,0.0,0.0,0.0,73.28,89200000,0.0,0.0,0.0,0.0,0.0,70.23,70850000,,,,D
4840,2012/13,,olympique-lyonnais,losc-lille,0.0,0.0,0.0,0.0,0.0,72.74,89500000,0.0,0.0,0.0,0.0,0.0,72.18,86050000,,,,A
4841,2012/13,,stade-rennais,toulouse-fc,0.0,0.0,0.0,0.0,0.0,73.39,253175000,0.0,0.0,0.0,0.0,0.0,68.76,60900000,,,,H
4842,2012/13,,losc-lille,stade-rennais,0.0,0.0,0.0,0.0,0.0,72.18,86050000,0.0,0.0,0.0,0.0,0.0,73.39,253175000,,,,H
4843,2012/13,,ogc-nice,stade-de-reims,0.0,0.0,0.0,0.0,0.0,73.28,89200000,0.0,0.0,0.0,0.0,0.0,69.92,48600000,,,,H
4844,2012/13,,olympique-lyonnais,fc-lorient,0.0,0.0,0.0,0.0,0.0,72.74,89500000,0.0,0.0,0.0,0.0,0.0,70.23,70850000,,,,H
4845,2012/13,,paris-saint-germain,olympique-de-marseille,0.0,0.0,0.0,0.0,0.0,0.0,0,0.0,0.0,0.0,0.0,0.0,73.85,58850000,,,,H
4846,2012/13,,stade-de-reims,paris-saint-germain,0.0,0.0,0.0,0.0,0.0,69.92,48600000,0.0,0.0,0.0,0.0,0.0,0.0,0,,,,H
4847,2012/13,,stade-brestois-29,olympique-lyonnais,0.0,0.0,0.0,0.0,0.0,70.61,86650000,0.0,0.0,0.0,0.0,0.0,72.74,89500000,,,,D
4848,2012/13,,stade-brestois-29,toulouse-fc,0.0,0.0,0.0,0.0,0.0,70.61,86650000,0.0,0.0,0.0,0.0,0.0,68.76,60900000,,,,A
4849,2012/13,,olympique-lyonnais,olympique-de-marseille,0.0,0.0,0.0,0.0,0.0,72.74,89500000,0.0,0.0,0.0,0.0,0.0,73.85,58850000,,,,D
4850,2012/13,,fc-lorient,stade-brestois-29,0.0,0.0,0.0,0.0,0.0,70.23,70850000,0.0,0.0,0.0,0.0,0.0,70.61,86650000,,,,H
4851,2012/13,,stade-de-reims,stade-rennais,0.0,0.0,0.0,0.0,0.0,69.92,48600000,0.0,0.0,0.0,0.0,0.0,73.39,253175000,,,,H
4852,2012/13,,stade-brestois-29,losc-lille,0.0,0.0,0.0,0.0,0.0,70.61,86650000,0.0,0.0,0.0,0.0,0.0,72.18,86050000,,,,A
4853,2012/13,,ogc-nice,olympique-de-marseille,0.0,0.0,0.0,0.0,0.0,73.28,89200000,0.0,0.0,0.0,0.0,0.0,73.85,58850000,,,,A
4854,2012/13,,stade-rennais,paris-saint-germain,0.0,0.0,0.0,0.0,0.0,73.39,253175000,0.0,0.0,0.0,0.0,0.0,0.0,0,,,,A
4855,2012/13,,toulouse-fc,ogc-nice,0.0,0.0,0.0,0.0,0.0,68.76,60900000,0.0,0.0,0.0,0.0,0.0,73.28,89200000,,,,A
4856,2012/13,,losc-lille,fc-lorient,0.0,0.0,0.0,0.0,0.0,72.18,86050000,0.0,0.0,0.0,0.0,0.0,70.23,70850000,,,,H
4857,2012/13,,stade-de-reims,olympique-lyonnais,0.0,0.0,0.0,0.0,0.0,69.92,48600000,0.0,0.0,0.0,0.0,0.0,72.74,89500000,,,,H
4858,2012/13,,stade-brestois-29,stade-de-reims,0.0,0.0,0.0,0.0,0.0,70.61,86650000,0.0,0.0,0.0,0.0,0.0,69.92,48600000,,,,A
4859,2012/13,,losc-lille,olympique-de-marseille,0.0,0.0,0.0,0.0,0.0,72.18,86050000,0.0,0.0,0.0,0.0,0.0,73.85,58850000,,,,D
4860,2012/13,,olympique-lyonnais,toulouse-fc,0.0,0.0,0.0,0.0,0.0,72.74,89500000,0.0,0.0,0.0,0.0,0.0,68.76,60900000,,,,H
4861,2012/13,,olympique-de-marseille,stade-brestois-29,0.0,0.0,0.0,0.0,0.0,73.85,58850000,0.0,0.0,0.0,0.0,0.0,70.61,86650000,,,,H
4862,2012/13,,paris-saint-germain,ogc-nice,0.0,0.0,0.0,0.0,0.0,0.0,0,0.0,0.0,0.0,0.0,0.0,73.28,89200000,,,,H
4863,2012/13,,toulouse-fc,fc-lorient,0.0,0.0,0.0,0.0,0.0,68.76,60900000,0.0,0.0,0.0,0.0,0.0,70.23,70850000,,,,A
4864,2012/13,,stade-brestois-29,stade-rennais,0.0,0.0,0.0,0.0,0.0,70.61,86650000,0.0,0.0,0.0,0.0,0.0,73.39,253175000,,,,A
4865,2012/13,,fc-lorient,olympique-de-marseille,0.0,0.0,0.0,0.0,0.0,70.23,70850000,0.0,0.0,0.0,0.0,0.0,73.85,58850000,,,,A
4866,2012/13,,toulouse-fc,losc-lille,0.0,0.0,0.0,0.0,0.0,68.76,60900000,0.0,0.0,0.0,0.0,0.0,72.18,86050000,,,,H
4867,2012/13,,stade-rennais,ogc-nice,0.0,0.0,0.0,0.0,0.0,73.39,253175000,0.0,0.0,0.0,0.0,0.0,73.28,89200000,,,,A
4868,2012/13,,losc-lille,stade-de-reims,0.0,0.0,0.0,0.0,0.0,72.18,86050000,0.0,0.0,0.0,0.0,0.0,69.92,48600000,,,,H
4869,2012/13,,olympique-de-marseille,toulouse-fc,0.0,0.0,0.0,0.0,0.0,73.85,58850000,0.0,0.0,0.0,0.0,0.0,68.76,60900000,,,,H
4870,2012/13,,olympique-lyonnais,paris-saint-germain,0.0,0.0,0.0,0.0,0.0,72.74,89500000,0.0,0.0,0.0,0.0,0.0,0.0,0,,,,A
4871,2012/13,,paris-saint-germain,stade-brestois-29,0.0,0.0,0.0,0.0,0.0,0.0,0,0.0,0.0,0.0,0.0,0.0,70.61,86650000,,,,H
4872,2012/13,,stade-de-reims,fc-lorient,0.0,0.0,0.0,0.0,0.0,69.92,48600000,0.0,0.0,0.0,0.0,0.0,70.23,70850000,,,,H
4873,2012/13,,ogc-nice,olympique-lyonnais,0.0,0.0,0.0,0.0,0.0,73.28,89200000,0.0,0.0,0.0,0.0,0.0,72.74,89500000,,,,D
4874,2012/13,,fc-lorient,paris-saint-germain,0.0,0.0,0.0,0.0,0.0,70.23,70850000,0.0,0.0,0.0,0.0,0.0,0.0,0,,,,A
4875,2012/13,,olympique-lyonnais,stade-rennais,0.0,0.0,0.0,0.0,0.0,72.74,89500000,0.0,0.0,0.0,0.0,0.0,73.39,253175000,,,,H
4876,2012/13,,olympique-de-marseille,stade-de-reims,0.0,0.0,0.0,0.0,0.0,73.85,58850000,0.0,0.0,0.0,0.0,0.0,69.92,48600000,,,,D
4877,2013/14,,losc-lille,fc-lorient,0.0,0.0,0.0,0.0,0.0,72.18,86050000,0.0,0.0,0.0,0.0,0.0,70.23,70850000,,,,H
4878,2013/14,,olympique-lyonnais,ogc-nice,0.0,0.0,0.0,0.0,0.0,72.74,89500000,0.0,0.0,0.0,0.0,0.0,73.28,89200000,,,,H
4879,2013/14,,stade-rennais,stade-de-reims,0.0,0.0,0.0,0.0,0.0,73.39,253175000,0.0,0.0,0.0,0.0,0.0,69.92,48600000,,,,H
4880,2013/14,,ogc-nice,stade-rennais,0.0,0.0,0.0,0.0,0.0,73.28,89200000,0.0,0.0,0.0,0.0,0.0,73.39,253175000,,,,H
4881,2013/14,,stade-de-reims,losc-lille,0.0,0.0,0.0,0.0,0.0,69.92,48600000,0.0,0.0,0.0,0.0,0.0,72.18,86050000,,,,H
4882,2013/14,,fc-lorient,fc-nantes,0.0,0.0,0.0,0.0,0.0,70.23,70850000,0.0,0.0,0.0,0.0,0.0,69.58,54600000,,,,H
4883,2013/14,,as-monaco,toulouse-fc,0.0,0.0,0.0,0.0,0.0,73.63,257100000,0.0,0.0,0.0,0.0,0.0,68.76,60900000,,,,D
4884,2013/14,,olympique-lyonnais,stade-de-reims,0.0,0.0,0.0,0.0,0.0,72.74,89500000,0.0,0.0,0.0,0.0,0.0,69.92,48600000,,,,A
4885,2013/14,,fc-nantes,paris-saint-germain,0.0,0.0,0.0,0.0,0.0,69.58,54600000,0.0,0.0,0.0,0.0,0.0,0.0,0,,,,A
4886,2013/14,,stade-de-reims,fc-nantes,0.0,0.0,0.0,0.0,0.0,69.92,48600000,0.0,0.0,0.0,0.0,0.0,69.58,54600000,,,,D
4887,2013/14,,stade-rennais,losc-lille,0.0,0.0,0.0,0.0,0.0,73.39,253175000,0.0,0.0,0.0,0.0,0.0,72.18,86050000,,,,D
4888,2013/14,,olympique-de-marseille,as-monaco,0.0,0.0,0.0,0.0,0.0,73.85,58850000,0.0,0.0,0.0,0.0,0.0,73.63,257100000,,,,A
4889,2013/14,,toulouse-fc,olympique-de-marseille,0.0,0.0,0.0,0.0,0.0,68.76,60900000,0.0,0.0,0.0,0.0,0.0,73.85,58850000,,,,D
4890,2013/14,,losc-lille,ogc-nice,0.0,0.0,0.0,0.0,0.0,72.18,86050000,0.0,0.0,0.0,0.0,0.0,73.28,89200000,,,,A
4891,2013/14,,olympique-lyonnais,stade-rennais,0.0,0.0,0.0,0.0,0.0,72.74,89500000,0.0,0.0,0.0,0.0,0.0,73.39,253175000,,,,D
4892,2013/14,,as-monaco,fc-lorient,0.0,0.0,0.0,0.0,0.0,73.63,257100000,0.0,0.0,0.0,0.0,0.0,70.23,70850000,,,,H
4893,2013/14,,olympique-lyonnais,fc-nantes,0.0,0.0,0.0,0.0,0.0,72.74,89500000,0.0,0.0,0.0,0.0,0.0,69.58,54600000,,,,H
4894,2013/14,,paris-saint-germain,as-monaco,0.0,0.0,0.0,0.0,0.0,0.0,0,0.0,0.0,0.0,0.0,0.0,73.63,257100000,,,,D
4895,2013/14,,fc-nantes,ogc-nice,0.0,0.0,0.0,0.0,0.0,69.58,54600000,0.0,0.0,0.0,0.0,0.0,73.28,89200000,,,,H
4896,2013/14,,toulouse-fc,fc-lorient,0.0,0.0,0.0,0.0,0.0,68.76,60900000,0.0,0.0,0.0,0.0,0.0,70.23,70850000,,,,H
4897,2013/14,,fc-lorient,olympique-de-marseille,0.0,0.0,0.0,0.0,0.0,70.23,70850000,0.0,0.0,0.0,0.0,0.0,73.85,58850000,,,,A
4898,2013/14,,olympique-lyonnais,losc-lille,0.0,0.0,0.0,0.0,0.0,72.74,89500000,0.0,0.0,0.0,0.0,0.0,72.18,86050000,,,,D
4899,2013/14,,paris-saint-germain,toulouse-fc,0.0,0.0,0.0,0.0,0.0,0.0,0,0.0,0.0,0.0,0.0,0.0,68.76,60900000,,,,H
4900,2013/14,,stade-de-reims,as-monaco,0.0,0.0,0.0,0.0,0.0,69.92,48600000,0.0,0.0,0.0,0.0,0.0,73.63,257100000,,,,D
4901,2013/14,,stade-rennais,fc-nantes,0.0,0.0,0.0,0.0,0.0,73.39,253175000,0.0,0.0,0.0,0.0,0.0,69.58,54600000,,,,A
4902,2013/14,,toulouse-fc,ogc-nice,0.0,0.0,0.0,0.0,0.0,68.76,60900000,0.0,0.0,0.0,0.0,0.0,73.28,89200000,,,,H
4903,2013/14,,olympique-de-marseille,paris-saint-germain,0.0,0.0,0.0,0.0,0.0,73.85,58850000,0.0,0.0,0.0,0.0,0.0,0.0,0,,,,A
4904,2013/14,,ogc-nice,olympique-de-marseille,0.0,0.0,0.0,0.0,0.0,73.28,89200000,0.0,0.0,0.0,0.0,0.0,73.85,58850000,,,,H
4905,2013/14,,stade-de-reims,toulouse-fc,0.0,0.0,0.0,0.0,0.0,69.92,48600000,0.0,0.0,0.0,0.0,0.0,68.76,60900000,,,,A
4906,2013/14,,fc-nantes,losc-lille,0.0,0.0,0.0,0.0,0.0,69.58,54600000,0.0,0.0,0.0,0.0,0.0,72.18,86050000,,,,A
4907,2013/14,,olympique-de-marseille,stade-de-reims,0.0,0.0,0.0,0.0,0.0,73.85,58850000,0.0,0.0,0.0,0.0,0.0,69.92,48600000,,,,A
4908,2013/14,,toulouse-fc,stade-rennais,0.0,0.0,0.0,0.0,0.0,68.76,60900000,0.0,0.0,0.0,0.0,0.0,73.39,253175000,,,,A
4909,2013/14,,as-monaco,olympique-lyonnais,0.0,0.0,0.0,0.0,0.0,73.63,257100000,0.0,0.0,0.0,0.0,0.0,72.74,89500000,,,,H
4910,2013/14,,paris-saint-germain,fc-lorient,0.0,0.0,0.0,0.0,0.0,0.0,0,0.0,0.0,0.0,0.0,0.0,70.23,70850000,,,,H
4911,2013/14,,stade-rennais,olympique-de-marseille,0.0,0.0,0.0,0.0,0.0,73.39,253175000,0.0,0.0,0.0,0.0,0.0,73.85,58850000,,,,D
4912,2013/14,,losc-lille,as-monaco,0.0,0.0,0.0,0.0,0.0,72.18,86050000,0.0,0.0,0.0,0.0,0.0,73.63,257100000,,,,H
4913,2013/14,,fc-lorient,stade-de-reims,0.0,0.0,0.0,0.0,0.0,70.23,70850000,0.0,0.0,0.0,0.0,0.0,69.92,48600000,,,,D
4914,2013/14,,paris-saint-germain,ogc-nice,0.0,0.0,0.0,0.0,0.0,0.0,0,0.0,0.0,0.0,0.0,0.0,73.28,89200000,,,,H
4915,2013/14,,stade-de-reims,paris-saint-germain,0.0,0.0,0.0,0.0,0.0,69.92,48600000,0.0,0.0,0.0,0.0,0.0,0.0,0,,,,A
4916,2013/14,,losc-lille,toulouse-fc,0.0,0.0,0.0,0.0,0.0,72.18,86050000,0.0,0.0,0.0,0.0,0.0,68.76,60900000,,,,H
4917,2013/14,,fc-nantes,as-monaco,0.0,0.0,0.0,0.0,0.0,69.58,54600000,0.0,0.0,0.0,0.0,0.0,73.63,257100000,,,,A
4918,2013/14,,fc-lorient,ogc-nice,0.0,0.0,0.0,0.0,0.0,70.23,70850000,0.0,0.0,0.0,0.0,0.0,73.28,89200000,,,,H
4919,2013/14,,as-monaco,stade-rennais,0.0,0.0,0.0,0.0,0.0,73.63,257100000,0.0,0.0,0.0,0.0,0.0,73.39,253175000,,,,H
4920,2013/14,,paris-saint-germain,olympique-lyonnais,0.0,0.0,0.0,0.0,0.0,0.0,0,0.0,0.0,0.0,0.0,0.0,72.74,89500000,,,,H
4921,2013/14,,losc-lille,olympique-de-marseille,0.0,0.0,0.0,0.0,0.0,72.18,86050000,0.0,0.0,0.0,0.0,0.0,73.85,58850000,,,,H
4922,2013/14,,ogc-nice,as-monaco,0.0,0.0,0.0,0.0,0.0,73.28,89200000,0.0,0.0,0.0,0.0,0.0,73.63,257100000,,,,A
4923,2013/14,,olympique-lyonnais,toulouse-fc,0.0,0.0,0.0,0.0,0.0,72.74,89500000,0.0,0.0,0.0,0.0,0.0,68.76,60900000,,,,D
4924,2013/14,,olympique-de-marseille,fc-nantes,0.0,0.0,0.0,0.0,0.0,73.85,58850000,0.0,0.0,0.0,0.0,0.0,69.58,54600000,,,,A
4925,2013/14,,fc-lorient,stade-rennais,0.0,0.0,0.0,0.0,0.0,70.23,70850000,0.0,0.0,0.0,0.0,0.0,73.39,253175000,,,,H
4926,2013/14,,stade-de-reims,ogc-nice,0.0,0.0,0.0,0.0,0.0,69.92,48600000,0.0,0.0,0.0,0.0,0.0,73.28,89200000,,,,H
4927,2013/14,,fc-nantes,toulouse-fc,0.0,0.0,0.0,0.0,0.0,69.58,54600000,0.0,0.0,0.0,0.0,0.0,68.76,60900000,,,,A
4928,2013/14,,stade-rennais,paris-saint-germain,0.0,0.0,0.0,0.0,0.0,73.39,253175000,0.0,0.0,0.0,0.0,0.0,0.0,0,,,,A
4929,2013/14,,olympique-lyonnais,olympique-de-marseille,0.0,0.0,0.0,0.0,0.0,72.74,89500000,0.0,0.0,0.0,0.0,0.0,73.85,58850000,,,,D
4930,2013/14,,fc-lorient,olympique-lyonnais,0.0,0.0,0.0,0.0,0.0,70.23,70850000,0.0,0.0,0.0,0.0,0.0,72.74,89500000,,,,D
4931,2013/14,,paris-saint-germain,losc-lille,0.0,0.0,0.0,0.0,0.0,0.0,0,0.0,0.0,0.0,0.0,0.0,72.18,86050000,,,,D
4932,2013/14,,stade-rennais,ogc-nice,0.0,0.0,0.0,0.0,0.0,73.39,253175000,0.0,0.0,0.0,0.0,0.0,73.28,89200000,,,,D
4933,2013/14,,losc-lille,stade-de-reims,0.0,0.0,0.0,0.0,0.0,72.18,86050000,0.0,0.0,0.0,0.0,0.0,69.92,48600000,,,,A
4934,2013/14,,fc-nantes,fc-lorient,0.0,0.0,0.0,0.0,0.0,69.58,54600000,0.0,0.0,0.0,0.0,0.0,70.23,70850000,,,,H
4935,2013/14,,paris-saint-germain,fc-nantes,0.0,0.0,0.0,0.0,0.0,0.0,0,0.0,0.0,0.0,0.0,0.0,69.58,54600000,,,,H
4936,2013/14,,stade-de-reims,olympique-lyonnais,0.0,0.0,0.0,0.0,0.0,69.92,48600000,0.0,0.0,0.0,0.0,0.0,72.74,89500000,,,,A
4937,2013/14,,toulouse-fc,as-monaco,0.0,0.0,0.0,0.0,0.0,68.76,60900000,0.0,0.0,0.0,0.0,0.0,73.63,257100000,,,,A
4938,2013/14,,losc-lille,stade-rennais,0.0,0.0,0.0,0.0,0.0,72.18,86050000,0.0,0.0,0.0,0.0,0.0,73.39,253175000,,,,D
4939,2013/14,,fc-nantes,stade-de-reims,0.0,0.0,0.0,0.0,0.0,69.58,54600000,0.0,0.0,0.0,0.0,0.0,69.92,48600000,,,,D
4940,2013/14,,as-monaco,olympique-de-marseille,0.0,0.0,0.0,0.0,0.0,73.63,257100000,0.0,0.0,0.0,0.0,0.0,73.85,58850000,,,,H
4941,2013/14,,fc-lorient,as-monaco,0.0,0.0,0.0,0.0,0.0,70.23,70850000,0.0,0.0,0.0,0.0,0.0,73.63,257100000,,,,D
4942,2013/14,,olympique-de-marseille,toulouse-fc,0.0,0.0,0.0,0.0,0.0,73.85,58850000,0.0,0.0,0.0,0.0,0.0,68.76,60900000,,,,D
4943,2013/14,,ogc-nice,losc-lille,0.0,0.0,0.0,0.0,0.0,73.28,89200000,0.0,0.0,0.0,0.0,0.0,72.18,86050000,,,,H
4944,2013/14,,stade-rennais,olympique-lyonnais,0.0,0.0,0.0,0.0,0.0,73.39,253175000,0.0,0.0,0.0,0.0,0.0,72.74,89500000,,,,H
4945,2013/14,,as-monaco,paris-saint-germain,0.0,0.0,0.0,0.0,0.0,73.63,257100000,0.0,0.0,0.0,0.0,0.0,0.0,0,,,,D
4946,2013/14,,fc-nantes,olympique-lyonnais,0.0,0.0,0.0,0.0,0.0,69.58,54600000,0.0,0.0,0.0,0.0,0.0,72.74,89500000,,,,A
4947,2013/14,,fc-lorient,toulouse-fc,0.0,0.0,0.0,0.0,0.0,70.23,70850000,0.0,0.0,0.0,0.0,0.0,68.76,60900000,,,,A
4948,2013/14,,ogc-nice,fc-nantes,0.0,0.0,0.0,0.0,0.0,73.28,89200000,0.0,0.0,0.0,0.0,0.0,69.58,54600000,,,,D
4949,2013/14,,as-monaco,stade-de-reims,0.0,0.0,0.0,0.0,0.0,73.63,257100000,0.0,0.0,0.0,0.0,0.0,69.92,48600000,,,,H
4950,2013/14,,olympique-de-marseille,fc-lorient,0.0,0.0,0.0,0.0,0.0,73.85,58850000,0.0,0.0,0.0,0.0,0.0,70.23,70850000,,,,H
4951,2013/14,,losc-lille,olympique-lyonnais,0.0,0.0,0.0,0.0,0.0,72.18,86050000,0.0,0.0,0.0,0.0,0.0,72.74,89500000,,,,D
4952,2013/14,,fc-nantes,stade-rennais,0.0,0.0,0.0,0.0,0.0,69.58,54600000,0.0,0.0,0.0,0.0,0.0,73.39,253175000,,,,A
4953,2013/14,,toulouse-fc,paris-saint-germain,0.0,0.0,0.0,0.0,0.0,68.76,60900000,0.0,0.0,0.0,0.0,0.0,0.0,0,,,,A
4954,2013/14,,ogc-nice,toulouse-fc,0.0,0.0,0.0,0.0,0.0,73.28,89200000,0.0,0.0,0.0,0.0,0.0,68.76,60900000,,,,A
4955,2013/14,,paris-saint-germain,olympique-de-marseille,0.0,0.0,0.0,0.0,0.0,0.0,0,0.0,0.0,0.0,0.0,0.0,73.85,58850000,,,,H
4956,2013/14,,olympique-de-marseille,ogc-nice,0.0,0.0,0.0,0.0,0.0,73.85,58850000,0.0,0.0,0.0,0.0,0.0,73.28,89200000,,,,A
4957,2013/14,,toulouse-fc,stade-de-reims,0.0,0.0,0.0,0.0,0.0,68.76,60900000,0.0,0.0,0.0,0.0,0.0,69.92,48600000,,,,H
4958,2013/14,,stade-de-reims,olympique-de-marseille,0.0,0.0,0.0,0.0,0.0,69.92,48600000,0.0,0.0,0.0,0.0,0.0,73.85,58850000,,,,D
4959,2013/14,,losc-lille,fc-nantes,0.0,0.0,0.0,0.0,0.0,72.18,86050000,0.0,0.0,0.0,0.0,0.0,69.58,54600000,,,,D
4960,2013/14,,stade-rennais,toulouse-fc,0.0,0.0,0.0,0.0,0.0,73.39,253175000,0.0,0.0,0.0,0.0,0.0,68.76,60900000,,,,A
4961,2013/14,,olympique-lyonnais,as-monaco,0.0,0.0,0.0,0.0,0.0,72.74,89500000,0.0,0.0,0.0,0.0,0.0,73.63,257100000,,,,A
4962,2013/14,,fc-lorient,paris-saint-germain,0.0,0.0,0.0,0.0,0.0,70.23,70850000,0.0,0.0,0.0,0.0,0.0,0.0,0,,,,A
4963,2013/14,,olympique-de-marseille,stade-rennais,0.0,0.0,0.0,0.0,0.0,73.85,58850000,0.0,0.0,0.0,0.0,0.0,73.39,253175000,,,,A
4964,2013/14,,as-monaco,losc-lille,0.0,0.0,0.0,0.0,0.0,73.63,257100000,0.0,0.0,0.0,0.0,0.0,72.18,86050000,,,,D
4965,2013/14,,ogc-nice,paris-saint-germain,0.0,0.0,0.0,0.0,0.0,73.28,89200000,0.0,0.0,0.0,0.0,0.0,0.0,0,,,,A
4966,2013/14,,stade-de-reims,fc-lorient,0.0,0.0,0.0,0.0,0.0,69.92,48600000,0.0,0.0,0.0,0.0,0.0,70.23,70850000,,,,D
4967,2013/14,,paris-saint-germain,stade-de-reims,0.0,0.0,0.0,0.0,0.0,0.0,0,0.0,0.0,0.0,0.0,0.0,69.92,48600000,,,,H
4968,2013/14,,toulouse-fc,losc-lille,0.0,0.0,0.0,0.0,0.0,68.76,60900000,0.0,0.0,0.0,0.0,0.0,72.18,86050000,,,,A
4969,2013/14,,as-monaco,fc-nantes,0.0,0.0,0.0,0.0,0.0,73.63,257100000,0.0,0.0,0.0,0.0,0.0,69.58,54600000,,,,H
4970,2013/14,,ogc-nice,fc-lorient,0.0,0.0,0.0,0.0,0.0,73.28,89200000,0.0,0.0,0.0,0.0,0.0,70.23,70850000,,,,A
4971,2013/14,,stade-rennais,as-monaco,0.0,0.0,0.0,0.0,0.0,73.39,253175000,0.0,0.0,0.0,0.0,0.0,73.63,257100000,,,,A
4972,2013/14,,olympique-lyonnais,paris-saint-germain,0.0,0.0,0.0,0.0,0.0,72.74,89500000,0.0,0.0,0.0,0.0,0.0,0.0,0,,,,H
4973,2013/14,,olympique-de-marseille,losc-lille,0.0,0.0,0.0,0.0,0.0,73.85,58850000,0.0,0.0,0.0,0.0,0.0,72.18,86050000,,,,D
4974,2013/14,,as-monaco,ogc-nice,0.0,0.0,0.0,0.0,0.0,73.63,257100000,0.0,0.0,0.0,0.0,0.0,73.28,89200000,,,,H
4975,2013/14,,toulouse-fc,olympique-lyonnais,0.0,0.0,0.0,0.0,0.0,68.76,60900000,0.0,0.0,0.0,0.0,0.0,72.74,89500000,,,,D
4976,2013/14,,fc-nantes,olympique-de-marseille,0.0,0.0,0.0,0.0,0.0,69.58,54600000,0.0,0.0,0.0,0.0,0.0,73.85,58850000,,,,D
4977,2013/14,,ogc-nice,stade-de-reims,0.0,0.0,0.0,0.0,0.0,73.28,89200000,0.0,0.0,0.0,0.0,0.0,69.92,48600000,,,,H
4978,2013/14,,stade-rennais,fc-lorient,0.0,0.0,0.0,0.0,0.0,73.39,253175000,0.0,0.0,0.0,0.0,0.0,70.23,70850000,,,,D
4979,2013/14,,olympique-de-marseille,olympique-lyonnais,0.0,0.0,0.0,0.0,0.0,73.85,58850000,0.0,0.0,0.0,0.0,0.0,72.74,89500000,,,,H
4980,2013/14,,toulouse-fc,fc-nantes,0.0,0.0,0.0,0.0,0.0,68.76,60900000,0.0,0.0,0.0,0.0,0.0,69.58,54600000,,,,D
4981,2013/14,,paris-saint-germain,stade-rennais,0.0,0.0,0.0,0.0,0.0,0.0,0,0.0,0.0,0.0,0.0,0.0,73.39,253175000,,,,A
4982,2013/14,,losc-lille,paris-saint-germain,0.0,0.0,0.0,0.0,0.0,72.18,86050000,0.0,0.0,0.0,0.0,0.0,0.0,0,,,,A
4983,2013/14,,olympique-lyonnais,fc-lorient,0.0,0.0,0.0,0.0,0.0,72.74,89500000,0.0,0.0,0.0,0.0,0.0,70.23,70850000,,,,A
4984,2013/14,,fc-lorient,losc-lille,0.0,0.0,0.0,0.0,0.0,70.23,70850000,0.0,0.0,0.0,0.0,0.0,72.18,86050000,,,,A
4985,2013/14,,ogc-nice,olympique-lyonnais,0.0,0.0,0.0,0.0,0.0,73.28,89200000,0.0,0.0,0.0,0.0,0.0,72.74,89500000,,,,A
4986,2013/14,,stade-de-reims,stade-rennais,0.0,0.0,0.0,0.0,0.0,69.92,48600000,0.0,0.0,0.0,0.0,0.0,73.39,253175000,,,,A
4987,2014/15,,stade-de-reims,paris-saint-germain,0.0,0.0,0.0,0.0,0.0,69.92,48600000,0.0,0.0,0.0,0.0,0.0,0.0,0,,,,D
4988,2014/15,,losc-lille,fc-metz,0.0,0.0,0.0,0.0,0.0,72.18,86050000,0.0,0.0,0.0,0.0,0.0,67.29,41450000,,,,D
4989,2014/15,,fc-nantes,rc-lens,0.0,0.0,0.0,0.0,0.0,69.58,54600000,0.0,0.0,0.0,0.0,0.0,72.84,82750000,,,,H
4990,2014/15,,ogc-nice,toulouse-fc,0.0,0.0,0.0,0.0,0.0,73.28,89200000,0.0,0.0,0.0,0.0,0.0,68.76,60900000,,,,H
4991,2014/15,,olympique-lyonnais,stade-rennais,0.0,0.0,0.0,0.0,0.0,72.74,89500000,0.0,0.0,0.0,0.0,0.0,73.39,253175000,,,,H
4992,2014/15,,as-monaco,fc-lorient,0.0,0.0,0.0,0.0,0.0,73.63,257100000,0.0,0.0,0.0,0.0,0.0,70.23,70850000,,,,A
4993,2014/15,,fc-lorient,ogc-nice,0.0,0.0,0.0,0.0,0.0,70.23,70850000,0.0,0.0,0.0,0.0,0.0,73.28,89200000,,,,D
4994,2014/15,,fc-metz,fc-nantes,0.0,0.0,0.0,0.0,0.0,67.29,41450000,0.0,0.0,0.0,0.0,0.0,69.58,54600000,,,,D
4995,2014/15,,toulouse-fc,olympique-lyonnais,0.0,0.0,0.0,0.0,0.0,68.76,60900000,0.0,0.0,0.0,0.0,0.0,72.74,89500000,,,,H
4996,2014/15,,losc-lille,fc-lorient,0.0,0.0,0.0,0.0,0.0,72.18,86050000,0.0,0.0,0.0,0.0,0.0,70.23,70850000,,,,H
4997,2014/15,,olympique-lyonnais,rc-lens,0.0,0.0,0.0,0.0,0.0,72.74,89500000,0.0,0.0,0.0,0.0,0.0,72.84,82750000,,,,A
4998,2014/15,,fc-nantes,as-monaco,0.0,0.0,0.0,0.0,0.0,69.58,54600000,0.0,0.0,0.0,0.0,0.0,73.63,257100000,,,,A
4999,2014/15,,olympique-de-marseille,ogc-nice,0.0,0.0,0.0,0.0,0.0,73.85,58850000,0.0,0.0,0.0,0.0,0.0,73.28,89200000,,,,H
5000,2014/15,,rc-lens,stade-de-reims,0.0,0.0,0.0,0.0,0.0,72.84,82750000,0.0,0.0,0.0,0.0,0.0,69.92,48600000,,,,H
5001,2014/15,,as-monaco,losc-lille,0.0,0.0,0.0,0.0,0.0,73.63,257100000,0.0,0.0,0.0,0.0,0.0,72.18,86050000,,,,D
5002,2014/15,,fc-metz,olympique-lyonnais,0.0,0.0,0.0,0.0,0.0,67.29,41450000,0.0,0.0,0.0,0.0,0.0,72.74,89500000,,,,H
5003,2014/15,,olympique-lyonnais,as-monaco,0.0,0.0,0.0,0.0,0.0,72.74,89500000,0.0,0.0,0.0,0.0,0.0,73.63,257100000,,,,H
5004,2014/15,,ogc-nice,fc-metz,0.0,0.0,0.0,0.0,0.0,73.28,89200000,0.0,0.0,0.0,0.0,0.0,67.29,41450000,,,,H
5005,2014/15,,stade-de-reims,toulouse-fc,0.0,0.0,0.0,0.0,0.0,69.92,48600000,0.0,0.0,0.0,0.0,0.0,68.76,60900000,,,,H
5006,2014/15,,stade-rennais,paris-saint-germain,0.0,0.0,0.0,0.0,0.0,73.39,253175000,0.0,0.0,0.0,0.0,0.0,0.0,0,,,,D
5007,2014/15,,losc-lille,fc-nantes,0.0,0.0,0.0,0.0,0.0,72.18,86050000,0.0,0.0,0.0,0.0,0.0,69.58,54600000,,,,H
5008,2014/15,,fc-lorient,stade-de-reims,0.0,0.0,0.0,0.0,0.0,70.23,70850000,0.0,0.0,0.0,0.0,0.0,69.92,48600000,,,,A
5009,2014/15,,olympique-de-marseille,stade-rennais,0.0,0.0,0.0,0.0,0.0,73.85,58850000,0.0,0.0,0.0,0.0,0.0,73.39,253175000,,,,H
5010,2014/15,,fc-nantes,ogc-nice,0.0,0.0,0.0,0.0,0.0,69.58,54600000,0.0,0.0,0.0,0.0,0.0,73.28,89200000,,,,H
5011,2014/15,,paris-saint-germain,olympique-lyonnais,0.0,0.0,0.0,0.0,0.0,0.0,0,0.0,0.0,0.0,0.0,0.0,72.74,89500000,,,,D
5012,2014/15,,stade-de-reims,olympique-de-marseille,0.0,0.0,0.0,0.0,0.0,69.92,48600000,0.0,0.0,0.0,0.0,0.0,73.85,58850000,,,,A
5013,2014/15,,stade-rennais,toulouse-fc,0.0,0.0,0.0,0.0,0.0,73.39,253175000,0.0,0.0,0.0,0.0,0.0,68.76,60900000,,,,A
5014,2014/15,,olympique-lyonnais,fc-lorient,0.0,0.0,0.0,0.0,0.0,72.74,89500000,0.0,0.0,0.0,0.0,0.0,70.23,70850000,,,,H
5015,2014/15,,ogc-nice,losc-lille,0.0,0.0,0.0,0.0,0.0,73.28,89200000,0.0,0.0,0.0,0.0,0.0,72.18,86050000,,,,H
5016,2014/15,,fc-metz,stade-de-reims,0.0,0.0,0.0,0.0,0.0,67.29,41450000,0.0,0.0,0.0,0.0,0.0,69.92,48600000,,,,H
5017,2014/15,,as-monaco,ogc-nice,0.0,0.0,0.0,0.0,0.0,73.63,257100000,0.0,0.0,0.0,0.0,0.0,73.28,89200000,,,,A
5018,2014/15,,toulouse-fc,paris-saint-germain,0.0,0.0,0.0,0.0,0.0,68.76,60900000,0.0,0.0,0.0,0.0,0.0,0.0,0,,,,D
5019,2014/15,,fc-nantes,olympique-lyonnais,0.0,0.0,0.0,0.0,0.0,69.58,54600000,0.0,0.0,0.0,0.0,0.0,72.74,89500000,,,,D
5020,2014/15,,stade-rennais,rc-lens,0.0,0.0,0.0,0.0,0.0,73.39,253175000,0.0,0.0,0.0,0.0,0.0,72.84,82750000,,,,H
5021,2014/15,,olympique-lyonnais,losc-lille,0.0,0.0,0.0,0.0,0.0,72.74,89500000,0.0,0.0,0.0,0.0,0.0,72.18,86050000,,,,H
5022,2014/15,,paris-saint-germain,as-monaco,0.0,0.0,0.0,0.0,0.0,0.0,0,0.0,0.0,0.0,0.0,0.0,73.63,257100000,,,,D
5023,2014/15,,rc-lens,paris-saint-germain,0.0,0.0,0.0,0.0,0.0,72.84,82750000,0.0,0.0,0.0,0.0,0.0,0.0,0,,,,A
5024,2014/15,,fc-metz,stade-rennais,0.0,0.0,0.0,0.0,0.0,67.29,41450000,0.0,0.0,0.0,0.0,0.0,73.39,253175000,,,,D
5025,2014/15,,fc-nantes,stade-de-reims,0.0,0.0,0.0,0.0,0.0,69.58,54600000,0.0,0.0,0.0,0.0,0.0,69.92,48600000,,,,D
5026,2014/15,,olympique-de-marseille,toulouse-fc,0.0,0.0,0.0,0.0,0.0,73.85,58850000,0.0,0.0,0.0,0.0,0.0,68.76,60900000,,,,H
5027,2014/15,,toulouse-fc,rc-lens,0.0,0.0,0.0,0.0,0.0,68.76,60900000,0.0,0.0,0.0,0.0,0.0,72.84,82750000,,,,A
5028,2014/15,,olympique-lyonnais,olympique-de-marseille,0.0,0.0,0.0,0.0,0.0,72.74,89500000,0.0,0.0,0.0,0.0,0.0,73.85,58850000,,,,H
5029,2014/15,,stade-rennais,losc-lille,0.0,0.0,0.0,0.0,0.0,73.39,253175000,0.0,0.0,0.0,0.0,0.0,72.18,86050000,,,,H
5030,2014/15,,as-monaco,stade-de-reims,0.0,0.0,0.0,0.0,0.0,73.63,257100000,0.0,0.0,0.0,0.0,0.0,69.92,48600000,,,,D
5031,2014/15,,fc-lorient,paris-saint-germain,0.0,0.0,0.0,0.0,0.0,70.23,70850000,0.0,0.0,0.0,0.0,0.0,0.0,0,,,,A
5032,2014/15,,ogc-nice,olympique-lyonnais,0.0,0.0,0.0,0.0,0.0,73.28,89200000,0.0,0.0,0.0,0.0,0.0,72.74,89500000,,,,A
5033,2014/15,,olympique-de-marseille,rc-lens,0.0,0.0,0.0,0.0,0.0,73.85,58850000,0.0,0.0,0.0,0.0,0.0,72.84,82750000,,,,H
5034,2014/15,,fc-nantes,stade-rennais,0.0,0.0,0.0,0.0,0.0,69.58,54600000,0.0,0.0,0.0,0.0,0.0,73.39,253175000,,,,D
5035,2014/15,,stade-rennais,fc-lorient,0.0,0.0,0.0,0.0,0.0,73.39,253175000,0.0,0.0,0.0,0.0,0.0,70.23,70850000,,,,H
5036,2014/15,,toulouse-fc,fc-metz,0.0,0.0,0.0,0.0,0.0,68.76,60900000,0.0,0.0,0.0,0.0,0.0,67.29,41450000,,,,H
5037,2014/15,,paris-saint-germain,olympique-de-marseille,0.0,0.0,0.0,0.0,0.0,0.0,0,0.0,0.0,0.0,0.0,0.0,73.85,58850000,,,,H
5038,2014/15,,stade-de-reims,losc-lille,0.0,0.0,0.0,0.0,0.0,69.92,48600000,0.0,0.0,0.0,0.0,0.0,72.18,86050000,,,,H
5039,2014/15,,fc-metz,paris-saint-germain,0.0,0.0,0.0,0.0,0.0,67.29,41450000,0.0,0.0,0.0,0.0,0.0,0.0,0,,,,A
5040,2014/15,,fc-lorient,rc-lens,0.0,0.0,0.0,0.0,0.0,70.23,70850000,0.0,0.0,0.0,0.0,0.0,72.84,82750000,,,,H
5041,2014/15,,ogc-nice,stade-de-reims,0.0,0.0,0.0,0.0,0.0,73.28,89200000,0.0,0.0,0.0,0.0,0.0,69.92,48600000,,,,D
5042,2014/15,,olympique-de-marseille,fc-nantes,0.0,0.0,0.0,0.0,0.0,73.85,58850000,0.0,0.0,0.0,0.0,0.0,69.58,54600000,,,,H
5043,2014/15,,rc-lens,fc-metz,0.0,0.0,0.0,0.0,0.0,72.84,82750000,0.0,0.0,0.0,0.0,0.0,67.29,41450000,,,,H
5044,2014/15,,paris-saint-germain,ogc-nice,0.0,0.0,0.0,0.0,0.0,0.0,0,0.0,0.0,0.0,0.0,0.0,73.28,89200000,,,,H
5045,2014/15,,stade-rennais,as-monaco,0.0,0.0,0.0,0.0,0.0,73.39,253175000,0.0,0.0,0.0,0.0,0.0,73.63,257100000,,,,H
5046,2014/15,,toulouse-fc,fc-lorient,0.0,0.0,0.0,0.0,0.0,68.76,60900000,0.0,0.0,0.0,0.0,0.0,70.23,70850000,,,,A
5047,2014/15,,fc-lorient,olympique-de-marseille,0.0,0.0,0.0,0.0,0.0,70.23,70850000,0.0,0.0,0.0,0.0,0.0,73.85,58850000,,,,D
5048,2014/15,,as-monaco,rc-lens,0.0,0.0,0.0,0.0,0.0,73.63,257100000,0.0,0.0,0.0,0.0,0.0,72.84,82750000,,,,H
5049,2014/15,,fc-nantes,toulouse-fc,0.0,0.0,0.0,0.0,0.0,69.58,54600000,0.0,0.0,0.0,0.0,0.0,68.76,60900000,,,,A
5050,2014/15,,losc-lille,paris-saint-germain,0.0,0.0,0.0,0.0,0.0,72.18,86050000,0.0,0.0,0.0,0.0,0.0,0.0,0,,,,D
5051,2014/15,,ogc-nice,stade-rennais,0.0,0.0,0.0,0.0,0.0,73.28,89200000,0.0,0.0,0.0,0.0,0.0,73.39,253175000,,,,A
5052,2014/15,,olympique-lyonnais,stade-de-reims,0.0,0.0,0.0,0.0,0.0,72.74,89500000,0.0,0.0,0.0,0.0,0.0,69.92,48600000,,,,H
5053,2014/15,,toulouse-fc,as-monaco,0.0,0.0,0.0,0.0,0.0,68.76,60900000,0.0,0.0,0.0,0.0,0.0,73.63,257100000,,,,A
5054,2014/15,,paris-saint-germain,fc-nantes,0.0,0.0,0.0,0.0,0.0,0.0,0,0.0,0.0,0.0,0.0,0.0,69.58,54600000,,,,H
5055,2014/15,,rc-lens,losc-lille,0.0,0.0,0.0,0.0,0.0,72.84,82750000,0.0,0.0,0.0,0.0,0.0,72.18,86050000,,,,D
5056,2014/15,,olympique-de-marseille,fc-metz,0.0,0.0,0.0,0.0,0.0,73.85,58850000,0.0,0.0,0.0,0.0,0.0,67.29,41450000,,,,H
5057,2014/15,,fc-lorient,fc-metz,0.0,0.0,0.0,0.0,0.0,70.23,70850000,0.0,0.0,0.0,0.0,0.0,67.29,41450000,,,,H
5058,2014/15,,losc-lille,toulouse-fc,0.0,0.0,0.0,0.0,0.0,72.18,86050000,0.0,0.0,0.0,0.0,0.0,68.76,60900000,,,,H
5059,2014/15,,as-monaco,olympique-de-marseille,0.0,0.0,0.0,0.0,0.0,73.63,257100000,0.0,0.0,0.0,0.0,0.0,73.85,58850000,,,,H
5060,2014/15,,rc-lens,ogc-nice,0.0,0.0,0.0,0.0,0.0,72.84,82750000,0.0,0.0,0.0,0.0,0.0,73.28,89200000,,,,H
5061,2014/15,,fc-lorient,fc-nantes,0.0,0.0,0.0,0.0,0.0,70.23,70850000,0.0,0.0,0.0,0.0,0.0,69.58,54600000,,,,A
5062,2014/15,,fc-metz,as-monaco,0.0,0.0,0.0,0.0,0.0,67.29,41450000,0.0,0.0,0.0,0.0,0.0,73.63,257100000,,,,A
5063,2014/15,,stade-rennais,stade-de-reims,0.0,0.0,0.0,0.0,0.0,73.39,253175000,0.0,0.0,0.0,0.0,0.0,69.92,48600000,,,,A
5064,2014/15,,olympique-de-marseille,losc-lille,0.0,0.0,0.0,0.0,0.0,73.85,58850000,0.0,0.0,0.0,0.0,0.0,72.18,86050000,,,,H
5065,2014/15,,ogc-nice,fc-lorient,0.0,0.0,0.0,0.0,0.0,73.28,89200000,0.0,0.0,0.0,0.0,0.0,70.23,70850000,,,,H
5066,2014/15,,olympique-lyonnais,toulouse-fc,0.0,0.0,0.0,0.0,0.0,72.74,89500000,0.0,0.0,0.0,0.0,0.0,68.76,60900000,,,,H
5067,2014/15,,fc-nantes,fc-metz,0.0,0.0,0.0,0.0,0.0,69.58,54600000,0.0,0.0,0.0,0.0,0.0,67.29,41450000,,,,D
5068,2014/15,,rc-lens,olympique-lyonnais,0.0,0.0,0.0,0.0,0.0,72.84,82750000,0.0,0.0,0.0,0.0,0.0,72.74,89500000,,,,A
5069,2014/15,,fc-lorient,losc-lille,0.0,0.0,0.0,0.0,0.0,70.23,70850000,0.0,0.0,0.0,0.0,0.0,72.18,86050000,,,,H
5070,2014/15,,as-monaco,fc-nantes,0.0,0.0,0.0,0.0,0.0,73.63,257100000,0.0,0.0,0.0,0.0,0.0,69.58,54600000,,,,H
5071,2014/15,,ogc-nice,olympique-de-marseille,0.0,0.0,0.0,0.0,0.0,73.28,89200000,0.0,0.0,0.0,0.0,0.0,73.85,58850000,,,,H
5072,2014/15,,losc-lille,as-monaco,0.0,0.0,0.0,0.0,0.0,72.18,86050000,0.0,0.0,0.0,0.0,0.0,73.63,257100000,,,,A
5073,2014/15,,olympique-lyonnais,fc-metz,0.0,0.0,0.0,0.0,0.0,72.74,89500000,0.0,0.0,0.0,0.0,0.0,67.29,41450000,,,,H
5074,2014/15,,stade-de-reims,rc-lens,0.0,0.0,0.0,0.0,0.0,69.92,48600000,0.0,0.0,0.0,0.0,0.0,72.84,82750000,,,,D
5075,2014/15,,paris-saint-germain,stade-rennais,0.0,0.0,0.0,0.0,0.0,0.0,0,0.0,0.0,0.0,0.0,0.0,73.39,253175000,,,,H
5076,2014/15,,fc-metz,ogc-nice,0.0,0.0,0.0,0.0,0.0,67.29,41450000,0.0,0.0,0.0,0.0,0.0,73.28,89200000,,,,D
5077,2014/15,,fc-nantes,losc-lille,0.0,0.0,0.0,0.0,0.0,69.58,54600000,0.0,0.0,0.0,0.0,0.0,72.18,86050000,,,,D
5078,2014/15,,toulouse-fc,stade-de-reims,0.0,0.0,0.0,0.0,0.0,68.76,60900000,0.0,0.0,0.0,0.0,0.0,69.92,48600000,,,,H
5079,2014/15,,as-monaco,olympique-lyonnais,0.0,0.0,0.0,0.0,0.0,73.63,257100000,0.0,0.0,0.0,0.0,0.0,72.74,89500000,,,,D
5080,2014/15,,stade-de-reims,fc-lorient,0.0,0.0,0.0,0.0,0.0,69.92,48600000,0.0,0.0,0.0,0.0,0.0,70.23,70850000,,,,A
5081,2014/15,,stade-rennais,olympique-de-marseille,0.0,0.0,0.0,0.0,0.0,73.39,253175000,0.0,0.0,0.0,0.0,0.0,73.85,58850000,,,,D
5082,2014/15,,olympique-lyonnais,paris-saint-germain,0.0,0.0,0.0,0.0,0.0,72.74,89500000,0.0,0.0,0.0,0.0,0.0,0.0,0,,,,D
5083,2014/15,,ogc-nice,fc-nantes,0.0,0.0,0.0,0.0,0.0,73.28,89200000,0.0,0.0,0.0,0.0,0.0,69.58,54600000,,,,D
5084,2014/15,,olympique-de-marseille,stade-de-reims,0.0,0.0,0.0,0.0,0.0,73.85,58850000,0.0,0.0,0.0,0.0,0.0,69.92,48600000,,,,D
5085,2014/15,,losc-lille,ogc-nice,0.0,0.0,0.0,0.0,0.0,72.18,86050000,0.0,0.0,0.0,0.0,0.0,73.28,89200000,,,,D
5086,2014/15,,toulouse-fc,stade-rennais,0.0,0.0,0.0,0.0,0.0,68.76,60900000,0.0,0.0,0.0,0.0,0.0,73.39,253175000,,,,H
5087,2014/15,,fc-lorient,olympique-lyonnais,0.0,0.0,0.0,0.0,0.0,70.23,70850000,0.0,0.0,0.0,0.0,0.0,72.74,89500000,,,,D
5088,2014/15,,ogc-nice,as-monaco,0.0,0.0,0.0,0.0,0.0,73.28,89200000,0.0,0.0,0.0,0.0,0.0,73.63,257100000,,,,A
5089,2014/15,,paris-saint-germain,toulouse-fc,0.0,0.0,0.0,0.0,0.0,0.0,0,0.0,0.0,0.0,0.0,0.0,68.76,60900000,,,,H
5090,2014/15,,olympique-lyonnais,fc-nantes,0.0,0.0,0.0,0.0,0.0,72.74,89500000,0.0,0.0,0.0,0.0,0.0,69.58,54600000,,,,H
5091,2014/15,,stade-de-reims,fc-metz,0.0,0.0,0.0,0.0,0.0,69.92,48600000,0.0,0.0,0.0,0.0,0.0,67.29,41450000,,,,D
5092,2014/15,,rc-lens,stade-rennais,0.0,0.0,0.0,0.0,0.0,72.84,82750000,0.0,0.0,0.0,0.0,0.0,73.39,253175000,,,,A
5093,2014/15,,losc-lille,olympique-lyonnais,0.0,0.0,0.0,0.0,0.0,72.18,86050000,0.0,0.0,0.0,0.0,0.0,72.74,89500000,,,,H
5094,2014/15,,as-monaco,paris-saint-germain,0.0,0.0,0.0,0.0,0.0,73.63,257100000,0.0,0.0,0.0,0.0,0.0,0.0,0,,,,D
5095,2014/15,,toulouse-fc,olympique-de-marseille,0.0,0.0,0.0,0.0,0.0,68.76,60900000,0.0,0.0,0.0,0.0,0.0,73.85,58850000,,,,A
5096,2014/15,,paris-saint-germain,rc-lens,0.0,0.0,0.0,0.0,0.0,0.0,0,0.0,0.0,0.0,0.0,0.0,72.84,82750000,,,,H
5097,2014/15,,stade-de-reims,fc-nantes,0.0,0.0,0.0,0.0,0.0,69.92,48600000,0.0,0.0,0.0,0.0,0.0,69.58,54600000,,,,H
5098,2014/15,,stade-rennais,fc-metz,0.0,0.0,0.0,0.0,0.0,73.39,253175000,0.0,0.0,0.0,0.0,0.0,67.29,41450000,,,,H
5099,2014/15,,rc-lens,toulouse-fc,0.0,0.0,0.0,0.0,0.0,72.84,82750000,0.0,0.0,0.0,0.0,0.0,68.76,60900000,,,,H
5100,2014/15,,losc-lille,stade-rennais,0.0,0.0,0.0,0.0,0.0,72.18,86050000,0.0,0.0,0.0,0.0,0.0,73.39,253175000,,,,H
5101,2014/15,,olympique-de-marseille,olympique-lyonnais,0.0,0.0,0.0,0.0,0.0,73.85,58850000,0.0,0.0,0.0,0.0,0.0,72.74,89500000,,,,D
5102,2014/15,,paris-saint-germain,fc-lorient,0.0,0.0,0.0,0.0,0.0,0.0,0,0.0,0.0,0.0,0.0,0.0,70.23,70850000,,,,H
5103,2014/15,,olympique-lyonnais,ogc-nice,0.0,0.0,0.0,0.0,0.0,72.74,89500000,0.0,0.0,0.0,0.0,0.0,73.28,89200000,,,,A
5104,2014/15,,stade-rennais,fc-nantes,0.0,0.0,0.0,0.0,0.0,73.39,253175000,0.0,0.0,0.0,0.0,0.0,69.58,54600000,,,,D
5105,2014/15,,rc-lens,olympique-de-marseille,0.0,0.0,0.0,0.0,0.0,72.84,82750000,0.0,0.0,0.0,0.0,0.0,73.85,58850000,,,,A
5106,2014/15,,stade-de-reims,as-monaco,0.0,0.0,0.0,0.0,0.0,69.92,48600000,0.0,0.0,0.0,0.0,0.0,73.63,257100000,,,,A
5107,2014/15,,losc-lille,stade-de-reims,0.0,0.0,0.0,0.0,0.0,72.18,86050000,0.0,0.0,0.0,0.0,0.0,69.92,48600000,,,,H
5108,2014/15,,fc-lorient,stade-rennais,0.0,0.0,0.0,0.0,0.0,70.23,70850000,0.0,0.0,0.0,0.0,0.0,73.39,253175000,,,,A
5109,2014/15,,fc-metz,toulouse-fc,0.0,0.0,0.0,0.0,0.0,67.29,41450000,0.0,0.0,0.0,0.0,0.0,68.76,60900000,,,,H
5110,2014/15,,olympique-de-marseille,paris-saint-germain,0.0,0.0,0.0,0.0,0.0,73.85,58850000,0.0,0.0,0.0,0.0,0.0,0.0,0,,,,A
5111,2014/15,,rc-lens,fc-lorient,0.0,0.0,0.0,0.0,0.0,72.84,82750000,0.0,0.0,0.0,0.0,0.0,70.23,70850000,,,,D
5112,2014/15,,stade-de-reims,ogc-nice,0.0,0.0,0.0,0.0,0.0,69.92,48600000,0.0,0.0,0.0,0.0,0.0,73.28,89200000,,,,A
5113,2014/15,,fc-nantes,olympique-de-marseille,0.0,0.0,0.0,0.0,0.0,69.58,54600000,0.0,0.0,0.0,0.0,0.0,73.85,58850000,,,,H
5114,2014/15,,fc-lorient,toulouse-fc,0.0,0.0,0.0,0.0,0.0,70.23,70850000,0.0,0.0,0.0,0.0,0.0,68.76,60900000,,,,A
5115,2014/15,,fc-metz,rc-lens,0.0,0.0,0.0,0.0,0.0,67.29,41450000,0.0,0.0,0.0,0.0,0.0,72.84,82750000,,,,H
5116,2014/15,,as-monaco,stade-rennais,0.0,0.0,0.0,0.0,0.0,73.63,257100000,0.0,0.0,0.0,0.0,0.0,73.39,253175000,,,,D
5117,2014/15,,ogc-nice,paris-saint-germain,0.0,0.0,0.0,0.0,0.0,73.28,89200000,0.0,0.0,0.0,0.0,0.0,0.0,0,,,,A
5118,2014/15,,olympique-de-marseille,fc-lorient,0.0,0.0,0.0,0.0,0.0,73.85,58850000,0.0,0.0,0.0,0.0,0.0,70.23,70850000,,,,A
5119,2014/15,,paris-saint-germain,losc-lille,0.0,0.0,0.0,0.0,0.0,0.0,0,0.0,0.0,0.0,0.0,0.0,72.18,86050000,,,,H
5120,2014/15,,stade-rennais,ogc-nice,0.0,0.0,0.0,0.0,0.0,73.39,253175000,0.0,0.0,0.0,0.0,0.0,73.28,89200000,,,,H
5121,2014/15,,toulouse-fc,fc-nantes,0.0,0.0,0.0,0.0,0.0,68.76,60900000,0.0,0.0,0.0,0.0,0.0,69.58,54600000,,,,D
5122,2014/15,,rc-lens,as-monaco,0.0,0.0,0.0,0.0,0.0,72.84,82750000,0.0,0.0,0.0,0.0,0.0,73.63,257100000,,,,A
5123,2014/15,,stade-de-reims,olympique-lyonnais,0.0,0.0,0.0,0.0,0.0,69.92,48600000,0.0,0.0,0.0,0.0,0.0,72.74,89500000,,,,A
5124,2014/15,,paris-saint-germain,fc-metz,0.0,0.0,0.0,0.0,0.0,0.0,0,0.0,0.0,0.0,0.0,0.0,67.29,41450000,,,,H
5125,2014/15,,fc-metz,olympique-de-marseille,0.0,0.0,0.0,0.0,0.0,67.29,41450000,0.0,0.0,0.0,0.0,0.0,73.85,58850000,,,,A
5126,2014/15,,losc-lille,rc-lens,0.0,0.0,0.0,0.0,0.0,72.18,86050000,0.0,0.0,0.0,0.0,0.0,72.84,82750000,,,,H
5127,2014/15,,as-monaco,toulouse-fc,0.0,0.0,0.0,0.0,0.0,73.63,257100000,0.0,0.0,0.0,0.0,0.0,68.76,60900000,,,,H
5128,2014/15,,fc-nantes,paris-saint-germain,0.0,0.0,0.0,0.0,0.0,69.58,54600000,0.0,0.0,0.0,0.0,0.0,0.0,0,,,,A
5129,2014/15,,fc-metz,fc-lorient,0.0,0.0,0.0,0.0,0.0,67.29,41450000,0.0,0.0,0.0,0.0,0.0,70.23,70850000,,,,A
5130,2014/15,,toulouse-fc,losc-lille,0.0,0.0,0.0,0.0,0.0,68.76,60900000,0.0,0.0,0.0,0.0,0.0,72.18,86050000,,,,H
5131,2014/15,,olympique-de-marseille,as-monaco,0.0,0.0,0.0,0.0,0.0,73.85,58850000,0.0,0.0,0.0,0.0,0.0,73.63,257100000,,,,H
5132,2014/15,,losc-lille,olympique-de-marseille,0.0,0.0,0.0,0.0,0.0,72.18,86050000,0.0,0.0,0.0,0.0,0.0,73.85,58850000,,,,A
5133,2014/15,,as-monaco,fc-metz,0.0,0.0,0.0,0.0,0.0,73.63,257100000,0.0,0.0,0.0,0.0,0.0,67.29,41450000,,,,H
5134,2014/15,,fc-nantes,fc-lorient,0.0,0.0,0.0,0.0,0.0,69.58,54600000,0.0,0.0,0.0,0.0,0.0,70.23,70850000,,,,D
5135,2014/15,,ogc-nice,rc-lens,0.0,0.0,0.0,0.0,0.0,73.28,89200000,0.0,0.0,0.0,0.0,0.0,72.84,82750000,,,,H
5136,2014/15,,stade-de-reims,stade-rennais,0.0,0.0,0.0,0.0,0.0,69.92,48600000,0.0,0.0,0.0,0.0,0.0,73.39,253175000,,,,H
5137,2014/15,,rc-lens,fc-nantes,0.0,0.0,0.0,0.0,0.0,72.84,82750000,0.0,0.0,0.0,0.0,0.0,69.58,54600000,,,,H
5138,2014/15,,fc-lorient,as-monaco,0.0,0.0,0.0,0.0,0.0,70.23,70850000,0.0,0.0,0.0,0.0,0.0,73.63,257100000,,,,A
5139,2014/15,,fc-metz,losc-lille,0.0,0.0,0.0,0.0,0.0,67.29,41450000,0.0,0.0,0.0,0.0,0.0,72.18,86050000,,,,A
5140,2014/15,,paris-saint-germain,stade-de-reims,0.0,0.0,0.0,0.0,0.0,0.0,0,0.0,0.0,0.0,0.0,0.0,69.92,48600000,,,,H
5141,2014/15,,stade-rennais,olympique-lyonnais,0.0,0.0,0.0,0.0,0.0,73.39,253175000,0.0,0.0,0.0,0.0,0.0,72.74,89500000,,,,A
5142,2014/15,,toulouse-fc,ogc-nice,0.0,0.0,0.0,0.0,0.0,68.76,60900000,0.0,0.0,0.0,0.0,0.0,73.28,89200000,,,,A
5143,2015/16,,losc-lille,paris-saint-germain,0.0,0.0,0.0,0.0,0.0,72.18,86050000,0.0,0.0,0.0,0.0,0.0,0.0,0,,,,A
5144,2015/16,,ogc-nice,as-monaco,0.0,0.0,0.0,0.0,0.0,73.28,89200000,0.0,0.0,0.0,0.0,0.0,73.63,257100000,,,,A
5145,2015/16,,olympique-lyonnais,fc-lorient,0.0,0.0,0.0,0.0,0.0,72.74,89500000,0.0,0.0,0.0,0.0,0.0,70.23,70850000,,,,D
5146,2015/16,,as-monaco,losc-lille,0.0,0.0,0.0,0.0,0.0,73.63,257100000,0.0,0.0,0.0,0.0,0.0,72.18,86050000,,,,D
5147,2015/16,,angers-sco,fc-nantes,0.0,0.0,0.0,0.0,0.0,0.0,0,0.0,0.0,0.0,0.0,0.0,69.58,54600000,,,,D
5148,2015/16,,stade-de-reims,olympique-de-marseille,0.0,0.0,0.0,0.0,0.0,69.92,48600000,0.0,0.0,0.0,0.0,0.0,73.85,58850000,,,,H
5149,2015/16,,olympique-lyonnais,stade-rennais,0.0,0.0,0.0,0.0,0.0,72.74,89500000,0.0,0.0,0.0,0.0,0.0,73.39,253175000,,,,A
5150,2015/16,,fc-nantes,stade-de-reims,0.0,0.0,0.0,0.0,0.0,69.58,54600000,0.0,0.0,0.0,0.0,0.0,69.92,48600000,,,,H
5151,2015/16,,toulouse-fc,as-monaco,0.0,0.0,0.0,0.0,0.0,68.76,60900000,0.0,0.0,0.0,0.0,0.0,73.63,257100000,,,,D
5152,2015/16,,angers-sco,ogc-nice,0.0,0.0,0.0,0.0,0.0,0.0,0,0.0,0.0,0.0,0.0,0.0,73.28,89200000,,,,D
5153,2015/16,,stade-de-reims,fc-lorient,0.0,0.0,0.0,0.0,0.0,69.92,48600000,0.0,0.0,0.0,0.0,0.0,70.23,70850000,,,,H
5154,2015/16,,stade-rennais,toulouse-fc,0.0,0.0,0.0,0.0,0.0,73.39,253175000,0.0,0.0,0.0,0.0,0.0,68.76,60900000,,,,H
5155,2015/16,,as-monaco,paris-saint-germain,0.0,0.0,0.0,0.0,0.0,73.63,257100000,0.0,0.0,0.0,0.0,0.0,0.0,0,,,,A
5156,2015/16,,fc-lorient,angers-sco,0.0,0.0,0.0,0.0,0.0,70.23,70850000,0.0,0.0,0.0,0.0,0.0,0.0,0,,,,H
5157,2015/16,,olympique-lyonnais,losc-lille,0.0,0.0,0.0,0.0,0.0,72.74,89500000,0.0,0.0,0.0,0.0,0.0,72.18,86050000,,,,D
5158,2015/16,,toulouse-fc,stade-de-reims,0.0,0.0,0.0,0.0,0.0,68.76,60900000,0.0,0.0,0.0,0.0,0.0,69.92,48600000,,,,D
5159,2015/16,,fc-nantes,stade-rennais,0.0,0.0,0.0,0.0,0.0,69.58,54600000,0.0,0.0,0.0,0.0,0.0,73.39,253175000,,,,A
5160,2015/16,,stade-rennais,losc-lille,0.0,0.0,0.0,0.0,0.0,73.39,253175000,0.0,0.0,0.0,0.0,0.0,72.18,86050000,,,,D
5161,2015/16,,stade-de-reims,paris-saint-germain,0.0,0.0,0.0,0.0,0.0,69.92,48600000,0.0,0.0,0.0,0.0,0.0,0.0,0,,,,D
5162,2015/16,,olympique-de-marseille,olympique-lyonnais,0.0,0.0,0.0,0.0,0.0,73.85,58850000,0.0,0.0,0.0,0.0,0.0,72.74,89500000,,,,D
5163,2015/16,,as-monaco,fc-lorient,0.0,0.0,0.0,0.0,0.0,73.63,257100000,0.0,0.0,0.0,0.0,0.0,70.23,70850000,,,,A
5164,2015/16,,angers-sco,stade-de-reims,0.0,0.0,0.0,0.0,0.0,0.0,0,0.0,0.0,0.0,0.0,0.0,69.92,48600000,,,,D
5165,2015/16,,toulouse-fc,olympique-de-marseille,0.0,0.0,0.0,0.0,0.0,68.76,60900000,0.0,0.0,0.0,0.0,0.0,73.85,58850000,,,,D
5166,2015/16,,stade-de-reims,losc-lille,0.0,0.0,0.0,0.0,0.0,69.92,48600000,0.0,0.0,0.0,0.0,0.0,72.18,86050000,,,,H
5167,2015/16,,fc-nantes,paris-saint-germain,0.0,0.0,0.0,0.0,0.0,69.58,54600000,0.0,0.0,0.0,0.0,0.0,0.0,0,,,,A
5168,2015/16,,olympique-de-marseille,angers-sco,0.0,0.0,0.0,0.0,0.0,73.85,58850000,0.0,0.0,0.0,0.0,0.0,0.0,0,,,,A
5169,2015/16,,losc-lille,fc-nantes,0.0,0.0,0.0,0.0,0.0,72.18,86050000,0.0,0.0,0.0,0.0,0.0,69.58,54600000,,,,A
5170,2015/16,,olympique-lyonnais,stade-de-reims,0.0,0.0,0.0,0.0,0.0,72.74,89500000,0.0,0.0,0.0,0.0,0.0,69.92,48600000,,,,H
5171,2015/16,,as-monaco,stade-rennais,0.0,0.0,0.0,0.0,0.0,73.63,257100000,0.0,0.0,0.0,0.0,0.0,73.39,253175000,,,,D
5172,2015/16,,paris-saint-germain,olympique-de-marseille,0.0,0.0,0.0,0.0,0.0,0.0,0,0.0,0.0,0.0,0.0,0.0,73.85,58850000,,,,H
5173,2015/16,,as-monaco,olympique-lyonnais,0.0,0.0,0.0,0.0,0.0,73.63,257100000,0.0,0.0,0.0,0.0,0.0,72.74,89500000,,,,D
5174,2015/16,,toulouse-fc,angers-sco,0.0,0.0,0.0,0.0,0.0,68.76,60900000,0.0,0.0,0.0,0.0,0.0,0.0,0,,,,A
5175,2015/16,,olympique-de-marseille,fc-lorient,0.0,0.0,0.0,0.0,0.0,73.85,58850000,0.0,0.0,0.0,0.0,0.0,70.23,70850000,,,,D
5176,2015/16,,stade-rennais,ogc-nice,0.0,0.0,0.0,0.0,0.0,73.39,253175000,0.0,0.0,0.0,0.0,0.0,73.28,89200000,,,,A
5177,2015/16,,olympique-lyonnais,toulouse-fc,0.0,0.0,0.0,0.0,0.0,72.74,89500000,0.0,0.0,0.0,0.0,0.0,68.76,60900000,,,,H
5178,2015/16,,fc-lorient,stade-rennais,0.0,0.0,0.0,0.0,0.0,70.23,70850000,0.0,0.0,0.0,0.0,0.0,73.39,253175000,,,,D
5179,2015/16,,losc-lille,olympique-de-marseille,0.0,0.0,0.0,0.0,0.0,72.18,86050000,0.0,0.0,0.0,0.0,0.0,73.85,58850000,,,,A
5180,2015/16,,stade-de-reims,as-monaco,0.0,0.0,0.0,0.0,0.0,69.92,48600000,0.0,0.0,0.0,0.0,0.0,73.63,257100000,,,,A
5181,2015/16,,stade-rennais,paris-saint-germain,0.0,0.0,0.0,0.0,0.0,73.39,253175000,0.0,0.0,0.0,0.0,0.0,0.0,0,,,,A
5182,2015/16,,as-monaco,angers-sco,0.0,0.0,0.0,0.0,0.0,73.63,257100000,0.0,0.0,0.0,0.0,0.0,0.0,0,,,,H
5183,2015/16,,fc-nantes,olympique-de-marseille,0.0,0.0,0.0,0.0,0.0,69.58,54600000,0.0,0.0,0.0,0.0,0.0,73.85,58850000,,,,A
5184,2015/16,,ogc-nice,losc-lille,0.0,0.0,0.0,0.0,0.0,73.28,89200000,0.0,0.0,0.0,0.0,0.0,72.18,86050000,,,,D
5185,2015/16,,ogc-nice,fc-nantes,0.0,0.0,0.0,0.0,0.0,73.28,89200000,0.0,0.0,0.0,0.0,0.0,69.58,54600000,,,,A
5186,2015/16,,angers-sco,stade-rennais,0.0,0.0,0.0,0.0,0.0,0.0,0,0.0,0.0,0.0,0.0,0.0,73.39,253175000,,,,A
5187,2015/16,,paris-saint-germain,toulouse-fc,0.0,0.0,0.0,0.0,0.0,0.0,0,0.0,0.0,0.0,0.0,0.0,68.76,60900000,,,,H
5188,2015/16,,olympique-de-marseille,ogc-nice,0.0,0.0,0.0,0.0,0.0,73.85,58850000,0.0,0.0,0.0,0.0,0.0,73.28,89200000,,,,A
5189,2015/16,,ogc-nice,olympique-lyonnais,0.0,0.0,0.0,0.0,0.0,73.28,89200000,0.0,0.0,0.0,0.0,0.0,72.74,89500000,,,,H
5190,2015/16,,fc-lorient,paris-saint-germain,0.0,0.0,0.0,0.0,0.0,70.23,70850000,0.0,0.0,0.0,0.0,0.0,0.0,0,,,,A
5191,2015/16,,as-monaco,fc-nantes,0.0,0.0,0.0,0.0,0.0,73.63,257100000,0.0,0.0,0.0,0.0,0.0,69.58,54600000,,,,H
5192,2015/16,,angers-sco,losc-lille,0.0,0.0,0.0,0.0,0.0,0.0,0,0.0,0.0,0.0,0.0,0.0,72.18,86050000,,,,H
5193,2015/16,,stade-de-reims,stade-rennais,0.0,0.0,0.0,0.0,0.0,69.92,48600000,0.0,0.0,0.0,0.0,0.0,73.39,253175000,,,,D
5194,2015/16,,toulouse-fc,ogc-nice,0.0,0.0,0.0,0.0,0.0,68.76,60900000,0.0,0.0,0.0,0.0,0.0,73.28,89200000,,,,H
5195,2015/16,,olympique-de-marseille,as-monaco,0.0,0.0,0.0,0.0,0.0,73.85,58850000,0.0,0.0,0.0,0.0,0.0,73.63,257100000,,,,D
5196,2015/16,,angers-sco,paris-saint-germain,0.0,0.0,0.0,0.0,0.0,0.0,0,0.0,0.0,0.0,0.0,0.0,0.0,0,,,,D
5197,2015/16,,fc-lorient,ogc-nice,0.0,0.0,0.0,0.0,0.0,70.23,70850000,0.0,0.0,0.0,0.0,0.0,73.28,89200000,,,,D
5198,2015/16,,fc-nantes,olympique-lyonnais,0.0,0.0,0.0,0.0,0.0,69.58,54600000,0.0,0.0,0.0,0.0,0.0,72.74,89500000,,,,D
5199,2015/16,,stade-rennais,olympique-de-marseille,0.0,0.0,0.0,0.0,0.0,73.39,253175000,0.0,0.0,0.0,0.0,0.0,73.85,58850000,,,,A
5200,2015/16,,ogc-nice,paris-saint-germain,0.0,0.0,0.0,0.0,0.0,73.28,89200000,0.0,0.0,0.0,0.0,0.0,0.0,0,,,,A
5201,2015/16,,olympique-lyonnais,angers-sco,0.0,0.0,0.0,0.0,0.0,72.74,89500000,0.0,0.0,0.0,0.0,0.0,0.0,0,,,,A
5202,2015/16,,toulouse-fc,fc-lorient,0.0,0.0,0.0,0.0,0.0,68.76,60900000,0.0,0.0,0.0,0.0,0.0,70.23,70850000,,,,A
5203,2015/16,,losc-lille,fc-lorient,0.0,0.0,0.0,0.0,0.0,72.18,86050000,0.0,0.0,0.0,0.0,0.0,70.23,70850000,,,,H
5204,2015/16,,fc-nantes,toulouse-fc,0.0,0.0,0.0,0.0,0.0,69.58,54600000,0.0,0.0,0.0,0.0,0.0,68.76,60900000,,,,D
5205,2015/16,,stade-de-reims,ogc-nice,0.0,0.0,0.0,0.0,0.0,69.92,48600000,0.0,0.0,0.0,0.0,0.0,73.28,89200000,,,,D
5206,2015/16,,paris-saint-germain,olympique-lyonnais,0.0,0.0,0.0,0.0,0.0,0.0,0,0.0,0.0,0.0,0.0,0.0,72.74,89500000,,,,H
5207,2015/16,,fc-lorient,fc-nantes,0.0,0.0,0.0,0.0,0.0,70.23,70850000,0.0,0.0,0.0,0.0,0.0,69.58,54600000,,,,D
5208,2015/16,,toulouse-fc,losc-lille,0.0,0.0,0.0,0.0,0.0,68.76,60900000,0.0,0.0,0.0,0.0,0.0,72.18,86050000,,,,D
5209,2015/16,,stade-de-reims,toulouse-fc,0.0,0.0,0.0,0.0,0.0,69.92,48600000,0.0,0.0,0.0,0.0,0.0,68.76,60900000,,,,A
5210,2015/16,,stade-rennais,fc-lorient,0.0,0.0,0.0,0.0,0.0,73.39,253175000,0.0,0.0,0.0,0.0,0.0,70.23,70850000,,,,D
5211,2015/16,,losc-lille,ogc-nice,0.0,0.0,0.0,0.0,0.0,72.18,86050000,0.0,0.0,0.0,0.0,0.0,73.28,89200000,,,,D
5212,2015/16,,ogc-nice,angers-sco,0.0,0.0,0.0,0.0,0.0,73.28,89200000,0.0,0.0,0.0,0.0,0.0,0.0,0,,,,H
5213,2015/16,,toulouse-fc,paris-saint-germain,0.0,0.0,0.0,0.0,0.0,68.76,60900000,0.0,0.0,0.0,0.0,0.0,0.0,0,,,,A
5214,2015/16,,fc-lorient,as-monaco,0.0,0.0,0.0,0.0,0.0,70.23,70850000,0.0,0.0,0.0,0.0,0.0,73.63,257100000,,,,A
5215,2015/16,,ogc-nice,fc-lorient,0.0,0.0,0.0,0.0,0.0,73.28,89200000,0.0,0.0,0.0,0.0,0.0,70.23,70850000,,,,H
5216,2015/16,,paris-saint-germain,angers-sco,0.0,0.0,0.0,0.0,0.0,0.0,0,0.0,0.0,0.0,0.0,0.0,0.0,0,,,,H
5217,2015/16,,olympique-lyonnais,olympique-de-marseille,0.0,0.0,0.0,0.0,0.0,72.74,89500000,0.0,0.0,0.0,0.0,0.0,73.85,58850000,,,,D
5218,2015/16,,as-monaco,toulouse-fc,0.0,0.0,0.0,0.0,0.0,73.63,257100000,0.0,0.0,0.0,0.0,0.0,68.76,60900000,,,,H
5219,2015/16,,olympique-de-marseille,losc-lille,0.0,0.0,0.0,0.0,0.0,73.85,58850000,0.0,0.0,0.0,0.0,0.0,72.18,86050000,,,,D
5220,2015/16,,angers-sco,as-monaco,0.0,0.0,0.0,0.0,0.0,0.0,0,0.0,0.0,0.0,0.0,0.0,73.63,257100000,,,,H
5221,2015/16,,fc-lorient,stade-de-reims,0.0,0.0,0.0,0.0,0.0,70.23,70850000,0.0,0.0,0.0,0.0,0.0,69.92,48600000,,,,H
5222,2015/16,,ogc-nice,toulouse-fc,0.0,0.0,0.0,0.0,0.0,73.28,89200000,0.0,0.0,0.0,0.0,0.0,68.76,60900000,,,,H
5223,2015/16,,paris-saint-germain,fc-lorient,0.0,0.0,0.0,0.0,0.0,0.0,0,0.0,0.0,0.0,0.0,0.0,70.23,70850000,,,,H
5224,2015/16,,stade-de-reims,angers-sco,0.0,0.0,0.0,0.0,0.0,69.92,48600000,0.0,0.0,0.0,0.0,0.0,0.0,0,,,,H
5225,2015/16,,angers-sco,olympique-lyonnais,0.0,0.0,0.0,0.0,0.0,0.0,0,0.0,0.0,0.0,0.0,0.0,72.74,89500000,,,,A
5226,2015/16,,as-monaco,ogc-nice,0.0,0.0,0.0,0.0,0.0,73.63,257100000,0.0,0.0,0.0,0.0,0.0,73.28,89200000,,,,H
5227,2015/16,,toulouse-fc,fc-nantes,0.0,0.0,0.0,0.0,0.0,68.76,60900000,0.0,0.0,0.0,0.0,0.0,69.58,54600000,,,,D
5228,2015/16,,losc-lille,stade-rennais,0.0,0.0,0.0,0.0,0.0,72.18,86050000,0.0,0.0,0.0,0.0,0.0,73.39,253175000,,,,D
5229,2015/16,,olympique-de-marseille,paris-saint-germain,0.0,0.0,0.0,0.0,0.0,73.85,58850000,0.0,0.0,0.0,0.0,0.0,0.0,0,,,,A
5230,2015/16,,stade-rennais,angers-sco,0.0,0.0,0.0,0.0,0.0,73.39,253175000,0.0,0.0,0.0,0.0,0.0,0.0,0,,,,H
5231,2015/16,,fc-nantes,fc-lorient,0.0,0.0,0.0,0.0,0.0,69.58,54600000,0.0,0.0,0.0,0.0,0.0,70.23,70850000,,,,H
5232,2015/16,,paris-saint-germain,losc-lille,0.0,0.0,0.0,0.0,0.0,0.0,0,0.0,0.0,0.0,0.0,0.0,72.18,86050000,,,,D
5233,2015/16,,ogc-nice,olympique-de-marseille,0.0,0.0,0.0,0.0,0.0,73.28,89200000,0.0,0.0,0.0,0.0,0.0,73.85,58850000,,,,D
5234,2015/16,,paris-saint-germain,stade-de-reims,0.0,0.0,0.0,0.0,0.0,0.0,0,0.0,0.0,0.0,0.0,0.0,69.92,48600000,,,,H
5235,2015/16,,losc-lille,olympique-lyonnais,0.0,0.0,0.0,0.0,0.0,72.18,86050000,0.0,0.0,0.0,0.0,0.0,72.74,89500000,,,,H
5236,2015/16,,toulouse-fc,stade-rennais,0.0,0.0,0.0,0.0,0.0,68.76,60900000,0.0,0.0,0.0,0.0,0.0,73.39,253175000,,,,A
5237,2015/16,,olympique-lyonnais,paris-saint-germain,0.0,0.0,0.0,0.0,0.0,72.74,89500000,0.0,0.0,0.0,0.0,0.0,0.0,0,,,,H
5238,2015/16,,fc-nantes,as-monaco,0.0,0.0,0.0,0.0,0.0,69.58,54600000,0.0,0.0,0.0,0.0,0.0,73.63,257100000,,,,D
5239,2015/16,,losc-lille,stade-de-reims,0.0,0.0,0.0,0.0,0.0,72.18,86050000,0.0,0.0,0.0,0.0,0.0,69.92,48600000,,,,H
5240,2015/16,,olympique-de-marseille,toulouse-fc,0.0,0.0,0.0,0.0,0.0,73.85,58850000,0.0,0.0,0.0,0.0,0.0,68.76,60900000,,,,D
5241,2015/16,,stade-rennais,fc-nantes,0.0,0.0,0.0,0.0,0.0,73.39,253175000,0.0,0.0,0.0,0.0,0.0,69.58,54600000,,,,H
5242,2015/16,,as-monaco,stade-de-reims,0.0,0.0,0.0,0.0,0.0,73.63,257100000,0.0,0.0,0.0,0.0,0.0,69.92,48600000,,,,D
5243,2015/16,,fc-lorient,olympique-de-marseille,0.0,0.0,0.0,0.0,0.0,70.23,70850000,0.0,0.0,0.0,0.0,0.0,73.85,58850000,,,,D
5244,2015/16,,fc-nantes,angers-sco,0.0,0.0,0.0,0.0,0.0,69.58,54600000,0.0,0.0,0.0,0.0,0.0,0.0,0,,,,H
5245,2015/16,,stade-rennais,olympique-lyonnais,0.0,0.0,0.0,0.0,0.0,73.39,253175000,0.0,0.0,0.0,0.0,0.0,72.74,89500000,,,,D
5246,2015/16,,olympique-de-marseille,stade-rennais,0.0,0.0,0.0,0.0,0.0,73.85,58850000,0.0,0.0,0.0,0.0,0.0,73.39,253175000,,,,A
5247,2015/16,,angers-sco,fc-lorient,0.0,0.0,0.0,0.0,0.0,0.0,0,0.0,0.0,0.0,0.0,0.0,70.23,70850000,,,,H
5248,2015/16,,losc-lille,toulouse-fc,0.0,0.0,0.0,0.0,0.0,72.18,86050000,0.0,0.0,0.0,0.0,0.0,68.76,60900000,,,,H
5249,2015/16,,olympique-lyonnais,fc-nantes,0.0,0.0,0.0,0.0,0.0,72.74,89500000,0.0,0.0,0.0,0.0,0.0,69.58,54600000,,,,H
5250,2015/16,,paris-saint-germain,as-monaco,0.0,0.0,0.0,0.0,0.0,0.0,0,0.0,0.0,0.0,0.0,0.0,73.63,257100000,,,,A
5251,2015/16,,paris-saint-germain,ogc-nice,0.0,0.0,0.0,0.0,0.0,0.0,0,0.0,0.0,0.0,0.0,0.0,73.28,89200000,,,,H
5252,2015/16,,stade-rennais,stade-de-reims,0.0,0.0,0.0,0.0,0.0,73.39,253175000,0.0,0.0,0.0,0.0,0.0,69.92,48600000,,,,H
5253,2015/16,,fc-lorient,olympique-lyonnais,0.0,0.0,0.0,0.0,0.0,70.23,70850000,0.0,0.0,0.0,0.0,0.0,72.74,89500000,,,,A
5254,2015/16,,fc-nantes,losc-lille,0.0,0.0,0.0,0.0,0.0,69.58,54600000,0.0,0.0,0.0,0.0,0.0,72.18,86050000,,,,A
5255,2015/16,,stade-de-reims,fc-nantes,0.0,0.0,0.0,0.0,0.0,69.92,48600000,0.0,0.0,0.0,0.0,0.0,69.58,54600000,,,,H
5256,2015/16,,losc-lille,as-monaco,0.0,0.0,0.0,0.0,0.0,72.18,86050000,0.0,0.0,0.0,0.0,0.0,73.63,257100000,,,,H
5257,2015/16,,ogc-nice,stade-rennais,0.0,0.0,0.0,0.0,0.0,73.28,89200000,0.0,0.0,0.0,0.0,0.0,73.39,253175000,,,,H
5258,2015/16,,olympique-lyonnais,ogc-nice,0.0,0.0,0.0,0.0,0.0,72.74,89500000,0.0,0.0,0.0,0.0,0.0,73.28,89200000,,,,D
5259,2015/16,,fc-lorient,toulouse-fc,0.0,0.0,0.0,0.0,0.0,70.23,70850000,0.0,0.0,0.0,0.0,0.0,68.76,60900000,,,,D
5260,2015/16,,as-monaco,olympique-de-marseille,0.0,0.0,0.0,0.0,0.0,73.63,257100000,0.0,0.0,0.0,0.0,0.0,73.85,58850000,,,,H
5261,2015/16,,ogc-nice,stade-de-reims,0.0,0.0,0.0,0.0,0.0,73.28,89200000,0.0,0.0,0.0,0.0,0.0,69.92,48600000,,,,H
5262,2015/16,,toulouse-fc,olympique-lyonnais,0.0,0.0,0.0,0.0,0.0,68.76,60900000,0.0,0.0,0.0,0.0,0.0,72.74,89500000,,,,A
5263,2015/16,,olympique-de-marseille,fc-nantes,0.0,0.0,0.0,0.0,0.0,73.85,58850000,0.0,0.0,0.0,0.0,0.0,69.58,54600000,,,,D
5264,2015/16,,stade-rennais,as-monaco,0.0,0.0,0.0,0.0,0.0,73.39,253175000,0.0,0.0,0.0,0.0,0.0,73.63,257100000,,,,D
5265,2015/16,,losc-lille,angers-sco,0.0,0.0,0.0,0.0,0.0,72.18,86050000,0.0,0.0,0.0,0.0,0.0,0.0,0,,,,D
5266,2015/16,,paris-saint-germain,stade-rennais,0.0,0.0,0.0,0.0,0.0,0.0,0,0.0,0.0,0.0,0.0,0.0,73.39,253175000,,,,H
5267,2015/16,,fc-lorient,losc-lille,0.0,0.0,0.0,0.0,0.0,70.23,70850000,0.0,0.0,0.0,0.0,0.0,72.18,86050000,,,,A
5268,2015/16,,fc-nantes,ogc-nice,0.0,0.0,0.0,0.0,0.0,69.58,54600000,0.0,0.0,0.0,0.0,0.0,73.28,89200000,,,,H
5269,2015/16,,angers-sco,olympique-de-marseille,0.0,0.0,0.0,0.0,0.0,0.0,0,0.0,0.0,0.0,0.0,0.0,73.85,58850000,,,,A
5270,2015/16,,olympique-lyonnais,as-monaco,0.0,0.0,0.0,0.0,0.0,72.74,89500000,0.0,0.0,0.0,0.0,0.0,73.63,257100000,,,,H
5271,2015/16,,olympique-de-marseille,stade-de-reims,0.0,0.0,0.0,0.0,0.0,73.85,58850000,0.0,0.0,0.0,0.0,0.0,69.92,48600000,,,,H
5272,2015/16,,angers-sco,toulouse-fc,0.0,0.0,0.0,0.0,0.0,0.0,0,0.0,0.0,0.0,0.0,0.0,68.76,60900000,,,,A
5273,2015/16,,paris-saint-germain,fc-nantes,0.0,0.0,0.0,0.0,0.0,0.0,0,0.0,0.0,0.0,0.0,0.0,69.58,54600000,,,,H
5274,2015/16,,stade-de-reims,olympique-lyonnais,0.0,0.0,0.0,0.0,0.0,69.92,48600000,0.0,0.0,0.0,0.0,0.0,72.74,89500000,,,,H
5275,2016/17,,fc-metz,losc-lille,0.0,0.0,0.0,0.0,0.0,67.29,41450000,0.0,0.0,0.0,0.0,0.0,72.18,86050000,,,,H
5276,2016/17,,olympique-de-marseille,toulouse-fc,0.0,0.0,0.0,0.0,0.0,73.85,58850000,0.0,0.0,0.0,0.0,0.0,68.76,60900000,,,,D
5277,2016/17,,ogc-nice,stade-rennais,0.0,0.0,0.0,0.0,0.0,73.28,89200000,0.0,0.0,0.0,0.0,0.0,73.39,253175000,,,,H
5278,2016/17,,angers-sco,ogc-nice,0.0,0.0,0.0,0.0,0.0,0.0,0,0.0,0.0,0.0,0.0,0.0,73.28,89200000,,,,A
5279,2016/17,,fc-nantes,as-monaco,0.0,0.0,0.0,0.0,0.0,69.58,54600000,0.0,0.0,0.0,0.0,0.0,73.63,257100000,,,,A
5280,2016/17,,paris-saint-germain,fc-metz,0.0,0.0,0.0,0.0,0.0,0.0,0,0.0,0.0,0.0,0.0,0.0,67.29,41450000,,,,H
5281,2016/17,,olympique-de-marseille,fc-lorient,0.0,0.0,0.0,0.0,0.0,73.85,58850000,0.0,0.0,0.0,0.0,0.0,70.23,70850000,,,,H
5282,2016/17,,fc-metz,angers-sco,0.0,0.0,0.0,0.0,0.0,67.29,41450000,0.0,0.0,0.0,0.0,0.0,0.0,0,,,,H
5283,2016/17,,ogc-nice,losc-lille,0.0,0.0,0.0,0.0,0.0,73.28,89200000,0.0,0.0,0.0,0.0,0.0,72.18,86050000,,,,D
5284,2016/17,,as-monaco,paris-saint-germain,0.0,0.0,0.0,0.0,0.0,73.63,257100000,0.0,0.0,0.0,0.0,0.0,0.0,0,,,,H
5285,2016/17,,losc-lille,as-monaco,0.0,0.0,0.0,0.0,0.0,72.18,86050000,0.0,0.0,0.0,0.0,0.0,73.63,257100000,,,,A
5286,2016/17,,fc-nantes,fc-metz,0.0,0.0,0.0,0.0,0.0,69.58,54600000,0.0,0.0,0.0,0.0,0.0,67.29,41450000,,,,A
5287,2016/17,,ogc-nice,olympique-de-marseille,0.0,0.0,0.0,0.0,0.0,73.28,89200000,0.0,0.0,0.0,0.0,0.0,73.85,58850000,,,,H
5288,2016/17,,fc-lorient,losc-lille,0.0,0.0,0.0,0.0,0.0,70.23,70850000,0.0,0.0,0.0,0.0,0.0,72.18,86050000,,,,H
5289,2016/17,,as-monaco,stade-rennais,0.0,0.0,0.0,0.0,0.0,73.63,257100000,0.0,0.0,0.0,0.0,0.0,73.39,253175000,,,,H
5290,2016/17,,olympique-de-marseille,olympique-lyonnais,0.0,0.0,0.0,0.0,0.0,73.85,58850000,0.0,0.0,0.0,0.0,0.0,72.74,89500000,,,,D
5291,2016/17,,losc-lille,toulouse-fc,0.0,0.0,0.0,0.0,0.0,72.18,86050000,0.0,0.0,0.0,0.0,0.0,68.76,60900000,,,,A
5292,2016/17,,ogc-nice,as-monaco,0.0,0.0,0.0,0.0,0.0,73.28,89200000,0.0,0.0,0.0,0.0,0.0,73.63,257100000,,,,H
5293,2016/17,,stade-rennais,olympique-de-marseille,0.0,0.0,0.0,0.0,0.0,73.39,253175000,0.0,0.0,0.0,0.0,0.0,73.85,58850000,,,,H
5294,2016/17,,toulouse-fc,paris-saint-germain,0.0,0.0,0.0,0.0,0.0,68.76,60900000,0.0,0.0,0.0,0.0,0.0,0.0,0,,,,H
5295,2016/17,,fc-lorient,olympique-lyonnais,0.0,0.0,0.0,0.0,0.0,70.23,70850000,0.0,0.0,0.0,0.0,0.0,72.74,89500000,,,,H
5296,2016/17,,as-monaco,angers-sco,0.0,0.0,0.0,0.0,0.0,73.63,257100000,0.0,0.0,0.0,0.0,0.0,0.0,0,,,,H
5297,2016/17,,olympique-de-marseille,fc-nantes,0.0,0.0,0.0,0.0,0.0,73.85,58850000,0.0,0.0,0.0,0.0,0.0,69.58,54600000,,,,H
5298,2016/17,,fc-metz,as-monaco,0.0,0.0,0.0,0.0,0.0,67.29,41450000,0.0,0.0,0.0,0.0,0.0,73.63,257100000,,,,A
5299,2016/17,,angers-sco,olympique-de-marseille,0.0,0.0,0.0,0.0,0.0,0.0,0,0.0,0.0,0.0,0.0,0.0,73.85,58850000,,,,D
5300,2016/17,,ogc-nice,fc-lorient,0.0,0.0,0.0,0.0,0.0,73.28,89200000,0.0,0.0,0.0,0.0,0.0,70.23,70850000,,,,H
5301,2016/17,,ogc-nice,olympique-lyonnais,0.0,0.0,0.0,0.0,0.0,73.28,89200000,0.0,0.0,0.0,0.0,0.0,72.74,89500000,,,,H
5302,2016/17,,toulouse-fc,as-monaco,0.0,0.0,0.0,0.0,0.0,68.76,60900000,0.0,0.0,0.0,0.0,0.0,73.63,257100000,,,,H
5303,2016/17,,fc-lorient,fc-nantes,0.0,0.0,0.0,0.0,0.0,70.23,70850000,0.0,0.0,0.0,0.0,0.0,69.58,54600000,,,,A
5304,2016/17,,olympique-de-marseille,fc-metz,0.0,0.0,0.0,0.0,0.0,73.85,58850000,0.0,0.0,0.0,0.0,0.0,67.29,41450000,,,,H
5305,2016/17,,angers-sco,toulouse-fc,0.0,0.0,0.0,0.0,0.0,0.0,0,0.0,0.0,0.0,0.0,0.0,68.76,60900000,,,,D
5306,2016/17,,fc-nantes,stade-rennais,0.0,0.0,0.0,0.0,0.0,69.58,54600000,0.0,0.0,0.0,0.0,0.0,73.39,253175000,,,,A
5307,2016/17,,fc-metz,ogc-nice,0.0,0.0,0.0,0.0,0.0,67.29,41450000,0.0,0.0,0.0,0.0,0.0,73.28,89200000,,,,A
5308,2016/17,,paris-saint-germain,olympique-de-marseille,0.0,0.0,0.0,0.0,0.0,0.0,0,0.0,0.0,0.0,0.0,0.0,73.85,58850000,,,,D
5309,2016/17,,losc-lille,paris-saint-germain,0.0,0.0,0.0,0.0,0.0,72.18,86050000,0.0,0.0,0.0,0.0,0.0,0.0,0,,,,A
5310,2016/17,,toulouse-fc,olympique-lyonnais,0.0,0.0,0.0,0.0,0.0,68.76,60900000,0.0,0.0,0.0,0.0,0.0,72.74,89500000,,,,A
5311,2016/17,,ogc-nice,fc-nantes,0.0,0.0,0.0,0.0,0.0,73.28,89200000,0.0,0.0,0.0,0.0,0.0,69.58,54600000,,,,H
5312,2016/17,,stade-rennais,fc-metz,0.0,0.0,0.0,0.0,0.0,73.39,253175000,0.0,0.0,0.0,0.0,0.0,67.29,41450000,,,,H
5313,2016/17,,angers-sco,losc-lille,0.0,0.0,0.0,0.0,0.0,0.0,0,0.0,0.0,0.0,0.0,0.0,72.18,86050000,,,,H
5314,2016/17,,fc-nantes,toulouse-fc,0.0,0.0,0.0,0.0,0.0,69.58,54600000,0.0,0.0,0.0,0.0,0.0,68.76,60900000,,,,D
5315,2016/17,,paris-saint-germain,stade-rennais,0.0,0.0,0.0,0.0,0.0,0.0,0,0.0,0.0,0.0,0.0,0.0,73.39,253175000,,,,H
5316,2016/17,,losc-lille,olympique-lyonnais,0.0,0.0,0.0,0.0,0.0,72.18,86050000,0.0,0.0,0.0,0.0,0.0,72.74,89500000,,,,A
5317,2016/17,,fc-lorient,as-monaco,0.0,0.0,0.0,0.0,0.0,70.23,70850000,0.0,0.0,0.0,0.0,0.0,73.63,257100000,,,,A
5318,2016/17,,paris-saint-germain,fc-nantes,0.0,0.0,0.0,0.0,0.0,0.0,0,0.0,0.0,0.0,0.0,0.0,69.58,54600000,,,,H
5319,2016/17,,stade-rennais,angers-sco,0.0,0.0,0.0,0.0,0.0,73.39,253175000,0.0,0.0,0.0,0.0,0.0,0.0,0,,,,D
5320,2016/17,,toulouse-fc,fc-metz,0.0,0.0,0.0,0.0,0.0,68.76,60900000,0.0,0.0,0.0,0.0,0.0,67.29,41450000,,,,A
5321,2016/17,,stade-rennais,toulouse-fc,0.0,0.0,0.0,0.0,0.0,73.39,253175000,0.0,0.0,0.0,0.0,0.0,68.76,60900000,,,,H
5322,2016/17,,fc-metz,fc-lorient,0.0,0.0,0.0,0.0,0.0,67.29,41450000,0.0,0.0,0.0,0.0,0.0,70.23,70850000,,,,D
5323,2016/17,,as-monaco,olympique-de-marseille,0.0,0.0,0.0,0.0,0.0,73.63,257100000,0.0,0.0,0.0,0.0,0.0,73.85,58850000,,,,H
5324,2016/17,,fc-nantes,losc-lille,0.0,0.0,0.0,0.0,0.0,69.58,54600000,0.0,0.0,0.0,0.0,0.0,72.18,86050000,,,,D
5325,2016/17,,olympique-lyonnais,paris-saint-germain,0.0,0.0,0.0,0.0,0.0,72.74,89500000,0.0,0.0,0.0,0.0,0.0,0.0,0,,,,A
5326,2016/17,,fc-lorient,stade-rennais,0.0,0.0,0.0,0.0,0.0,70.23,70850000,0.0,0.0,0.0,0.0,0.0,73.39,253175000,,,,H
5327,2016/17,,fc-nantes,olympique-lyonnais,0.0,0.0,0.0,0.0,0.0,69.58,54600000,0.0,0.0,0.0,0.0,0.0,72.74,89500000,,,,A
5328,2016/17,,paris-saint-germain,angers-sco,0.0,0.0,0.0,0.0,0.0,0.0,0,0.0,0.0,0.0,0.0,0.0,0.0,0,,,,H
5329,2016/17,,angers-sco,fc-lorient,0.0,0.0,0.0,0.0,0.0,0.0,0,0.0,0.0,0.0,0.0,0.0,70.23,70850000,,,,D
5330,2016/17,,ogc-nice,toulouse-fc,0.0,0.0,0.0,0.0,0.0,73.28,89200000,0.0,0.0,0.0,0.0,0.0,68.76,60900000,,,,H
5331,2016/17,,toulouse-fc,fc-lorient,0.0,0.0,0.0,0.0,0.0,68.76,60900000,0.0,0.0,0.0,0.0,0.0,70.23,70850000,,,,H
5332,2016/17,,olympique-lyonnais,stade-rennais,0.0,0.0,0.0,0.0,0.0,72.74,89500000,0.0,0.0,0.0,0.0,0.0,73.39,253175000,,,,H
5333,2016/17,,paris-saint-germain,ogc-nice,0.0,0.0,0.0,0.0,0.0,0.0,0,0.0,0.0,0.0,0.0,0.0,73.28,89200000,,,,D
5334,2016/17,,angers-sco,fc-nantes,0.0,0.0,0.0,0.0,0.0,0.0,0,0.0,0.0,0.0,0.0,0.0,69.58,54600000,,,,A
5335,2016/17,,olympique-de-marseille,losc-lille,0.0,0.0,0.0,0.0,0.0,73.85,58850000,0.0,0.0,0.0,0.0,0.0,72.18,86050000,,,,H
5336,2016/17,,as-monaco,olympique-lyonnais,0.0,0.0,0.0,0.0,0.0,73.63,257100000,0.0,0.0,0.0,0.0,0.0,72.74,89500000,,,,A
5337,2016/17,,losc-lille,stade-rennais,0.0,0.0,0.0,0.0,0.0,72.18,86050000,0.0,0.0,0.0,0.0,0.0,73.39,253175000,,,,D
5338,2016/17,,olympique-lyonnais,angers-sco,0.0,0.0,0.0,0.0,0.0,72.74,89500000,0.0,0.0,0.0,0.0,0.0,0.0,0,,,,H
5339,2016/17,,paris-saint-germain,fc-lorient,0.0,0.0,0.0,0.0,0.0,0.0,0,0.0,0.0,0.0,0.0,0.0,70.23,70850000,,,,H
5340,2016/17,,stade-rennais,paris-saint-germain,0.0,0.0,0.0,0.0,0.0,73.39,253175000,0.0,0.0,0.0,0.0,0.0,0.0,0,,,,A
5341,2016/17,,toulouse-fc,fc-nantes,0.0,0.0,0.0,0.0,0.0,68.76,60900000,0.0,0.0,0.0,0.0,0.0,69.58,54600000,,,,A
5342,2016/17,,olympique-de-marseille,as-monaco,0.0,0.0,0.0,0.0,0.0,73.85,58850000,0.0,0.0,0.0,0.0,0.0,73.63,257100000,,,,A
5343,2016/17,,ogc-nice,fc-metz,0.0,0.0,0.0,0.0,0.0,73.28,89200000,0.0,0.0,0.0,0.0,0.0,67.29,41450000,,,,D
5344,2016/17,,fc-nantes,paris-saint-germain,0.0,0.0,0.0,0.0,0.0,69.58,54600000,0.0,0.0,0.0,0.0,0.0,0.0,0,,,,A
5345,2016/17,,olympique-lyonnais,olympique-de-marseille,0.0,0.0,0.0,0.0,0.0,72.74,89500000,0.0,0.0,0.0,0.0,0.0,73.85,58850000,,,,H
5346,2016/17,,as-monaco,fc-lorient,0.0,0.0,0.0,0.0,0.0,73.63,257100000,0.0,0.0,0.0,0.0,0.0,70.23,70850000,,,,H
5347,2016/17,,angers-sco,fc-metz,0.0,0.0,0.0,0.0,0.0,0.0,0,0.0,0.0,0.0,0.0,0.0,67.29,41450000,,,,H
5348,2016/17,,olympique-lyonnais,losc-lille,0.0,0.0,0.0,0.0,0.0,72.74,89500000,0.0,0.0,0.0,0.0,0.0,72.18,86050000,,,,A
5349,2016/17,,stade-rennais,fc-nantes,0.0,0.0,0.0,0.0,0.0,73.39,253175000,0.0,0.0,0.0,0.0,0.0,69.58,54600000,,,,D
5350,2016/17,,paris-saint-germain,as-monaco,0.0,0.0,0.0,0.0,0.0,0.0,0,0.0,0.0,0.0,0.0,0.0,73.63,257100000,,,,D
5351,2016/17,,fc-metz,olympique-de-marseille,0.0,0.0,0.0,0.0,0.0,67.29,41450000,0.0,0.0,0.0,0.0,0.0,73.85,58850000,,,,H
5352,2016/17,,losc-lille,fc-lorient,0.0,0.0,0.0,0.0,0.0,72.18,86050000,0.0,0.0,0.0,0.0,0.0,70.23,70850000,,,,A
5353,2016/17,,as-monaco,ogc-nice,0.0,0.0,0.0,0.0,0.0,73.63,257100000,0.0,0.0,0.0,0.0,0.0,73.28,89200000,,,,H
5354,2016/17,,toulouse-fc,angers-sco,0.0,0.0,0.0,0.0,0.0,68.76,60900000,0.0,0.0,0.0,0.0,0.0,0.0,0,,,,H
5355,2016/17,,paris-saint-germain,losc-lille,0.0,0.0,0.0,0.0,0.0,0.0,0,0.0,0.0,0.0,0.0,0.0,72.18,86050000,,,,H
5356,2016/17,,angers-sco,stade-rennais,0.0,0.0,0.0,0.0,0.0,0.0,0,0.0,0.0,0.0,0.0,0.0,73.39,253175000,,,,D
5357,2016/17,,fc-lorient,toulouse-fc,0.0,0.0,0.0,0.0,0.0,70.23,70850000,0.0,0.0,0.0,0.0,0.0,68.76,60900000,,,,D
5358,2016/17,,losc-lille,angers-sco,0.0,0.0,0.0,0.0,0.0,72.18,86050000,0.0,0.0,0.0,0.0,0.0,0.0,0,,,,A
5359,2016/17,,as-monaco,fc-metz,0.0,0.0,0.0,0.0,0.0,73.63,257100000,0.0,0.0,0.0,0.0,0.0,67.29,41450000,,,,H
5360,2016/17,,fc-nantes,olympique-de-marseille,0.0,0.0,0.0,0.0,0.0,69.58,54600000,0.0,0.0,0.0,0.0,0.0,73.85,58850000,,,,H
5361,2016/17,,stade-rennais,ogc-nice,0.0,0.0,0.0,0.0,0.0,73.39,253175000,0.0,0.0,0.0,0.0,0.0,73.28,89200000,,,,D
5362,2016/17,,fc-lorient,ogc-nice,0.0,0.0,0.0,0.0,0.0,70.23,70850000,0.0,0.0,0.0,0.0,0.0,73.28,89200000,,,,A
5363,2016/17,,olympique-de-marseille,stade-rennais,0.0,0.0,0.0,0.0,0.0,73.85,58850000,0.0,0.0,0.0,0.0,0.0,73.39,253175000,,,,H
5364,2016/17,,fc-metz,fc-nantes,0.0,0.0,0.0,0.0,0.0,67.29,41450000,0.0,0.0,0.0,0.0,0.0,69.58,54600000,,,,D
5365,2016/17,,paris-saint-germain,toulouse-fc,0.0,0.0,0.0,0.0,0.0,0.0,0,0.0,0.0,0.0,0.0,0.0,68.76,60900000,,,,D
5366,2016/17,,stade-rennais,fc-lorient,0.0,0.0,0.0,0.0,0.0,73.39,253175000,0.0,0.0,0.0,0.0,0.0,70.23,70850000,,,,H
5367,2016/17,,olympique-lyonnais,fc-metz,0.0,0.0,0.0,0.0,0.0,72.74,89500000,0.0,0.0,0.0,0.0,0.0,67.29,41450000,,,,H
5368,2016/17,,olympique-de-marseille,paris-saint-germain,0.0,0.0,0.0,0.0,0.0,73.85,58850000,0.0,0.0,0.0,0.0,0.0,0.0,0,,,,A
5369,2016/17,,fc-metz,stade-rennais,0.0,0.0,0.0,0.0,0.0,67.29,41450000,0.0,0.0,0.0,0.0,0.0,73.39,253175000,,,,D
5370,2016/17,,fc-lorient,olympique-de-marseille,0.0,0.0,0.0,0.0,0.0,70.23,70850000,0.0,0.0,0.0,0.0,0.0,73.85,58850000,,,,A
5371,2016/17,,as-monaco,fc-nantes,0.0,0.0,0.0,0.0,0.0,73.63,257100000,0.0,0.0,0.0,0.0,0.0,69.58,54600000,,,,H
5372,2016/17,,toulouse-fc,losc-lille,0.0,0.0,0.0,0.0,0.0,68.76,60900000,0.0,0.0,0.0,0.0,0.0,72.18,86050000,,,,D
5373,2016/17,,olympique-de-marseille,angers-sco,0.0,0.0,0.0,0.0,0.0,73.85,58850000,0.0,0.0,0.0,0.0,0.0,0.0,0,,,,H
5374,2016/17,,fc-lorient,paris-saint-germain,0.0,0.0,0.0,0.0,0.0,70.23,70850000,0.0,0.0,0.0,0.0,0.0,0.0,0,,,,A
5375,2016/17,,olympique-lyonnais,toulouse-fc,0.0,0.0,0.0,0.0,0.0,72.74,89500000,0.0,0.0,0.0,0.0,0.0,68.76,60900000,,,,H
5376,2016/17,,losc-lille,olympique-de-marseille,0.0,0.0,0.0,0.0,0.0,72.18,86050000,0.0,0.0,0.0,0.0,0.0,73.85,58850000,,,,D
5377,2016/17,,fc-nantes,ogc-nice,0.0,0.0,0.0,0.0,0.0,69.58,54600000,0.0,0.0,0.0,0.0,0.0,73.28,89200000,,,,D
5378,2016/17,,toulouse-fc,stade-rennais,0.0,0.0,0.0,0.0,0.0,68.76,60900000,0.0,0.0,0.0,0.0,0.0,73.39,253175000,,,,D
5379,2016/17,,paris-saint-germain,olympique-lyonnais,0.0,0.0,0.0,0.0,0.0,0.0,0,0.0,0.0,0.0,0.0,0.0,72.74,89500000,,,,H
5380,2016/17,,fc-nantes,angers-sco,0.0,0.0,0.0,0.0,0.0,69.58,54600000,0.0,0.0,0.0,0.0,0.0,0.0,0,,,,H
5381,2016/17,,stade-rennais,olympique-lyonnais,0.0,0.0,0.0,0.0,0.0,73.39,253175000,0.0,0.0,0.0,0.0,0.0,72.74,89500000,,,,D
5382,2016/17,,fc-metz,olympique-lyonnais,0.0,0.0,0.0,0.0,0.0,67.29,41450000,0.0,0.0,0.0,0.0,0.0,72.74,89500000,,,,A
5383,2016/17,,losc-lille,ogc-nice,0.0,0.0,0.0,0.0,0.0,72.18,86050000,0.0,0.0,0.0,0.0,0.0,73.28,89200000,,,,A
5384,2016/17,,angers-sco,as-monaco,0.0,0.0,0.0,0.0,0.0,0.0,0,0.0,0.0,0.0,0.0,0.0,73.63,257100000,,,,A
5385,2016/17,,olympique-lyonnais,fc-lorient,0.0,0.0,0.0,0.0,0.0,72.74,89500000,0.0,0.0,0.0,0.0,0.0,70.23,70850000,,,,A
5386,2016/17,,toulouse-fc,olympique-de-marseille,0.0,0.0,0.0,0.0,0.0,68.76,60900000,0.0,0.0,0.0,0.0,0.0,73.85,58850000,,,,D
5387,2016/17,,angers-sco,paris-saint-germain,0.0,0.0,0.0,0.0,0.0,0.0,0,0.0,0.0,0.0,0.0,0.0,0.0,0,,,,A
5388,2016/17,,stade-rennais,losc-lille,0.0,0.0,0.0,0.0,0.0,73.39,253175000,0.0,0.0,0.0,0.0,0.0,72.18,86050000,,,,H
5389,2016/17,,fc-metz,paris-saint-germain,0.0,0.0,0.0,0.0,0.0,67.29,41450000,0.0,0.0,0.0,0.0,0.0,0.0,0,,,,A
5390,2016/17,,fc-lorient,fc-metz,0.0,0.0,0.0,0.0,0.0,70.23,70850000,0.0,0.0,0.0,0.0,0.0,67.29,41450000,,,,H
5391,2016/17,,olympique-lyonnais,as-monaco,0.0,0.0,0.0,0.0,0.0,72.74,89500000,0.0,0.0,0.0,0.0,0.0,73.63,257100000,,,,A
5392,2016/17,,toulouse-fc,ogc-nice,0.0,0.0,0.0,0.0,0.0,68.76,60900000,0.0,0.0,0.0,0.0,0.0,73.28,89200000,,,,D
5393,2016/17,,angers-sco,olympique-lyonnais,0.0,0.0,0.0,0.0,0.0,0.0,0,0.0,0.0,0.0,0.0,0.0,72.74,89500000,,,,A
5394,2016/17,,as-monaco,toulouse-fc,0.0,0.0,0.0,0.0,0.0,73.63,257100000,0.0,0.0,0.0,0.0,0.0,68.76,60900000,,,,H
5395,2016/17,,fc-nantes,fc-lorient,0.0,0.0,0.0,0.0,0.0,69.58,54600000,0.0,0.0,0.0,0.0,0.0,70.23,70850000,,,,H
5396,2016/17,,ogc-nice,paris-saint-germain,0.0,0.0,0.0,0.0,0.0,73.28,89200000,0.0,0.0,0.0,0.0,0.0,0.0,0,,,,H
5397,2016/17,,losc-lille,fc-metz,0.0,0.0,0.0,0.0,0.0,72.18,86050000,0.0,0.0,0.0,0.0,0.0,67.29,41450000,,,,A
5398,2016/17,,fc-lorient,angers-sco,0.0,0.0,0.0,0.0,0.0,70.23,70850000,0.0,0.0,0.0,0.0,0.0,0.0,0,,,,D
5399,2016/17,,olympique-lyonnais,fc-nantes,0.0,0.0,0.0,0.0,0.0,72.74,89500000,0.0,0.0,0.0,0.0,0.0,69.58,54600000,,,,H
5400,2016/17,,olympique-de-marseille,ogc-nice,0.0,0.0,0.0,0.0,0.0,73.85,58850000,0.0,0.0,0.0,0.0,0.0,73.28,89200000,,,,H
5401,2016/17,,fc-metz,toulouse-fc,0.0,0.0,0.0,0.0,0.0,67.29,41450000,0.0,0.0,0.0,0.0,0.0,68.76,60900000,,,,D
5402,2016/17,,as-monaco,losc-lille,0.0,0.0,0.0,0.0,0.0,73.63,257100000,0.0,0.0,0.0,0.0,0.0,72.18,86050000,,,,H
5403,2016/17,,ogc-nice,angers-sco,0.0,0.0,0.0,0.0,0.0,73.28,89200000,0.0,0.0,0.0,0.0,0.0,0.0,0,,,,A
5404,2016/17,,losc-lille,fc-nantes,0.0,0.0,0.0,0.0,0.0,72.18,86050000,0.0,0.0,0.0,0.0,0.0,69.58,54600000,,,,H
5405,2016/17,,olympique-lyonnais,ogc-nice,0.0,0.0,0.0,0.0,0.0,72.74,89500000,0.0,0.0,0.0,0.0,0.0,73.28,89200000,,,,D
5406,2016/17,,stade-rennais,as-monaco,0.0,0.0,0.0,0.0,0.0,73.39,253175000,0.0,0.0,0.0,0.0,0.0,73.63,257100000,,,,A
5407,2017/18,,as-monaco,toulouse-fc,0.0,0.0,0.0,0.0,0.0,73.63,257100000,0.0,0.0,0.0,0.0,0.0,68.76,60900000,,,,H
5408,2017/18,,olympique-lyonnais,rc-strasbourg,0.0,0.0,0.0,0.0,0.0,72.74,89500000,0.0,0.0,0.0,0.0,0.0,69.0,72100000,,,,H
5409,2017/18,,losc-lille,fc-nantes,0.0,0.0,0.0,0.0,0.0,72.18,86050000,0.0,0.0,0.0,0.0,0.0,69.58,54600000,,,,H
5410,2017/18,,stade-rennais,olympique-lyonnais,0.0,0.0,0.0,0.0,0.0,73.39,253175000,0.0,0.0,0.0,0.0,0.0,72.74,89500000,,,,A
5411,2017/18,,fc-nantes,olympique-de-marseille,0.0,0.0,0.0,0.0,0.0,69.58,54600000,0.0,0.0,0.0,0.0,0.0,73.85,58850000,,,,A
5412,2017/18,,rc-strasbourg,losc-lille,0.0,0.0,0.0,0.0,0.0,69.0,72100000,0.0,0.0,0.0,0.0,0.0,72.18,86050000,,,,H
5413,2017/18,,fc-metz,as-monaco,0.0,0.0,0.0,0.0,0.0,67.29,41450000,0.0,0.0,0.0,0.0,0.0,73.63,257100000,,,,A
5414,2017/18,,olympique-de-marseille,angers-sco,0.0,0.0,0.0,0.0,0.0,73.85,58850000,0.0,0.0,0.0,0.0,0.0,0.0,0,,,,D
5415,2017/18,,paris-saint-germain,toulouse-fc,0.0,0.0,0.0,0.0,0.0,0.0,0,0.0,0.0,0.0,0.0,0.0,68.76,60900000,,,,H
5416,2017/18,,fc-nantes,olympique-lyonnais,0.0,0.0,0.0,0.0,0.0,69.58,54600000,0.0,0.0,0.0,0.0,0.0,72.74,89500000,,,,D
5417,2017/18,,toulouse-fc,stade-rennais,0.0,0.0,0.0,0.0,0.0,68.76,60900000,0.0,0.0,0.0,0.0,0.0,73.39,253175000,,,,H
5418,2017/18,,angers-sco,losc-lille,0.0,0.0,0.0,0.0,0.0,0.0,0,0.0,0.0,0.0,0.0,0.0,72.18,86050000,,,,D
5419,2017/18,,as-monaco,olympique-de-marseille,0.0,0.0,0.0,0.0,0.0,73.63,257100000,0.0,0.0,0.0,0.0,0.0,73.85,58850000,,,,H
5420,2017/18,,fc-metz,paris-saint-germain,0.0,0.0,0.0,0.0,0.0,67.29,41450000,0.0,0.0,0.0,0.0,0.0,0.0,0,,,,A
5421,2017/18,,ogc-nice,as-monaco,0.0,0.0,0.0,0.0,0.0,73.28,89200000,0.0,0.0,0.0,0.0,0.0,73.63,257100000,,,,H
5422,2017/18,,olympique-de-marseille,stade-rennais,0.0,0.0,0.0,0.0,0.0,73.85,58850000,0.0,0.0,0.0,0.0,0.0,73.39,253175000,,,,A
5423,2017/18,,as-monaco,rc-strasbourg,0.0,0.0,0.0,0.0,0.0,73.63,257100000,0.0,0.0,0.0,0.0,0.0,69.0,72100000,,,,H
5424,2017/18,,angers-sco,fc-metz,0.0,0.0,0.0,0.0,0.0,0.0,0,0.0,0.0,0.0,0.0,0.0,67.29,41450000,,,,A
5425,2017/18,,paris-saint-germain,olympique-lyonnais,0.0,0.0,0.0,0.0,0.0,0.0,0,0.0,0.0,0.0,0.0,0.0,72.74,89500000,,,,H
5426,2017/18,,stade-rennais,ogc-nice,0.0,0.0,0.0,0.0,0.0,73.39,253175000,0.0,0.0,0.0,0.0,0.0,73.28,89200000,,,,A
5427,2017/18,,losc-lille,as-monaco,0.0,0.0,0.0,0.0,0.0,72.18,86050000,0.0,0.0,0.0,0.0,0.0,73.63,257100000,,,,A
5428,2017/18,,ogc-nice,angers-sco,0.0,0.0,0.0,0.0,0.0,73.28,89200000,0.0,0.0,0.0,0.0,0.0,0.0,0,,,,D
5429,2017/18,,olympique-de-marseille,toulouse-fc,0.0,0.0,0.0,0.0,0.0,73.85,58850000,0.0,0.0,0.0,0.0,0.0,68.76,60900000,,,,H
5430,2017/18,,rc-strasbourg,fc-nantes,0.0,0.0,0.0,0.0,0.0,69.0,72100000,0.0,0.0,0.0,0.0,0.0,69.58,54600000,,,,A
5431,2017/18,,fc-nantes,fc-metz,0.0,0.0,0.0,0.0,0.0,69.58,54600000,0.0,0.0,0.0,0.0,0.0,67.29,41450000,,,,H
5432,2017/18,,angers-sco,olympique-lyonnais,0.0,0.0,0.0,0.0,0.0,0.0,0,0.0,0.0,0.0,0.0,0.0,72.74,89500000,,,,D
5433,2017/18,,ogc-nice,olympique-de-marseille,0.0,0.0,0.0,0.0,0.0,73.28,89200000,0.0,0.0,0.0,0.0,0.0,73.85,58850000,,,,A
5434,2017/18,,olympique-lyonnais,as-monaco,0.0,0.0,0.0,0.0,0.0,72.74,89500000,0.0,0.0,0.0,0.0,0.0,73.63,257100000,,,,H
5435,2017/18,,rc-strasbourg,olympique-de-marseille,0.0,0.0,0.0,0.0,0.0,69.0,72100000,0.0,0.0,0.0,0.0,0.0,73.85,58850000,,,,D
5436,2017/18,,angers-sco,toulouse-fc,0.0,0.0,0.0,0.0,0.0,0.0,0,0.0,0.0,0.0,0.0,0.0,68.76,60900000,,,,A
5437,2017/18,,stade-rennais,losc-lille,0.0,0.0,0.0,0.0,0.0,73.39,253175000,0.0,0.0,0.0,0.0,0.0,72.18,86050000,,,,H
5438,2017/18,,olympique-de-marseille,paris-saint-germain,0.0,0.0,0.0,0.0,0.0,73.85,58850000,0.0,0.0,0.0,0.0,0.0,0.0,0,,,,D
5439,2017/18,,ogc-nice,rc-strasbourg,0.0,0.0,0.0,0.0,0.0,73.28,89200000,0.0,0.0,0.0,0.0,0.0,69.0,72100000,,,,A
5440,2017/18,,paris-saint-germain,ogc-nice,0.0,0.0,0.0,0.0,0.0,0.0,0,0.0,0.0,0.0,0.0,0.0,73.28,89200000,,,,H
5441,2017/18,,rc-strasbourg,angers-sco,0.0,0.0,0.0,0.0,0.0,69.0,72100000,0.0,0.0,0.0,0.0,0.0,0.0,0,,,,D
5442,2017/18,,losc-lille,olympique-de-marseille,0.0,0.0,0.0,0.0,0.0,72.18,86050000,0.0,0.0,0.0,0.0,0.0,73.85,58850000,,,,A
5443,2017/18,,olympique-lyonnais,fc-metz,0.0,0.0,0.0,0.0,0.0,72.74,89500000,0.0,0.0,0.0,0.0,0.0,67.29,41450000,,,,H
5444,2017/18,,angers-sco,paris-saint-germain,0.0,0.0,0.0,0.0,0.0,0.0,0,0.0,0.0,0.0,0.0,0.0,0.0,0,,,,A
5445,2017/18,,fc-nantes,toulouse-fc,0.0,0.0,0.0,0.0,0.0,69.58,54600000,0.0,0.0,0.0,0.0,0.0,68.76,60900000,,,,H
5446,2017/18,,fc-metz,losc-lille,0.0,0.0,0.0,0.0,0.0,67.29,41450000,0.0,0.0,0.0,0.0,0.0,72.18,86050000,,,,A
5447,2017/18,,paris-saint-germain,fc-nantes,0.0,0.0,0.0,0.0,0.0,0.0,0,0.0,0.0,0.0,0.0,0.0,69.58,54600000,,,,H
5448,2017/18,,rc-strasbourg,stade-rennais,0.0,0.0,0.0,0.0,0.0,69.0,72100000,0.0,0.0,0.0,0.0,0.0,73.39,253175000,,,,H
5449,2017/18,,toulouse-fc,fc-metz,0.0,0.0,0.0,0.0,0.0,68.76,60900000,0.0,0.0,0.0,0.0,0.0,67.29,41450000,,,,D
5450,2017/18,,stade-rennais,fc-nantes,0.0,0.0,0.0,0.0,0.0,73.39,253175000,0.0,0.0,0.0,0.0,0.0,69.58,54600000,,,,H
5451,2017/18,,as-monaco,paris-saint-germain,0.0,0.0,0.0,0.0,0.0,73.63,257100000,0.0,0.0,0.0,0.0,0.0,0.0,0,,,,A
5452,2017/18,,ogc-nice,olympique-lyonnais,0.0,0.0,0.0,0.0,0.0,73.28,89200000,0.0,0.0,0.0,0.0,0.0,72.74,89500000,,,,A
5453,2017/18,,angers-sco,stade-rennais,0.0,0.0,0.0,0.0,0.0,0.0,0,0.0,0.0,0.0,0.0,0.0,73.39,253175000,,,,A
5454,2017/18,,olympique-lyonnais,losc-lille,0.0,0.0,0.0,0.0,0.0,72.74,89500000,0.0,0.0,0.0,0.0,0.0,72.18,86050000,,,,A
5455,2017/18,,fc-metz,olympique-de-marseille,0.0,0.0,0.0,0.0,0.0,67.29,41450000,0.0,0.0,0.0,0.0,0.0,73.85,58850000,,,,A
5456,2017/18,,fc-nantes,as-monaco,0.0,0.0,0.0,0.0,0.0,69.58,54600000,0.0,0.0,0.0,0.0,0.0,73.63,257100000,,,,H
5457,2017/18,,toulouse-fc,ogc-nice,0.0,0.0,0.0,0.0,0.0,68.76,60900000,0.0,0.0,0.0,0.0,0.0,73.28,89200000,,,,A
5458,2017/18,,losc-lille,toulouse-fc,0.0,0.0,0.0,0.0,0.0,72.18,86050000,0.0,0.0,0.0,0.0,0.0,68.76,60900000,,,,H
5459,2017/18,,as-monaco,angers-sco,0.0,0.0,0.0,0.0,0.0,73.63,257100000,0.0,0.0,0.0,0.0,0.0,0.0,0,,,,H
5460,2017/18,,ogc-nice,fc-metz,0.0,0.0,0.0,0.0,0.0,73.28,89200000,0.0,0.0,0.0,0.0,0.0,67.29,41450000,,,,H
5461,2017/18,,rc-strasbourg,paris-saint-germain,0.0,0.0,0.0,0.0,0.0,69.0,72100000,0.0,0.0,0.0,0.0,0.0,0.0,0,,,,H
5462,2017/18,,fc-metz,stade-rennais,0.0,0.0,0.0,0.0,0.0,67.29,41450000,0.0,0.0,0.0,0.0,0.0,73.39,253175000,,,,D
5463,2017/18,,paris-saint-germain,losc-lille,0.0,0.0,0.0,0.0,0.0,0.0,0,0.0,0.0,0.0,0.0,0.0,72.18,86050000,,,,H
5464,2017/18,,fc-nantes,ogc-nice,0.0,0.0,0.0,0.0,0.0,69.58,54600000,0.0,0.0,0.0,0.0,0.0,73.28,89200000,,,,A
5465,2017/18,,stade-rennais,paris-saint-germain,0.0,0.0,0.0,0.0,0.0,73.39,253175000,0.0,0.0,0.0,0.0,0.0,0.0,0,,,,A
5466,2017/18,,rc-strasbourg,toulouse-fc,0.0,0.0,0.0,0.0,0.0,69.0,72100000,0.0,0.0,0.0,0.0,0.0,68.76,60900000,,,,H
5467,2017/18,,olympique-lyonnais,olympique-de-marseille,0.0,0.0,0.0,0.0,0.0,72.74,89500000,0.0,0.0,0.0,0.0,0.0,73.85,58850000,,,,H
5468,2017/18,,fc-nantes,angers-sco,0.0,0.0,0.0,0.0,0.0,69.58,54600000,0.0,0.0,0.0,0.0,0.0,0.0,0,,,,H
5469,2017/18,,losc-lille,ogc-nice,0.0,0.0,0.0,0.0,0.0,72.18,86050000,0.0,0.0,0.0,0.0,0.0,73.28,89200000,,,,D
5470,2017/18,,fc-metz,rc-strasbourg,0.0,0.0,0.0,0.0,0.0,67.29,41450000,0.0,0.0,0.0,0.0,0.0,69.0,72100000,,,,H
5471,2017/18,,as-monaco,stade-rennais,0.0,0.0,0.0,0.0,0.0,73.63,257100000,0.0,0.0,0.0,0.0,0.0,73.39,253175000,,,,H
5472,2017/18,,toulouse-fc,olympique-lyonnais,0.0,0.0,0.0,0.0,0.0,68.76,60900000,0.0,0.0,0.0,0.0,0.0,72.74,89500000,,,,A
5473,2017/18,,stade-rennais,olympique-de-marseille,0.0,0.0,0.0,0.0,0.0,73.39,253175000,0.0,0.0,0.0,0.0,0.0,73.85,58850000,,,,A
5474,2017/18,,olympique-lyonnais,angers-sco,0.0,0.0,0.0,0.0,0.0,72.74,89500000,0.0,0.0,0.0,0.0,0.0,0.0,0,,,,D
5475,2017/18,,fc-nantes,paris-saint-germain,0.0,0.0,0.0,0.0,0.0,69.58,54600000,0.0,0.0,0.0,0.0,0.0,0.0,0,,,,A
5476,2017/18,,olympique-de-marseille,rc-strasbourg,0.0,0.0,0.0,0.0,0.0,73.85,58850000,0.0,0.0,0.0,0.0,0.0,69.0,72100000,,,,H
5477,2017/18,,as-monaco,ogc-nice,0.0,0.0,0.0,0.0,0.0,73.63,257100000,0.0,0.0,0.0,0.0,0.0,73.28,89200000,,,,D
5478,2017/18,,losc-lille,stade-rennais,0.0,0.0,0.0,0.0,0.0,72.18,86050000,0.0,0.0,0.0,0.0,0.0,73.39,253175000,,,,A
5479,2017/18,,toulouse-fc,fc-nantes,0.0,0.0,0.0,0.0,0.0,68.76,60900000,0.0,0.0,0.0,0.0,0.0,69.58,54600000,,,,D
5480,2017/18,,stade-rennais,angers-sco,0.0,0.0,0.0,0.0,0.0,73.39,253175000,0.0,0.0,0.0,0.0,0.0,0.0,0,,,,H
5481,2017/18,,olympique-lyonnais,paris-saint-germain,0.0,0.0,0.0,0.0,0.0,72.74,89500000,0.0,0.0,0.0,0.0,0.0,0.0,0,,,,H
5482,2017/18,,as-monaco,fc-metz,0.0,0.0,0.0,0.0,0.0,73.63,257100000,0.0,0.0,0.0,0.0,0.0,67.29,41450000,,,,H
5483,2017/18,,fc-metz,ogc-nice,0.0,0.0,0.0,0.0,0.0,67.29,41450000,0.0,0.0,0.0,0.0,0.0,73.28,89200000,,,,H
5484,2017/18,,losc-lille,rc-strasbourg,0.0,0.0,0.0,0.0,0.0,72.18,86050000,0.0,0.0,0.0,0.0,0.0,69.0,72100000,,,,H
5485,2017/18,,olympique-de-marseille,as-monaco,0.0,0.0,0.0,0.0,0.0,73.85,58850000,0.0,0.0,0.0,0.0,0.0,73.63,257100000,,,,D
5486,2017/18,,olympique-de-marseille,fc-metz,0.0,0.0,0.0,0.0,0.0,73.85,58850000,0.0,0.0,0.0,0.0,0.0,67.29,41450000,,,,H
5487,2017/18,,losc-lille,paris-saint-germain,0.0,0.0,0.0,0.0,0.0,72.18,86050000,0.0,0.0,0.0,0.0,0.0,0.0,0,,,,A
5488,2017/18,,ogc-nice,toulouse-fc,0.0,0.0,0.0,0.0,0.0,73.28,89200000,0.0,0.0,0.0,0.0,0.0,68.76,60900000,,,,A
5489,2017/18,,as-monaco,olympique-lyonnais,0.0,0.0,0.0,0.0,0.0,73.63,257100000,0.0,0.0,0.0,0.0,0.0,72.74,89500000,,,,H
5490,2017/18,,angers-sco,as-monaco,0.0,0.0,0.0,0.0,0.0,0.0,0,0.0,0.0,0.0,0.0,0.0,73.63,257100000,,,,A
5491,2017/18,,toulouse-fc,paris-saint-germain,0.0,0.0,0.0,0.0,0.0,68.76,60900000,0.0,0.0,0.0,0.0,0.0,0.0,0,,,,A
5492,2017/18,,olympique-lyonnais,stade-rennais,0.0,0.0,0.0,0.0,0.0,72.74,89500000,0.0,0.0,0.0,0.0,0.0,73.39,253175000,,,,A
5493,2017/18,,fc-nantes,losc-lille,0.0,0.0,0.0,0.0,0.0,69.58,54600000,0.0,0.0,0.0,0.0,0.0,72.18,86050000,,,,D
5494,2017/18,,paris-saint-germain,rc-strasbourg,0.0,0.0,0.0,0.0,0.0,0.0,0,0.0,0.0,0.0,0.0,0.0,69.0,72100000,,,,H
5495,2017/18,,losc-lille,olympique-lyonnais,0.0,0.0,0.0,0.0,0.0,72.18,86050000,0.0,0.0,0.0,0.0,0.0,72.74,89500000,,,,D
5496,2017/18,,ogc-nice,fc-nantes,0.0,0.0,0.0,0.0,0.0,73.28,89200000,0.0,0.0,0.0,0.0,0.0,69.58,54600000,,,,D
5497,2017/18,,losc-lille,angers-sco,0.0,0.0,0.0,0.0,0.0,72.18,86050000,0.0,0.0,0.0,0.0,0.0,0.0,0,,,,A
5498,2017/18,,toulouse-fc,as-monaco,0.0,0.0,0.0,0.0,0.0,68.76,60900000,0.0,0.0,0.0,0.0,0.0,73.63,257100000,,,,D
5499,2017/18,,paris-saint-germain,olympique-de-marseille,0.0,0.0,0.0,0.0,0.0,0.0,0,0.0,0.0,0.0,0.0,0.0,73.85,58850000,,,,H
5500,2017/18,,ogc-nice,losc-lille,0.0,0.0,0.0,0.0,0.0,73.28,89200000,0.0,0.0,0.0,0.0,0.0,72.18,86050000,,,,H
5501,2017/18,,fc-metz,toulouse-fc,0.0,0.0,0.0,0.0,0.0,67.29,41450000,0.0,0.0,0.0,0.0,0.0,68.76,60900000,,,,D
5502,2017/18,,olympique-de-marseille,fc-nantes,0.0,0.0,0.0,0.0,0.0,73.85,58850000,0.0,0.0,0.0,0.0,0.0,69.58,54600000,,,,D
5503,2017/18,,rc-strasbourg,as-monaco,0.0,0.0,0.0,0.0,0.0,69.0,72100000,0.0,0.0,0.0,0.0,0.0,73.63,257100000,,,,A
5504,2017/18,,paris-saint-germain,fc-metz,0.0,0.0,0.0,0.0,0.0,0.0,0,0.0,0.0,0.0,0.0,0.0,67.29,41450000,,,,H
5505,2017/18,,toulouse-fc,olympique-de-marseille,0.0,0.0,0.0,0.0,0.0,68.76,60900000,0.0,0.0,0.0,0.0,0.0,73.85,58850000,,,,A
5506,2017/18,,paris-saint-germain,angers-sco,0.0,0.0,0.0,0.0,0.0,0.0,0,0.0,0.0,0.0,0.0,0.0,0.0,0,,,,H
5507,2017/18,,as-monaco,losc-lille,0.0,0.0,0.0,0.0,0.0,73.63,257100000,0.0,0.0,0.0,0.0,0.0,72.18,86050000,,,,H
5508,2017/18,,toulouse-fc,rc-strasbourg,0.0,0.0,0.0,0.0,0.0,68.76,60900000,0.0,0.0,0.0,0.0,0.0,69.0,72100000,,,,D
5509,2017/18,,olympique-de-marseille,olympique-lyonnais,0.0,0.0,0.0,0.0,0.0,73.85,58850000,0.0,0.0,0.0,0.0,0.0,72.74,89500000,,,,A
5510,2017/18,,fc-metz,fc-nantes,0.0,0.0,0.0,0.0,0.0,67.29,41450000,0.0,0.0,0.0,0.0,0.0,69.58,54600000,,,,D
5511,2017/18,,ogc-nice,paris-saint-germain,0.0,0.0,0.0,0.0,0.0,73.28,89200000,0.0,0.0,0.0,0.0,0.0,0.0,0,,,,A
5512,2017/18,,olympique-lyonnais,toulouse-fc,0.0,0.0,0.0,0.0,0.0,72.74,89500000,0.0,0.0,0.0,0.0,0.0,68.76,60900000,,,,H
5513,2017/18,,rc-strasbourg,fc-metz,0.0,0.0,0.0,0.0,0.0,69.0,72100000,0.0,0.0,0.0,0.0,0.0,67.29,41450000,,,,D
5514,2017/18,,stade-rennais,as-monaco,0.0,0.0,0.0,0.0,0.0,73.39,253175000,0.0,0.0,0.0,0.0,0.0,73.63,257100000,,,,D
5515,2017/18,,angers-sco,rc-strasbourg,0.0,0.0,0.0,0.0,0.0,0.0,0,0.0,0.0,0.0,0.0,0.0,69.0,72100000,,,,D
5516,2017/18,,as-monaco,fc-nantes,0.0,0.0,0.0,0.0,0.0,73.63,257100000,0.0,0.0,0.0,0.0,0.0,69.58,54600000,,,,H
5517,2017/18,,fc-metz,olympique-lyonnais,0.0,0.0,0.0,0.0,0.0,67.29,41450000,0.0,0.0,0.0,0.0,0.0,72.74,89500000,,,,A
5518,2017/18,,ogc-nice,stade-rennais,0.0,0.0,0.0,0.0,0.0,73.28,89200000,0.0,0.0,0.0,0.0,0.0,73.39,253175000,,,,D
5519,2017/18,,angers-sco,ogc-nice,0.0,0.0,0.0,0.0,0.0,0.0,0,0.0,0.0,0.0,0.0,0.0,73.28,89200000,,,,D
5520,2017/18,,stade-rennais,fc-metz,0.0,0.0,0.0,0.0,0.0,73.39,253175000,0.0,0.0,0.0,0.0,0.0,67.29,41450000,,,,A
5521,2017/18,,paris-saint-germain,as-monaco,0.0,0.0,0.0,0.0,0.0,0.0,0,0.0,0.0,0.0,0.0,0.0,73.63,257100000,,,,H
5522,2017/18,,fc-nantes,stade-rennais,0.0,0.0,0.0,0.0,0.0,69.58,54600000,0.0,0.0,0.0,0.0,0.0,73.39,253175000,,,,D
5523,2017/18,,olympique-de-marseille,losc-lille,0.0,0.0,0.0,0.0,0.0,73.85,58850000,0.0,0.0,0.0,0.0,0.0,72.18,86050000,,,,H
5524,2017/18,,toulouse-fc,angers-sco,0.0,0.0,0.0,0.0,0.0,68.76,60900000,0.0,0.0,0.0,0.0,0.0,0.0,0,,,,H
5525,2017/18,,losc-lille,fc-metz,0.0,0.0,0.0,0.0,0.0,72.18,86050000,0.0,0.0,0.0,0.0,0.0,67.29,41450000,,,,H
5526,2017/18,,olympique-lyonnais,fc-nantes,0.0,0.0,0.0,0.0,0.0,72.74,89500000,0.0,0.0,0.0,0.0,0.0,69.58,54600000,,,,H
5527,2017/18,,rc-strasbourg,ogc-nice,0.0,0.0,0.0,0.0,0.0,69.0,72100000,0.0,0.0,0.0,0.0,0.0,73.28,89200000,,,,D
5528,2017/18,,angers-sco,olympique-de-marseille,0.0,0.0,0.0,0.0,0.0,0.0,0,0.0,0.0,0.0,0.0,0.0,73.85,58850000,,,,D
5529,2017/18,,stade-rennais,toulouse-fc,0.0,0.0,0.0,0.0,0.0,73.39,253175000,0.0,0.0,0.0,0.0,0.0,68.76,60900000,,,,H
5530,2017/18,,olympique-de-marseille,ogc-nice,0.0,0.0,0.0,0.0,0.0,73.85,58850000,0.0,0.0,0.0,0.0,0.0,73.28,89200000,,,,H
5531,2017/18,,fc-metz,angers-sco,0.0,0.0,0.0,0.0,0.0,67.29,41450000,0.0,0.0,0.0,0.0,0.0,0.0,0,,,,A
5532,2017/18,,stade-rennais,rc-strasbourg,0.0,0.0,0.0,0.0,0.0,73.39,253175000,0.0,0.0,0.0,0.0,0.0,69.0,72100000,,,,H
5533,2017/18,,toulouse-fc,losc-lille,0.0,0.0,0.0,0.0,0.0,68.76,60900000,0.0,0.0,0.0,0.0,0.0,72.18,86050000,,,,A
5534,2017/18,,angers-sco,fc-nantes,0.0,0.0,0.0,0.0,0.0,0.0,0,0.0,0.0,0.0,0.0,0.0,69.58,54600000,,,,A
5535,2017/18,,paris-saint-germain,stade-rennais,0.0,0.0,0.0,0.0,0.0,0.0,0,0.0,0.0,0.0,0.0,0.0,73.39,253175000,,,,A
5536,2017/18,,rc-strasbourg,olympique-lyonnais,0.0,0.0,0.0,0.0,0.0,69.0,72100000,0.0,0.0,0.0,0.0,0.0,72.74,89500000,,,,H
5537,2017/18,,olympique-lyonnais,ogc-nice,0.0,0.0,0.0,0.0,0.0,72.74,89500000,0.0,0.0,0.0,0.0,0.0,73.28,89200000,,,,H
5538,2017/18,,fc-nantes,rc-strasbourg,0.0,0.0,0.0,0.0,0.0,69.58,54600000,0.0,0.0,0.0,0.0,0.0,69.0,72100000,,,,H
5539,2018/19,,olympique-de-marseille,toulouse-fc,0.0,0.0,0.0,0.0,0.0,73.85,58850000,0.0,0.0,0.0,0.0,0.0,68.76,60900000,,,,H
5540,2018/19,,losc-lille,stade-rennais,0.0,0.0,0.0,0.0,0.0,72.18,86050000,0.0,0.0,0.0,0.0,0.0,73.39,253175000,,,,H
5541,2018/19,,fc-nantes,as-monaco,0.0,0.0,0.0,0.0,0.0,69.58,54600000,0.0,0.0,0.0,0.0,0.0,73.63,257100000,,,,A
5542,2018/19,,ogc-nice,stade-de-reims,0.0,0.0,0.0,0.0,0.0,73.28,89200000,0.0,0.0,0.0,0.0,0.0,69.92,48600000,,,,A
5543,2018/19,,stade-de-reims,olympique-lyonnais,0.0,0.0,0.0,0.0,0.0,69.92,48600000,0.0,0.0,0.0,0.0,0.0,72.74,89500000,,,,H
5544,2018/19,,as-monaco,losc-lille,0.0,0.0,0.0,0.0,0.0,73.63,257100000,0.0,0.0,0.0,0.0,0.0,72.18,86050000,,,,D
5545,2018/19,,stade-rennais,angers-sco,0.0,0.0,0.0,0.0,0.0,73.39,253175000,0.0,0.0,0.0,0.0,0.0,0.0,0,,,,H
5546,2018/19,,olympique-lyonnais,rc-strasbourg,0.0,0.0,0.0,0.0,0.0,72.74,89500000,0.0,0.0,0.0,0.0,0.0,69.0,72100000,,,,H
5547,2018/19,,paris-saint-germain,angers-sco,0.0,0.0,0.0,0.0,0.0,0.0,0,0.0,0.0,0.0,0.0,0.0,0.0,0,,,,H
5548,2018/19,,olympique-de-marseille,stade-rennais,0.0,0.0,0.0,0.0,0.0,73.85,58850000,0.0,0.0,0.0,0.0,0.0,73.39,253175000,,,,D
5549,2018/19,,olympique-lyonnais,ogc-nice,0.0,0.0,0.0,0.0,0.0,72.74,89500000,0.0,0.0,0.0,0.0,0.0,73.28,89200000,,,,A
5550,2018/19,,angers-sco,losc-lille,0.0,0.0,0.0,0.0,0.0,0.0,0,0.0,0.0,0.0,0.0,0.0,72.18,86050000,,,,H
5551,2018/19,,rc-strasbourg,fc-nantes,0.0,0.0,0.0,0.0,0.0,69.0,72100000,0.0,0.0,0.0,0.0,0.0,69.58,54600000,,,,A
5552,2018/19,,as-monaco,olympique-de-marseille,0.0,0.0,0.0,0.0,0.0,73.63,257100000,0.0,0.0,0.0,0.0,0.0,73.85,58850000,,,,A
5553,2018/19,,ogc-nice,stade-rennais,0.0,0.0,0.0,0.0,0.0,73.28,89200000,0.0,0.0,0.0,0.0,0.0,73.39,253175000,,,,H
5554,2018/19,,toulouse-fc,as-monaco,0.0,0.0,0.0,0.0,0.0,68.76,60900000,0.0,0.0,0.0,0.0,0.0,73.63,257100000,,,,D
5555,2018/19,,fc-nantes,stade-de-reims,0.0,0.0,0.0,0.0,0.0,69.58,54600000,0.0,0.0,0.0,0.0,0.0,69.92,48600000,,,,D
5556,2018/19,,angers-sco,toulouse-fc,0.0,0.0,0.0,0.0,0.0,0.0,0,0.0,0.0,0.0,0.0,0.0,68.76,60900000,,,,D
5557,2018/19,,losc-lille,fc-nantes,0.0,0.0,0.0,0.0,0.0,72.18,86050000,0.0,0.0,0.0,0.0,0.0,69.58,54600000,,,,H
5558,2018/19,,olympique-lyonnais,olympique-de-marseille,0.0,0.0,0.0,0.0,0.0,72.74,89500000,0.0,0.0,0.0,0.0,0.0,73.85,58850000,,,,H
5559,2018/19,,stade-rennais,paris-saint-germain,0.0,0.0,0.0,0.0,0.0,73.39,253175000,0.0,0.0,0.0,0.0,0.0,0.0,0,,,,A
5560,2018/19,,as-monaco,angers-sco,0.0,0.0,0.0,0.0,0.0,73.63,257100000,0.0,0.0,0.0,0.0,0.0,0.0,0,,,,A
5561,2018/19,,fc-nantes,ogc-nice,0.0,0.0,0.0,0.0,0.0,69.58,54600000,0.0,0.0,0.0,0.0,0.0,73.28,89200000,,,,A
5562,2018/19,,olympique-de-marseille,rc-strasbourg,0.0,0.0,0.0,0.0,0.0,73.85,58850000,0.0,0.0,0.0,0.0,0.0,69.0,72100000,,,,H
5563,2018/19,,paris-saint-germain,stade-de-reims,0.0,0.0,0.0,0.0,0.0,0.0,0,0.0,0.0,0.0,0.0,0.0,69.92,48600000,,,,H
5564,2018/19,,olympique-lyonnais,fc-nantes,0.0,0.0,0.0,0.0,0.0,72.74,89500000,0.0,0.0,0.0,0.0,0.0,69.58,54600000,,,,D
5565,2018/19,,ogc-nice,paris-saint-germain,0.0,0.0,0.0,0.0,0.0,73.28,89200000,0.0,0.0,0.0,0.0,0.0,0.0,0,,,,A
5566,2018/19,,losc-lille,olympique-de-marseille,0.0,0.0,0.0,0.0,0.0,72.18,86050000,0.0,0.0,0.0,0.0,0.0,73.85,58850000,,,,H
5567,2018/19,,stade-rennais,toulouse-fc,0.0,0.0,0.0,0.0,0.0,73.39,253175000,0.0,0.0,0.0,0.0,0.0,68.76,60900000,,,,D
5568,2018/19,,toulouse-fc,ogc-nice,0.0,0.0,0.0,0.0,0.0,68.76,60900000,0.0,0.0,0.0,0.0,0.0,73.28,89200000,,,,D
5569,2018/19,,angers-sco,rc-strasbourg,0.0,0.0,0.0,0.0,0.0,0.0,0,0.0,0.0,0.0,0.0,0.0,69.0,72100000,,,,D
5570,2018/19,,as-monaco,stade-rennais,0.0,0.0,0.0,0.0,0.0,73.63,257100000,0.0,0.0,0.0,0.0,0.0,73.39,253175000,,,,A
5571,2018/19,,paris-saint-germain,olympique-lyonnais,0.0,0.0,0.0,0.0,0.0,0.0,0,0.0,0.0,0.0,0.0,0.0,72.74,89500000,,,,H
5572,2018/19,,fc-nantes,toulouse-fc,0.0,0.0,0.0,0.0,0.0,69.58,54600000,0.0,0.0,0.0,0.0,0.0,68.76,60900000,,,,H
5573,2018/19,,stade-de-reims,angers-sco,0.0,0.0,0.0,0.0,0.0,69.92,48600000,0.0,0.0,0.0,0.0,0.0,0.0,0,,,,D
5574,2018/19,,rc-strasbourg,as-monaco,0.0,0.0,0.0,0.0,0.0,69.0,72100000,0.0,0.0,0.0,0.0,0.0,73.63,257100000,,,,H
5575,2018/19,,ogc-nice,olympique-de-marseille,0.0,0.0,0.0,0.0,0.0,73.28,89200000,0.0,0.0,0.0,0.0,0.0,73.85,58850000,,,,A
5576,2018/19,,angers-sco,olympique-lyonnais,0.0,0.0,0.0,0.0,0.0,0.0,0,0.0,0.0,0.0,0.0,0.0,72.74,89500000,,,,A
5577,2018/19,,olympique-de-marseille,paris-saint-germain,0.0,0.0,0.0,0.0,0.0,73.85,58850000,0.0,0.0,0.0,0.0,0.0,0.0,0,,,,A
5578,2018/19,,stade-rennais,stade-de-reims,0.0,0.0,0.0,0.0,0.0,73.39,253175000,0.0,0.0,0.0,0.0,0.0,69.92,48600000,,,,A
5579,2018/19,,paris-saint-germain,losc-lille,0.0,0.0,0.0,0.0,0.0,0.0,0,0.0,0.0,0.0,0.0,0.0,72.18,86050000,,,,H
5580,2018/19,,stade-de-reims,as-monaco,0.0,0.0,0.0,0.0,0.0,69.92,48600000,0.0,0.0,0.0,0.0,0.0,73.63,257100000,,,,H
5581,2018/19,,rc-strasbourg,toulouse-fc,0.0,0.0,0.0,0.0,0.0,69.0,72100000,0.0,0.0,0.0,0.0,0.0,68.76,60900000,,,,D
5582,2018/19,,losc-lille,rc-strasbourg,0.0,0.0,0.0,0.0,0.0,72.18,86050000,0.0,0.0,0.0,0.0,0.0,69.0,72100000,,,,D
5583,2018/19,,as-monaco,paris-saint-germain,0.0,0.0,0.0,0.0,0.0,73.63,257100000,0.0,0.0,0.0,0.0,0.0,0.0,0,,,,A
5584,2018/19,,stade-rennais,fc-nantes,0.0,0.0,0.0,0.0,0.0,73.39,253175000,0.0,0.0,0.0,0.0,0.0,69.58,54600000,,,,D
5585,2018/19,,fc-nantes,angers-sco,0.0,0.0,0.0,0.0,0.0,69.58,54600000,0.0,0.0,0.0,0.0,0.0,0.0,0,,,,D
5586,2018/19,,paris-saint-germain,toulouse-fc,0.0,0.0,0.0,0.0,0.0,0.0,0,0.0,0.0,0.0,0.0,0.0,68.76,60900000,,,,H
5587,2018/19,,ogc-nice,losc-lille,0.0,0.0,0.0,0.0,0.0,73.28,89200000,0.0,0.0,0.0,0.0,0.0,72.18,86050000,,,,H
5588,2018/19,,losc-lille,olympique-lyonnais,0.0,0.0,0.0,0.0,0.0,72.18,86050000,0.0,0.0,0.0,0.0,0.0,72.74,89500000,,,,D
5589,2018/19,,olympique-de-marseille,stade-de-reims,0.0,0.0,0.0,0.0,0.0,73.85,58850000,0.0,0.0,0.0,0.0,0.0,69.92,48600000,,,,D
5590,2018/19,,stade-rennais,rc-strasbourg,0.0,0.0,0.0,0.0,0.0,73.39,253175000,0.0,0.0,0.0,0.0,0.0,69.0,72100000,,,,A
5591,2018/19,,ogc-nice,angers-sco,0.0,0.0,0.0,0.0,0.0,73.28,89200000,0.0,0.0,0.0,0.0,0.0,0.0,0,,,,D
5592,2018/19,,olympique-lyonnais,stade-rennais,0.0,0.0,0.0,0.0,0.0,72.74,89500000,0.0,0.0,0.0,0.0,0.0,73.39,253175000,,,,A
5593,2018/19,,fc-nantes,olympique-de-marseille,0.0,0.0,0.0,0.0,0.0,69.58,54600000,0.0,0.0,0.0,0.0,0.0,73.85,58850000,,,,H
5594,2018/19,,stade-de-reims,toulouse-fc,0.0,0.0,0.0,0.0,0.0,69.92,48600000,0.0,0.0,0.0,0.0,0.0,68.76,60900000,,,,A
5595,2018/19,,rc-strasbourg,paris-saint-germain,0.0,0.0,0.0,0.0,0.0,69.0,72100000,0.0,0.0,0.0,0.0,0.0,0.0,0,,,,D
5596,2018/19,,losc-lille,stade-de-reims,0.0,0.0,0.0,0.0,0.0,72.18,86050000,0.0,0.0,0.0,0.0,0.0,69.92,48600000,,,,D
5597,2018/19,,stade-de-reims,rc-strasbourg,0.0,0.0,0.0,0.0,0.0,69.92,48600000,0.0,0.0,0.0,0.0,0.0,69.0,72100000,,,,H
5598,2018/19,,olympique-lyonnais,as-monaco,0.0,0.0,0.0,0.0,0.0,72.74,89500000,0.0,0.0,0.0,0.0,0.0,73.63,257100000,,,,H
5599,2018/19,,angers-sco,olympique-de-marseille,0.0,0.0,0.0,0.0,0.0,0.0,0,0.0,0.0,0.0,0.0,0.0,73.85,58850000,,,,D
5600,2018/19,,losc-lille,toulouse-fc,0.0,0.0,0.0,0.0,0.0,72.18,86050000,0.0,0.0,0.0,0.0,0.0,68.76,60900000,,,,A
5601,2018/19,,paris-saint-germain,fc-nantes,0.0,0.0,0.0,0.0,0.0,0.0,0,0.0,0.0,0.0,0.0,0.0,69.58,54600000,,,,H
5602,2018/19,,rc-strasbourg,ogc-nice,0.0,0.0,0.0,0.0,0.0,69.0,72100000,0.0,0.0,0.0,0.0,0.0,73.28,89200000,,,,H
5603,2018/19,,olympique-lyonnais,stade-de-reims,0.0,0.0,0.0,0.0,0.0,72.74,89500000,0.0,0.0,0.0,0.0,0.0,69.92,48600000,,,,D
5604,2018/19,,olympique-de-marseille,as-monaco,0.0,0.0,0.0,0.0,0.0,73.85,58850000,0.0,0.0,0.0,0.0,0.0,73.63,257100000,,,,D
5605,2018/19,,fc-nantes,stade-rennais,0.0,0.0,0.0,0.0,0.0,69.58,54600000,0.0,0.0,0.0,0.0,0.0,73.39,253175000,,,,A
5606,2018/19,,toulouse-fc,rc-strasbourg,0.0,0.0,0.0,0.0,0.0,68.76,60900000,0.0,0.0,0.0,0.0,0.0,69.0,72100000,,,,A
5607,2018/19,,as-monaco,ogc-nice,0.0,0.0,0.0,0.0,0.0,73.63,257100000,0.0,0.0,0.0,0.0,0.0,73.28,89200000,,,,D
5608,2018/19,,toulouse-fc,olympique-lyonnais,0.0,0.0,0.0,0.0,0.0,68.76,60900000,0.0,0.0,0.0,0.0,0.0,72.74,89500000,,,,D
5609,2018/19,,as-monaco,rc-strasbourg,0.0,0.0,0.0,0.0,0.0,73.63,257100000,0.0,0.0,0.0,0.0,0.0,69.0,72100000,,,,A
5610,2018/19,,stade-de-reims,ogc-nice,0.0,0.0,0.0,0.0,0.0,69.92,48600000,0.0,0.0,0.0,0.0,0.0,73.28,89200000,,,,D
5611,2018/19,,angers-sco,fc-nantes,0.0,0.0,0.0,0.0,0.0,0.0,0,0.0,0.0,0.0,0.0,0.0,69.58,54600000,,,,H
5612,2018/19,,olympique-de-marseille,losc-lille,0.0,0.0,0.0,0.0,0.0,73.85,58850000,0.0,0.0,0.0,0.0,0.0,72.18,86050000,,,,A
5613,2018/19,,paris-saint-germain,stade-rennais,0.0,0.0,0.0,0.0,0.0,0.0,0,0.0,0.0,0.0,0.0,0.0,73.39,253175000,,,,H
5614,2018/19,,toulouse-fc,angers-sco,0.0,0.0,0.0,0.0,0.0,68.76,60900000,0.0,0.0,0.0,0.0,0.0,0.0,0,,,,D
5615,2018/19,,losc-lille,ogc-nice,0.0,0.0,0.0,0.0,0.0,72.18,86050000,0.0,0.0,0.0,0.0,0.0,73.28,89200000,,,,H
5616,2018/19,,as-monaco,toulouse-fc,0.0,0.0,0.0,0.0,0.0,73.63,257100000,0.0,0.0,0.0,0.0,0.0,68.76,60900000,,,,H
5617,2018/19,,stade-de-reims,olympique-de-marseille,0.0,0.0,0.0,0.0,0.0,69.92,48600000,0.0,0.0,0.0,0.0,0.0,73.85,58850000,,,,H
5618,2018/19,,olympique-lyonnais,paris-saint-germain,0.0,0.0,0.0,0.0,0.0,72.74,89500000,0.0,0.0,0.0,0.0,0.0,0.0,0,,,,H
5619,2018/19,,rc-strasbourg,angers-sco,0.0,0.0,0.0,0.0,0.0,69.0,72100000,0.0,0.0,0.0,0.0,0.0,0.0,0,,,,A
5620,2018/19,,ogc-nice,olympique-lyonnais,0.0,0.0,0.0,0.0,0.0,73.28,89200000,0.0,0.0,0.0,0.0,0.0,72.74,89500000,,,,H
5621,2018/19,,toulouse-fc,stade-de-reims,0.0,0.0,0.0,0.0,0.0,68.76,60900000,0.0,0.0,0.0,0.0,0.0,69.92,48600000,,,,D
5622,2018/19,,angers-sco,ogc-nice,0.0,0.0,0.0,0.0,0.0,0.0,0,0.0,0.0,0.0,0.0,0.0,73.28,89200000,,,,H
5623,2018/19,,as-monaco,fc-nantes,0.0,0.0,0.0,0.0,0.0,73.63,257100000,0.0,0.0,0.0,0.0,0.0,69.58,54600000,,,,H
5624,2018/19,,stade-de-reims,stade-rennais,0.0,0.0,0.0,0.0,0.0,69.92,48600000,0.0,0.0,0.0,0.0,0.0,73.39,253175000,,,,H
5625,2018/19,,rc-strasbourg,losc-lille,0.0,0.0,0.0,0.0,0.0,69.0,72100000,0.0,0.0,0.0,0.0,0.0,72.18,86050000,,,,D
5626,2018/19,,as-monaco,olympique-lyonnais,0.0,0.0,0.0,0.0,0.0,73.63,257100000,0.0,0.0,0.0,0.0,0.0,72.74,89500000,,,,H
5627,2018/19,,stade-rennais,olympique-de-marseille,0.0,0.0,0.0,0.0,0.0,73.39,253175000,0.0,0.0,0.0,0.0,0.0,73.85,58850000,,,,D
5628,2018/19,,angers-sco,as-monaco,0.0,0.0,0.0,0.0,0.0,0.0,0,0.0,0.0,0.0,0.0,0.0,73.63,257100000,,,,D
5629,2018/19,,olympique-lyonnais,toulouse-fc,0.0,0.0,0.0,0.0,0.0,72.74,89500000,0.0,0.0,0.0,0.0,0.0,68.76,60900000,,,,H
5630,2018/19,,ogc-nice,rc-strasbourg,0.0,0.0,0.0,0.0,0.0,73.28,89200000,0.0,0.0,0.0,0.0,0.0,69.0,72100000,,,,H
5631,2018/19,,rc-strasbourg,olympique-lyonnais,0.0,0.0,0.0,0.0,0.0,69.0,72100000,0.0,0.0,0.0,0.0,0.0,72.74,89500000,,,,D
5632,2018/19,,olympique-de-marseille,ogc-nice,0.0,0.0,0.0,0.0,0.0,73.85,58850000,0.0,0.0,0.0,0.0,0.0,73.28,89200000,,,,H
5633,2018/19,,losc-lille,as-monaco,0.0,0.0,0.0,0.0,0.0,72.18,86050000,0.0,0.0,0.0,0.0,0.0,73.63,257100000,,,,A
5634,2018/19,,ogc-nice,toulouse-fc,0.0,0.0,0.0,0.0,0.0,73.28,89200000,0.0,0.0,0.0,0.0,0.0,68.76,60900000,,,,D
5635,2018/19,,paris-saint-germain,olympique-de-marseille,0.0,0.0,0.0,0.0,0.0,0.0,0,0.0,0.0,0.0,0.0,0.0,73.85,58850000,,,,H
5636,2018/19,,stade-de-reims,fc-nantes,0.0,0.0,0.0,0.0,0.0,69.92,48600000,0.0,0.0,0.0,0.0,0.0,69.58,54600000,,,,H
5637,2018/19,,stade-rennais,olympique-lyonnais,0.0,0.0,0.0,0.0,0.0,73.39,253175000,0.0,0.0,0.0,0.0,0.0,72.74,89500000,,,,A
5638,2018/19,,olympique-de-marseille,angers-sco,0.0,0.0,0.0,0.0,0.0,73.85,58850000,0.0,0.0,0.0,0.0,0.0,0.0,0,,,,D
5639,2018/19,,fc-nantes,losc-lille,0.0,0.0,0.0,0.0,0.0,69.58,54600000,0.0,0.0,0.0,0.0,0.0,72.18,86050000,,,,A
5640,2018/19,,toulouse-fc,paris-saint-germain,0.0,0.0,0.0,0.0,0.0,68.76,60900000,0.0,0.0,0.0,0.0,0.0,0.0,0,,,,A
5641,2018/19,,rc-strasbourg,stade-de-reims,0.0,0.0,0.0,0.0,0.0,69.0,72100000,0.0,0.0,0.0,0.0,0.0,69.92,48600000,,,,H
5642,2018/19,,angers-sco,stade-rennais,0.0,0.0,0.0,0.0,0.0,0.0,0,0.0,0.0,0.0,0.0,0.0,73.39,253175000,,,,D
5643,2018/19,,paris-saint-germain,rc-strasbourg,0.0,0.0,0.0,0.0,0.0,0.0,0,0.0,0.0,0.0,0.0,0.0,69.0,72100000,,,,D
5644,2018/19,,stade-de-reims,losc-lille,0.0,0.0,0.0,0.0,0.0,69.92,48600000,0.0,0.0,0.0,0.0,0.0,72.18,86050000,,,,D
5645,2018/19,,toulouse-fc,fc-nantes,0.0,0.0,0.0,0.0,0.0,68.76,60900000,0.0,0.0,0.0,0.0,0.0,69.58,54600000,,,,H
5646,2018/19,,fc-nantes,olympique-lyonnais,0.0,0.0,0.0,0.0,0.0,69.58,54600000,0.0,0.0,0.0,0.0,0.0,72.74,89500000,,,,H
5647,2018/19,,as-monaco,stade-de-reims,0.0,0.0,0.0,0.0,0.0,73.63,257100000,0.0,0.0,0.0,0.0,0.0,69.92,48600000,,,,D
5648,2018/19,,losc-lille,paris-saint-germain,0.0,0.0,0.0,0.0,0.0,72.18,86050000,0.0,0.0,0.0,0.0,0.0,0.0,0,,,,H
5649,2018/19,,stade-rennais,ogc-nice,0.0,0.0,0.0,0.0,0.0,73.39,253175000,0.0,0.0,0.0,0.0,0.0,73.28,89200000,,,,D
5650,2018/19,,fc-nantes,paris-saint-germain,0.0,0.0,0.0,0.0,0.0,69.58,54600000,0.0,0.0,0.0,0.0,0.0,0.0,0,,,,H
5651,2018/19,,olympique-lyonnais,angers-sco,0.0,0.0,0.0,0.0,0.0,72.74,89500000,0.0,0.0,0.0,0.0,0.0,0.0,0,,,,H
5652,2018/19,,paris-saint-germain,as-monaco,0.0,0.0,0.0,0.0,0.0,0.0,0,0.0,0.0,0.0,0.0,0.0,73.63,257100000,,,,H
5653,2018/19,,toulouse-fc,losc-lille,0.0,0.0,0.0,0.0,0.0,68.76,60900000,0.0,0.0,0.0,0.0,0.0,72.18,86050000,,,,D
5654,2018/19,,angers-sco,stade-de-reims,0.0,0.0,0.0,0.0,0.0,0.0,0,0.0,0.0,0.0,0.0,0.0,69.92,48600000,,,,D
5655,2018/19,,olympique-de-marseille,fc-nantes,0.0,0.0,0.0,0.0,0.0,73.85,58850000,0.0,0.0,0.0,0.0,0.0,69.58,54600000,,,,A
5656,2018/19,,stade-rennais,as-monaco,0.0,0.0,0.0,0.0,0.0,73.39,253175000,0.0,0.0,0.0,0.0,0.0,73.63,257100000,,,,D
5657,2018/19,,rc-strasbourg,olympique-de-marseille,0.0,0.0,0.0,0.0,0.0,69.0,72100000,0.0,0.0,0.0,0.0,0.0,73.85,58850000,,,,D
5658,2018/19,,paris-saint-germain,ogc-nice,0.0,0.0,0.0,0.0,0.0,0.0,0,0.0,0.0,0.0,0.0,0.0,73.28,89200000,,,,D
5659,2018/19,,olympique-lyonnais,losc-lille,0.0,0.0,0.0,0.0,0.0,72.74,89500000,0.0,0.0,0.0,0.0,0.0,72.18,86050000,,,,D
5660,2018/19,,toulouse-fc,stade-rennais,0.0,0.0,0.0,0.0,0.0,68.76,60900000,0.0,0.0,0.0,0.0,0.0,73.39,253175000,,,,D
5661,2018/19,,angers-sco,paris-saint-germain,0.0,0.0,0.0,0.0,0.0,0.0,0,0.0,0.0,0.0,0.0,0.0,0.0,0,,,,A
5662,2018/19,,ogc-nice,fc-nantes,0.0,0.0,0.0,0.0,0.0,73.28,89200000,0.0,0.0,0.0,0.0,0.0,69.58,54600000,,,,D
5663,2018/19,,olympique-de-marseille,olympique-lyonnais,0.0,0.0,0.0,0.0,0.0,73.85,58850000,0.0,0.0,0.0,0.0,0.0,72.74,89500000,,,,A
5664,2018/19,,losc-lille,angers-sco,0.0,0.0,0.0,0.0,0.0,72.18,86050000,0.0,0.0,0.0,0.0,0.0,0.0,0,,,,H
5665,2018/19,,rc-strasbourg,stade-rennais,0.0,0.0,0.0,0.0,0.0,69.0,72100000,0.0,0.0,0.0,0.0,0.0,73.39,253175000,,,,A
5666,2018/19,,toulouse-fc,olympique-de-marseille,0.0,0.0,0.0,0.0,0.0,68.76,60900000,0.0,0.0,0.0,0.0,0.0,73.85,58850000,,,,A
5667,2018/19,,fc-nantes,rc-strasbourg,0.0,0.0,0.0,0.0,0.0,69.58,54600000,0.0,0.0,0.0,0.0,0.0,69.0,72100000,,,,A
5668,2018/19,,ogc-nice,as-monaco,0.0,0.0,0.0,0.0,0.0,73.28,89200000,0.0,0.0,0.0,0.0,0.0,73.63,257100000,,,,H
5669,2018/19,,stade-de-reims,paris-saint-germain,0.0,0.0,0.0,0.0,0.0,69.92,48600000,0.0,0.0,0.0,0.0,0.0,0.0,0,,,,H
5670,2018/19,,stade-rennais,losc-lille,0.0,0.0,0.0,0.0,0.0,73.39,253175000,0.0,0.0,0.0,0.0,0.0,72.18,86050000,,,,H
6660,2002/03,,ogc-nice,stade-rennais,0.0,0.0,0.0,0.0,0.0,73.28,89200000,0.0,0.0,0.0,0.0,0.0,73.39,253175000,,,,D
6661,2002/03,,rc-strasbourg,as-monaco,0.0,0.0,0.0,0.0,0.0,69.0,72100000,0.0,0.0,0.0,0.0,0.0,73.63,257100000,,,,H
6662,2002/03,,as-monaco,paris-saint-germain,0.0,0.0,0.0,0.0,0.0,73.63,257100000,0.0,0.0,0.0,0.0,0.0,0.0,0,,,,H
6663,2002/03,,stade-rennais,losc-lille,0.0,0.0,0.0,0.0,0.0,73.39,253175000,0.0,0.0,0.0,0.0,0.0,72.18,86050000,,,,H
6664,2002/03,,olympique-lyonnais,rc-strasbourg,0.0,0.0,0.0,0.0,0.0,72.74,89500000,0.0,0.0,0.0,0.0,0.0,69.0,72100000,,,,H
6665,2002/03,,losc-lille,aj-auxerre,0.0,0.0,0.0,0.0,0.0,72.18,86050000,0.0,0.0,0.0,0.0,0.0,0.0,0,,,,D
6666,2002/03,,paris-saint-germain,olympique-lyonnais,0.0,0.0,0.0,0.0,0.0,0.0,0,0.0,0.0,0.0,0.0,0.0,72.74,89500000,,,,H
6667,2002/03,,rc-strasbourg,stade-rennais,0.0,0.0,0.0,0.0,0.0,69.0,72100000,0.0,0.0,0.0,0.0,0.0,73.39,253175000,,,,A
6668,2002/03,,aj-auxerre,rc-strasbourg,0.0,0.0,0.0,0.0,0.0,0.0,0,0.0,0.0,0.0,0.0,0.0,69.0,72100000,,,,D
6669,2002/03,,stade-rennais,paris-saint-germain,0.0,0.0,0.0,0.0,0.0,73.39,253175000,0.0,0.0,0.0,0.0,0.0,0.0,0,,,,H
6670,2002/03,,olympique-de-marseille,as-monaco,0.0,0.0,0.0,0.0,0.0,73.85,58850000,0.0,0.0,0.0,0.0,0.0,73.63,257100000,,,,D
6671,2002/03,,rc-strasbourg,ogc-nice,0.0,0.0,0.0,0.0,0.0,69.0,72100000,0.0,0.0,0.0,0.0,0.0,73.28,89200000,,,,D
6672,2002/03,,olympique-lyonnais,olympique-de-marseille,0.0,0.0,0.0,0.0,0.0,72.74,89500000,0.0,0.0,0.0,0.0,0.0,73.85,58850000,,,,H
6673,2002/03,,ogc-nice,losc-lille,0.0,0.0,0.0,0.0,0.0,73.28,89200000,0.0,0.0,0.0,0.0,0.0,72.18,86050000,,,,H
6674,2002/03,,olympique-de-marseille,stade-rennais,0.0,0.0,0.0,0.0,0.0,73.85,58850000,0.0,0.0,0.0,0.0,0.0,73.39,253175000,,,,H
6675,2002/03,,aj-auxerre,olympique-de-marseille,0.0,0.0,0.0,0.0,0.0,0.0,0,0.0,0.0,0.0,0.0,0.0,73.85,58850000,,,,D
6676,2002/03,,losc-lille,rc-strasbourg,0.0,0.0,0.0,0.0,0.0,72.18,86050000,0.0,0.0,0.0,0.0,0.0,69.0,72100000,,,,A
6677,2002/03,,as-monaco,rc-lens,0.0,0.0,0.0,0.0,0.0,73.63,257100000,0.0,0.0,0.0,0.0,0.0,72.84,82750000,,,,D
6678,2002/03,,ogc-nice,paris-saint-germain,0.0,0.0,0.0,0.0,0.0,73.28,89200000,0.0,0.0,0.0,0.0,0.0,0.0,0,,,,D
6679,2002/03,,olympique-de-marseille,ogc-nice,0.0,0.0,0.0,0.0,0.0,73.85,58850000,0.0,0.0,0.0,0.0,0.0,73.28,89200000,,,,H
6680,2002/03,,rc-lens,olympique-lyonnais,0.0,0.0,0.0,0.0,0.0,72.84,82750000,0.0,0.0,0.0,0.0,0.0,72.74,89500000,,,,D
6681,2002/03,,fc-nantes,as-monaco,0.0,0.0,0.0,0.0,0.0,69.58,54600000,0.0,0.0,0.0,0.0,0.0,73.63,257100000,,,,A
6682,2002/03,,paris-saint-germain,losc-lille,0.0,0.0,0.0,0.0,0.0,0.0,0,0.0,0.0,0.0,0.0,0.0,72.18,86050000,,,,H
6683,2002/03,,olympique-lyonnais,fc-nantes,0.0,0.0,0.0,0.0,0.0,72.74,89500000,0.0,0.0,0.0,0.0,0.0,69.58,54600000,,,,D
6684,2002/03,,stade-rennais,rc-lens,0.0,0.0,0.0,0.0,0.0,73.39,253175000,0.0,0.0,0.0,0.0,0.0,72.84,82750000,,,,D
6685,2002/03,,rc-strasbourg,paris-saint-germain,0.0,0.0,0.0,0.0,0.0,69.0,72100000,0.0,0.0,0.0,0.0,0.0,0.0,0,,,,A
6686,2002/03,,as-monaco,olympique-lyonnais,0.0,0.0,0.0,0.0,0.0,73.63,257100000,0.0,0.0,0.0,0.0,0.0,72.74,89500000,,,,H
6687,2002/03,,fc-nantes,stade-rennais,0.0,0.0,0.0,0.0,0.0,69.58,54600000,0.0,0.0,0.0,0.0,0.0,73.39,253175000,,,,H
6688,2002/03,,losc-lille,rc-lens,0.0,0.0,0.0,0.0,0.0,72.18,86050000,0.0,0.0,0.0,0.0,0.0,72.84,82750000,,,,A
6689,2002/03,,stade-rennais,as-monaco,0.0,0.0,0.0,0.0,0.0,73.39,253175000,0.0,0.0,0.0,0.0,0.0,73.63,257100000,,,,D
6690,2002/03,,aj-auxerre,fc-nantes,0.0,0.0,0.0,0.0,0.0,0.0,0,0.0,0.0,0.0,0.0,0.0,69.58,54600000,,,,A
6691,2002/03,,olympique-lyonnais,stade-rennais,0.0,0.0,0.0,0.0,0.0,72.74,89500000,0.0,0.0,0.0,0.0,0.0,73.39,253175000,,,,H
6692,2002/03,,olympique-de-marseille,losc-lille,0.0,0.0,0.0,0.0,0.0,73.85,58850000,0.0,0.0,0.0,0.0,0.0,72.18,86050000,,,,H
6693,2002/03,,as-monaco,aj-auxerre,0.0,0.0,0.0,0.0,0.0,73.63,257100000,0.0,0.0,0.0,0.0,0.0,0.0,0,,,,H
6694,2002/03,,ogc-nice,fc-nantes,0.0,0.0,0.0,0.0,0.0,73.28,89200000,0.0,0.0,0.0,0.0,0.0,69.58,54600000,,,,D
6695,2002/03,,losc-lille,as-monaco,0.0,0.0,0.0,0.0,0.0,72.18,86050000,0.0,0.0,0.0,0.0,0.0,73.63,257100000,,,,A
6696,2002/03,,rc-strasbourg,olympique-de-marseille,0.0,0.0,0.0,0.0,0.0,69.0,72100000,0.0,0.0,0.0,0.0,0.0,73.85,58850000,,,,D
6697,2002/03,,aj-auxerre,olympique-lyonnais,0.0,0.0,0.0,0.0,0.0,0.0,0,0.0,0.0,0.0,0.0,0.0,72.74,89500000,,,,A
6698,2002/03,,rc-lens,ogc-nice,0.0,0.0,0.0,0.0,0.0,72.84,82750000,0.0,0.0,0.0,0.0,0.0,73.28,89200000,,,,D
6699,2002/03,,stade-rennais,aj-auxerre,0.0,0.0,0.0,0.0,0.0,73.39,253175000,0.0,0.0,0.0,0.0,0.0,0.0,0,,,,D
6700,2002/03,,olympique-de-marseille,paris-saint-germain,0.0,0.0,0.0,0.0,0.0,73.85,58850000,0.0,0.0,0.0,0.0,0.0,0.0,0,,,,A
6701,2002/03,,rc-lens,fc-nantes,0.0,0.0,0.0,0.0,0.0,72.84,82750000,0.0,0.0,0.0,0.0,0.0,69.58,54600000,,,,A
6702,2002/03,,aj-auxerre,rc-lens,0.0,0.0,0.0,0.0,0.0,0.0,0,0.0,0.0,0.0,0.0,0.0,72.84,82750000,,,,D
6703,2002/03,,ogc-nice,olympique-lyonnais,0.0,0.0,0.0,0.0,0.0,73.28,89200000,0.0,0.0,0.0,0.0,0.0,72.74,89500000,,,,A
6704,2002/03,,rc-lens,rc-strasbourg,0.0,0.0,0.0,0.0,0.0,72.84,82750000,0.0,0.0,0.0,0.0,0.0,69.0,72100000,,,,D
6705,2002/03,,fc-nantes,losc-lille,0.0,0.0,0.0,0.0,0.0,69.58,54600000,0.0,0.0,0.0,0.0,0.0,72.18,86050000,,,,H
6706,2002/03,,as-monaco,ogc-nice,0.0,0.0,0.0,0.0,0.0,73.63,257100000,0.0,0.0,0.0,0.0,0.0,73.28,89200000,,,,A
6707,2002/03,,ogc-nice,aj-auxerre,0.0,0.0,0.0,0.0,0.0,73.28,89200000,0.0,0.0,0.0,0.0,0.0,0.0,0,,,,H
6708,2002/03,,paris-saint-germain,rc-lens,0.0,0.0,0.0,0.0,0.0,0.0,0,0.0,0.0,0.0,0.0,0.0,72.84,82750000,,,,A
6709,2002/03,,rc-strasbourg,fc-nantes,0.0,0.0,0.0,0.0,0.0,69.0,72100000,0.0,0.0,0.0,0.0,0.0,69.58,54600000,,,,H
6710,2002/03,,olympique-lyonnais,losc-lille,0.0,0.0,0.0,0.0,0.0,72.74,89500000,0.0,0.0,0.0,0.0,0.0,72.18,86050000,,,,D
6711,2002/03,,fc-nantes,paris-saint-germain,0.0,0.0,0.0,0.0,0.0,69.58,54600000,0.0,0.0,0.0,0.0,0.0,0.0,0,,,,D
6712,2002/03,,stade-rennais,ogc-nice,0.0,0.0,0.0,0.0,0.0,73.39,253175000,0.0,0.0,0.0,0.0,0.0,73.28,89200000,,,,D
6713,2002/03,,rc-lens,olympique-de-marseille,0.0,0.0,0.0,0.0,0.0,72.84,82750000,0.0,0.0,0.0,0.0,0.0,73.85,58850000,,,,A
6714,2002/03,,as-monaco,rc-strasbourg,0.0,0.0,0.0,0.0,0.0,73.63,257100000,0.0,0.0,0.0,0.0,0.0,69.0,72100000,,,,H
6715,2002/03,,losc-lille,stade-rennais,0.0,0.0,0.0,0.0,0.0,72.18,86050000,0.0,0.0,0.0,0.0,0.0,73.39,253175000,,,,H
6716,2002/03,,rc-strasbourg,olympique-lyonnais,0.0,0.0,0.0,0.0,0.0,69.0,72100000,0.0,0.0,0.0,0.0,0.0,72.74,89500000,,,,A
6717,2002/03,,paris-saint-germain,as-monaco,0.0,0.0,0.0,0.0,0.0,0.0,0,0.0,0.0,0.0,0.0,0.0,73.63,257100000,,,,H
6718,2002/03,,aj-auxerre,losc-lille,0.0,0.0,0.0,0.0,0.0,0.0,0,0.0,0.0,0.0,0.0,0.0,72.18,86050000,,,,D
6719,2002/03,,stade-rennais,rc-strasbourg,0.0,0.0,0.0,0.0,0.0,73.39,253175000,0.0,0.0,0.0,0.0,0.0,69.0,72100000,,,,A
6720,2002/03,,olympique-lyonnais,paris-saint-germain,0.0,0.0,0.0,0.0,0.0,72.74,89500000,0.0,0.0,0.0,0.0,0.0,0.0,0,,,,H
6721,2002/03,,paris-saint-germain,stade-rennais,0.0,0.0,0.0,0.0,0.0,0.0,0,0.0,0.0,0.0,0.0,0.0,73.39,253175000,,,,D
6722,2002/03,,rc-strasbourg,aj-auxerre,0.0,0.0,0.0,0.0,0.0,69.0,72100000,0.0,0.0,0.0,0.0,0.0,0.0,0,,,,A
6723,2002/03,,aj-auxerre,paris-saint-germain,0.0,0.0,0.0,0.0,0.0,0.0,0,0.0,0.0,0.0,0.0,0.0,0.0,0,,,,H
6724,2002/03,,fc-nantes,olympique-de-marseille,0.0,0.0,0.0,0.0,0.0,69.58,54600000,0.0,0.0,0.0,0.0,0.0,73.85,58850000,,,,H
6725,2003/04,,losc-lille,olympique-lyonnais,0.0,0.0,0.0,0.0,0.0,72.18,86050000,0.0,0.0,0.0,0.0,0.0,72.74,89500000,,,,H
6726,2003/04,,aj-auxerre,ogc-nice,0.0,0.0,0.0,0.0,0.0,0.0,0,0.0,0.0,0.0,0.0,0.0,73.28,89200000,,,,A
6727,2003/04,,toulouse-fc,rc-strasbourg,0.0,0.0,0.0,0.0,0.0,68.76,60900000,0.0,0.0,0.0,0.0,0.0,69.0,72100000,,,,D
6728,2003/04,,olympique-de-marseille,aj-auxerre,0.0,0.0,0.0,0.0,0.0,73.85,58850000,0.0,0.0,0.0,0.0,0.0,0.0,0,,,,H
6729,2003/04,,losc-lille,paris-saint-germain,0.0,0.0,0.0,0.0,0.0,72.18,86050000,0.0,0.0,0.0,0.0,0.0,0.0,0,,,,H
6730,2003/04,,olympique-lyonnais,as-monaco,0.0,0.0,0.0,0.0,0.0,72.74,89500000,0.0,0.0,0.0,0.0,0.0,73.63,257100000,,,,H
6731,2003/04,,fc-nantes,rc-lens,0.0,0.0,0.0,0.0,0.0,69.58,54600000,0.0,0.0,0.0,0.0,0.0,72.84,82750000,,,,H
6732,2003/04,,stade-rennais,toulouse-fc,0.0,0.0,0.0,0.0,0.0,73.39,253175000,0.0,0.0,0.0,0.0,0.0,68.76,60900000,,,,H
6733,2003/04,,aj-auxerre,rc-strasbourg,0.0,0.0,0.0,0.0,0.0,0.0,0,0.0,0.0,0.0,0.0,0.0,69.0,72100000,,,,H
6734,2003/04,,fc-metz,paris-saint-germain,0.0,0.0,0.0,0.0,0.0,67.29,41450000,0.0,0.0,0.0,0.0,0.0,0.0,0,,,,A
6735,2003/04,,toulouse-fc,losc-lille,0.0,0.0,0.0,0.0,0.0,68.76,60900000,0.0,0.0,0.0,0.0,0.0,72.18,86050000,,,,A
6736,2003/04,,rc-lens,olympique-de-marseille,0.0,0.0,0.0,0.0,0.0,72.84,82750000,0.0,0.0,0.0,0.0,0.0,73.85,58850000,,,,H
6737,2003/04,,losc-lille,fc-metz,0.0,0.0,0.0,0.0,0.0,72.18,86050000,0.0,0.0,0.0,0.0,0.0,67.29,41450000,,,,D
6738,2003/04,,olympique-lyonnais,toulouse-fc,0.0,0.0,0.0,0.0,0.0,72.74,89500000,0.0,0.0,0.0,0.0,0.0,68.76,60900000,,,,D
6739,2003/04,,rc-strasbourg,rc-lens,0.0,0.0,0.0,0.0,0.0,69.0,72100000,0.0,0.0,0.0,0.0,0.0,72.84,82750000,,,,A
6740,2003/04,,paris-saint-germain,as-monaco,0.0,0.0,0.0,0.0,0.0,0.0,0,0.0,0.0,0.0,0.0,0.0,73.63,257100000,,,,A
6741,2003/04,,aj-auxerre,stade-rennais,0.0,0.0,0.0,0.0,0.0,0.0,0,0.0,0.0,0.0,0.0,0.0,73.39,253175000,,,,H
6742,2003/04,,rc-lens,ogc-nice,0.0,0.0,0.0,0.0,0.0,72.84,82750000,0.0,0.0,0.0,0.0,0.0,73.28,89200000,,,,H
6743,2003/04,,as-monaco,fc-metz,0.0,0.0,0.0,0.0,0.0,73.63,257100000,0.0,0.0,0.0,0.0,0.0,67.29,41450000,,,,H
6744,2003/04,,losc-lille,as-monaco,0.0,0.0,0.0,0.0,0.0,72.18,86050000,0.0,0.0,0.0,0.0,0.0,73.63,257100000,,,,D
6745,2003/04,,olympique-lyonnais,aj-auxerre,0.0,0.0,0.0,0.0,0.0,72.74,89500000,0.0,0.0,0.0,0.0,0.0,0.0,0,,,,D
6746,2003/04,,ogc-nice,fc-nantes,0.0,0.0,0.0,0.0,0.0,73.28,89200000,0.0,0.0,0.0,0.0,0.0,69.58,54600000,,,,H
6747,2003/04,,stade-rennais,rc-lens,0.0,0.0,0.0,0.0,0.0,73.39,253175000,0.0,0.0,0.0,0.0,0.0,72.84,82750000,,,,H
6748,2003/04,,paris-saint-germain,toulouse-fc,0.0,0.0,0.0,0.0,0.0,0.0,0,0.0,0.0,0.0,0.0,0.0,68.76,60900000,,,,H
6749,2003/04,,ogc-nice,losc-lille,0.0,0.0,0.0,0.0,0.0,73.28,89200000,0.0,0.0,0.0,0.0,0.0,72.18,86050000,,,,H
6750,2003/04,,toulouse-fc,fc-metz,0.0,0.0,0.0,0.0,0.0,68.76,60900000,0.0,0.0,0.0,0.0,0.0,67.29,41450000,,,,H
6751,2003/04,,fc-nantes,olympique-de-marseille,0.0,0.0,0.0,0.0,0.0,69.58,54600000,0.0,0.0,0.0,0.0,0.0,73.85,58850000,,,,H
6752,2003/04,,olympique-lyonnais,rc-lens,0.0,0.0,0.0,0.0,0.0,72.74,89500000,0.0,0.0,0.0,0.0,0.0,72.84,82750000,,,,H
6753,2003/04,,olympique-de-marseille,ogc-nice,0.0,0.0,0.0,0.0,0.0,73.85,58850000,0.0,0.0,0.0,0.0,0.0,73.28,89200000,,,,H
6754,2003/04,,as-monaco,toulouse-fc,0.0,0.0,0.0,0.0,0.0,73.63,257100000,0.0,0.0,0.0,0.0,0.0,68.76,60900000,,,,H
6755,2003/04,,paris-saint-germain,aj-auxerre,0.0,0.0,0.0,0.0,0.0,0.0,0,0.0,0.0,0.0,0.0,0.0,0.0,0,,,,H
6756,2003/04,,rc-strasbourg,fc-nantes,0.0,0.0,0.0,0.0,0.0,69.0,72100000,0.0,0.0,0.0,0.0,0.0,69.58,54600000,,,,H
6757,2003/04,,aj-auxerre,losc-lille,0.0,0.0,0.0,0.0,0.0,0.0,0,0.0,0.0,0.0,0.0,0.0,72.18,86050000,,,,H
6758,2003/04,,rc-lens,fc-metz,0.0,0.0,0.0,0.0,0.0,72.84,82750000,0.0,0.0,0.0,0.0,0.0,67.29,41450000,,,,A
6759,2003/04,,fc-nantes,stade-rennais,0.0,0.0,0.0,0.0,0.0,69.58,54600000,0.0,0.0,0.0,0.0,0.0,73.39,253175000,,,,H
6760,2003/04,,ogc-nice,rc-strasbourg,0.0,0.0,0.0,0.0,0.0,73.28,89200000,0.0,0.0,0.0,0.0,0.0,69.0,72100000,,,,D
6761,2003/04,,rc-strasbourg,olympique-de-marseille,0.0,0.0,0.0,0.0,0.0,69.0,72100000,0.0,0.0,0.0,0.0,0.0,73.85,58850000,,,,H
6762,2003/04,,fc-metz,fc-nantes,0.0,0.0,0.0,0.0,0.0,67.29,41450000,0.0,0.0,0.0,0.0,0.0,69.58,54600000,,,,A
6763,2003/04,,as-monaco,aj-auxerre,0.0,0.0,0.0,0.0,0.0,73.63,257100000,0.0,0.0,0.0,0.0,0.0,0.0,0,,,,D
6764,2003/04,,stade-rennais,ogc-nice,0.0,0.0,0.0,0.0,0.0,73.39,253175000,0.0,0.0,0.0,0.0,0.0,73.28,89200000,,,,D
6765,2003/04,,rc-lens,losc-lille,0.0,0.0,0.0,0.0,0.0,72.84,82750000,0.0,0.0,0.0,0.0,0.0,72.18,86050000,,,,H
6766,2003/04,,olympique-de-marseille,stade-rennais,0.0,0.0,0.0,0.0,0.0,73.85,58850000,0.0,0.0,0.0,0.0,0.0,73.39,253175000,,,,H
6767,2003/04,,fc-nantes,olympique-lyonnais,0.0,0.0,0.0,0.0,0.0,69.58,54600000,0.0,0.0,0.0,0.0,0.0,72.74,89500000,,,,A
6768,2003/04,,rc-strasbourg,fc-metz,0.0,0.0,0.0,0.0,0.0,69.0,72100000,0.0,0.0,0.0,0.0,0.0,67.29,41450000,,,,A
6769,2003/04,,olympique-lyonnais,ogc-nice,0.0,0.0,0.0,0.0,0.0,72.74,89500000,0.0,0.0,0.0,0.0,0.0,73.28,89200000,,,,H
6770,2003/04,,stade-rennais,rc-strasbourg,0.0,0.0,0.0,0.0,0.0,73.39,253175000,0.0,0.0,0.0,0.0,0.0,69.0,72100000,,,,D
6771,2003/04,,toulouse-fc,aj-auxerre,0.0,0.0,0.0,0.0,0.0,68.76,60900000,0.0,0.0,0.0,0.0,0.0,0.0,0,,,,A
6772,2003/04,,paris-saint-germain,rc-lens,0.0,0.0,0.0,0.0,0.0,0.0,0,0.0,0.0,0.0,0.0,0.0,72.84,82750000,,,,A
6773,2003/04,,fc-nantes,paris-saint-germain,0.0,0.0,0.0,0.0,0.0,69.58,54600000,0.0,0.0,0.0,0.0,0.0,0.0,0,,,,A
6774,2003/04,,stade-rennais,losc-lille,0.0,0.0,0.0,0.0,0.0,73.39,253175000,0.0,0.0,0.0,0.0,0.0,72.18,86050000,,,,D
6775,2003/04,,olympique-de-marseille,olympique-lyonnais,0.0,0.0,0.0,0.0,0.0,73.85,58850000,0.0,0.0,0.0,0.0,0.0,72.74,89500000,,,,A
6776,2003/04,,olympique-lyonnais,rc-strasbourg,0.0,0.0,0.0,0.0,0.0,72.74,89500000,0.0,0.0,0.0,0.0,0.0,69.0,72100000,,,,H
6777,2003/04,,losc-lille,olympique-de-marseille,0.0,0.0,0.0,0.0,0.0,72.18,86050000,0.0,0.0,0.0,0.0,0.0,73.85,58850000,,,,A
6778,2003/04,,fc-metz,aj-auxerre,0.0,0.0,0.0,0.0,0.0,67.29,41450000,0.0,0.0,0.0,0.0,0.0,0.0,0,,,,A
6779,2003/04,,as-monaco,rc-lens,0.0,0.0,0.0,0.0,0.0,73.63,257100000,0.0,0.0,0.0,0.0,0.0,72.84,82750000,,,,H
6780,2003/04,,paris-saint-germain,ogc-nice,0.0,0.0,0.0,0.0,0.0,0.0,0,0.0,0.0,0.0,0.0,0.0,73.28,89200000,,,,D
6781,2003/04,,fc-nantes,as-monaco,0.0,0.0,0.0,0.0,0.0,69.58,54600000,0.0,0.0,0.0,0.0,0.0,73.63,257100000,,,,A
6782,2003/04,,ogc-nice,fc-metz,0.0,0.0,0.0,0.0,0.0,73.28,89200000,0.0,0.0,0.0,0.0,0.0,67.29,41450000,,,,D
6783,2003/04,,stade-rennais,olympique-lyonnais,0.0,0.0,0.0,0.0,0.0,73.39,253175000,0.0,0.0,0.0,0.0,0.0,72.74,89500000,,,,H
6784,2003/04,,rc-strasbourg,losc-lille,0.0,0.0,0.0,0.0,0.0,69.0,72100000,0.0,0.0,0.0,0.0,0.0,72.18,86050000,,,,D
6785,2003/04,,olympique-de-marseille,paris-saint-germain,0.0,0.0,0.0,0.0,0.0,73.85,58850000,0.0,0.0,0.0,0.0,0.0,0.0,0,,,,A
6786,2003/04,,losc-lille,fc-nantes,0.0,0.0,0.0,0.0,0.0,72.18,86050000,0.0,0.0,0.0,0.0,0.0,69.58,54600000,,,,H
6787,2003/04,,paris-saint-germain,rc-strasbourg,0.0,0.0,0.0,0.0,0.0,0.0,0,0.0,0.0,0.0,0.0,0.0,69.0,72100000,,,,H
6788,2003/04,,toulouse-fc,rc-lens,0.0,0.0,0.0,0.0,0.0,68.76,60900000,0.0,0.0,0.0,0.0,0.0,72.84,82750000,,,,A
6789,2003/04,,olympique-lyonnais,fc-metz,0.0,0.0,0.0,0.0,0.0,72.74,89500000,0.0,0.0,0.0,0.0,0.0,67.29,41450000,,,,H
6790,2003/04,,olympique-de-marseille,as-monaco,0.0,0.0,0.0,0.0,0.0,73.85,58850000,0.0,0.0,0.0,0.0,0.0,73.63,257100000,,,,A
6791,2003/04,,fc-nantes,toulouse-fc,0.0,0.0,0.0,0.0,0.0,69.58,54600000,0.0,0.0,0.0,0.0,0.0,68.76,60900000,,,,D
6792,2003/04,,stade-rennais,paris-saint-germain,0.0,0.0,0.0,0.0,0.0,73.39,253175000,0.0,0.0,0.0,0.0,0.0,0.0,0,,,,D
6793,2003/04,,aj-auxerre,rc-lens,0.0,0.0,0.0,0.0,0.0,0.0,0,0.0,0.0,0.0,0.0,0.0,72.84,82750000,,,,H
6794,2003/04,,fc-metz,stade-rennais,0.0,0.0,0.0,0.0,0.0,67.29,41450000,0.0,0.0,0.0,0.0,0.0,73.39,253175000,,,,D
6795,2003/04,,toulouse-fc,ogc-nice,0.0,0.0,0.0,0.0,0.0,68.76,60900000,0.0,0.0,0.0,0.0,0.0,73.28,89200000,,,,D
6796,2003/04,,as-monaco,rc-strasbourg,0.0,0.0,0.0,0.0,0.0,73.63,257100000,0.0,0.0,0.0,0.0,0.0,69.0,72100000,,,,H
6797,2003/04,,olympique-lyonnais,paris-saint-germain,0.0,0.0,0.0,0.0,0.0,72.74,89500000,0.0,0.0,0.0,0.0,0.0,0.0,0,,,,D
6798,2003/04,,olympique-de-marseille,toulouse-fc,0.0,0.0,0.0,0.0,0.0,73.85,58850000,0.0,0.0,0.0,0.0,0.0,68.76,60900000,,,,H
6799,2003/04,,fc-nantes,aj-auxerre,0.0,0.0,0.0,0.0,0.0,69.58,54600000,0.0,0.0,0.0,0.0,0.0,0.0,0,,,,H
6800,2003/04,,stade-rennais,as-monaco,0.0,0.0,0.0,0.0,0.0,73.39,253175000,0.0,0.0,0.0,0.0,0.0,73.63,257100000,,,,H
6801,2003/04,,as-monaco,olympique-lyonnais,0.0,0.0,0.0,0.0,0.0,73.63,257100000,0.0,0.0,0.0,0.0,0.0,72.74,89500000,,,,H
6802,2003/04,,aj-auxerre,olympique-de-marseille,0.0,0.0,0.0,0.0,0.0,0.0,0,0.0,0.0,0.0,0.0,0.0,73.85,58850000,,,,H
6803,2003/04,,rc-lens,fc-nantes,0.0,0.0,0.0,0.0,0.0,72.84,82750000,0.0,0.0,0.0,0.0,0.0,69.58,54600000,,,,D
6804,2003/04,,paris-saint-germain,losc-lille,0.0,0.0,0.0,0.0,0.0,0.0,0,0.0,0.0,0.0,0.0,0.0,72.18,86050000,,,,H
6805,2003/04,,toulouse-fc,stade-rennais,0.0,0.0,0.0,0.0,0.0,68.76,60900000,0.0,0.0,0.0,0.0,0.0,73.39,253175000,,,,H
6806,2003/04,,losc-lille,toulouse-fc,0.0,0.0,0.0,0.0,0.0,72.18,86050000,0.0,0.0,0.0,0.0,0.0,68.76,60900000,,,,A
6807,2003/04,,paris-saint-germain,fc-metz,0.0,0.0,0.0,0.0,0.0,0.0,0,0.0,0.0,0.0,0.0,0.0,67.29,41450000,,,,D
6808,2003/04,,rc-strasbourg,aj-auxerre,0.0,0.0,0.0,0.0,0.0,69.0,72100000,0.0,0.0,0.0,0.0,0.0,0.0,0,,,,A
6809,2003/04,,olympique-de-marseille,rc-lens,0.0,0.0,0.0,0.0,0.0,73.85,58850000,0.0,0.0,0.0,0.0,0.0,72.84,82750000,,,,H
6810,2003/04,,as-monaco,ogc-nice,0.0,0.0,0.0,0.0,0.0,73.63,257100000,0.0,0.0,0.0,0.0,0.0,73.28,89200000,,,,D
6811,2003/04,,fc-metz,olympique-de-marseille,0.0,0.0,0.0,0.0,0.0,67.29,41450000,0.0,0.0,0.0,0.0,0.0,73.85,58850000,,,,D
6812,2003/04,,as-monaco,paris-saint-germain,0.0,0.0,0.0,0.0,0.0,73.63,257100000,0.0,0.0,0.0,0.0,0.0,0.0,0,,,,D
6813,2003/04,,rc-lens,rc-strasbourg,0.0,0.0,0.0,0.0,0.0,72.84,82750000,0.0,0.0,0.0,0.0,0.0,69.0,72100000,,,,H
6814,2003/04,,fc-metz,losc-lille,0.0,0.0,0.0,0.0,0.0,67.29,41450000,0.0,0.0,0.0,0.0,0.0,72.18,86050000,,,,A
6815,2003/04,,toulouse-fc,olympique-lyonnais,0.0,0.0,0.0,0.0,0.0,68.76,60900000,0.0,0.0,0.0,0.0,0.0,72.74,89500000,,,,A
6816,2003/04,,fc-metz,as-monaco,0.0,0.0,0.0,0.0,0.0,67.29,41450000,0.0,0.0,0.0,0.0,0.0,73.63,257100000,,,,A
6817,2003/04,,ogc-nice,rc-lens,0.0,0.0,0.0,0.0,0.0,73.28,89200000,0.0,0.0,0.0,0.0,0.0,72.84,82750000,,,,H
6818,2003/04,,stade-rennais,aj-auxerre,0.0,0.0,0.0,0.0,0.0,73.39,253175000,0.0,0.0,0.0,0.0,0.0,0.0,0,,,,A
6819,2003/04,,rc-lens,stade-rennais,0.0,0.0,0.0,0.0,0.0,72.84,82750000,0.0,0.0,0.0,0.0,0.0,73.39,253175000,,,,H
6820,2003/04,,as-monaco,losc-lille,0.0,0.0,0.0,0.0,0.0,73.63,257100000,0.0,0.0,0.0,0.0,0.0,72.18,86050000,,,,A
6821,2003/04,,fc-nantes,ogc-nice,0.0,0.0,0.0,0.0,0.0,69.58,54600000,0.0,0.0,0.0,0.0,0.0,73.28,89200000,,,,H
6822,2003/04,,toulouse-fc,paris-saint-germain,0.0,0.0,0.0,0.0,0.0,68.76,60900000,0.0,0.0,0.0,0.0,0.0,0.0,0,,,,A
6823,2003/04,,aj-auxerre,olympique-lyonnais,0.0,0.0,0.0,0.0,0.0,0.0,0,0.0,0.0,0.0,0.0,0.0,72.74,89500000,,,,A
6824,2003/04,,losc-lille,ogc-nice,0.0,0.0,0.0,0.0,0.0,72.18,86050000,0.0,0.0,0.0,0.0,0.0,73.28,89200000,,,,A
6825,2003/04,,fc-metz,toulouse-fc,0.0,0.0,0.0,0.0,0.0,67.29,41450000,0.0,0.0,0.0,0.0,0.0,68.76,60900000,,,,A
6826,2003/04,,olympique-de-marseille,fc-nantes,0.0,0.0,0.0,0.0,0.0,73.85,58850000,0.0,0.0,0.0,0.0,0.0,69.58,54600000,,,,D
6827,2003/04,,rc-lens,olympique-lyonnais,0.0,0.0,0.0,0.0,0.0,72.84,82750000,0.0,0.0,0.0,0.0,0.0,72.74,89500000,,,,D
6828,2003/04,,fc-nantes,rc-strasbourg,0.0,0.0,0.0,0.0,0.0,69.58,54600000,0.0,0.0,0.0,0.0,0.0,69.0,72100000,,,,D
6829,2003/04,,toulouse-fc,as-monaco,0.0,0.0,0.0,0.0,0.0,68.76,60900000,0.0,0.0,0.0,0.0,0.0,73.63,257100000,,,,D
6830,2003/04,,aj-auxerre,paris-saint-germain,0.0,0.0,0.0,0.0,0.0,0.0,0,0.0,0.0,0.0,0.0,0.0,0.0,0,,,,D
6831,2003/04,,ogc-nice,olympique-de-marseille,0.0,0.0,0.0,0.0,0.0,73.28,89200000,0.0,0.0,0.0,0.0,0.0,73.85,58850000,,,,D
6832,2003/04,,losc-lille,aj-auxerre,0.0,0.0,0.0,0.0,0.0,72.18,86050000,0.0,0.0,0.0,0.0,0.0,0.0,0,,,,H
6833,2003/04,,fc-metz,rc-lens,0.0,0.0,0.0,0.0,0.0,67.29,41450000,0.0,0.0,0.0,0.0,0.0,72.84,82750000,,,,A
6834,2003/04,,stade-rennais,fc-nantes,0.0,0.0,0.0,0.0,0.0,73.39,253175000,0.0,0.0,0.0,0.0,0.0,69.58,54600000,,,,A
6835,2003/04,,rc-strasbourg,ogc-nice,0.0,0.0,0.0,0.0,0.0,69.0,72100000,0.0,0.0,0.0,0.0,0.0,73.28,89200000,,,,D
6836,2003/04,,fc-nantes,fc-metz,0.0,0.0,0.0,0.0,0.0,69.58,54600000,0.0,0.0,0.0,0.0,0.0,67.29,41450000,,,,D
6837,2003/04,,ogc-nice,stade-rennais,0.0,0.0,0.0,0.0,0.0,73.28,89200000,0.0,0.0,0.0,0.0,0.0,73.39,253175000,,,,H
6838,2003/04,,aj-auxerre,as-monaco,0.0,0.0,0.0,0.0,0.0,0.0,0,0.0,0.0,0.0,0.0,0.0,73.63,257100000,,,,D
6839,2003/04,,olympique-de-marseille,rc-strasbourg,0.0,0.0,0.0,0.0,0.0,73.85,58850000,0.0,0.0,0.0,0.0,0.0,69.0,72100000,,,,H
6840,2003/04,,losc-lille,rc-lens,0.0,0.0,0.0,0.0,0.0,72.18,86050000,0.0,0.0,0.0,0.0,0.0,72.84,82750000,,,,D
6841,2003/04,,olympique-lyonnais,fc-nantes,0.0,0.0,0.0,0.0,0.0,72.74,89500000,0.0,0.0,0.0,0.0,0.0,69.58,54600000,,,,H
6842,2003/04,,fc-metz,rc-strasbourg,0.0,0.0,0.0,0.0,0.0,67.29,41450000,0.0,0.0,0.0,0.0,0.0,69.0,72100000,,,,H
6843,2003/04,,stade-rennais,olympique-de-marseille,0.0,0.0,0.0,0.0,0.0,73.39,253175000,0.0,0.0,0.0,0.0,0.0,73.85,58850000,,,,H
6844,2003/04,,ogc-nice,olympique-lyonnais,0.0,0.0,0.0,0.0,0.0,73.28,89200000,0.0,0.0,0.0,0.0,0.0,72.74,89500000,,,,A
6845,2003/04,,rc-strasbourg,stade-rennais,0.0,0.0,0.0,0.0,0.0,69.0,72100000,0.0,0.0,0.0,0.0,0.0,73.39,253175000,,,,A
6846,2003/04,,aj-auxerre,toulouse-fc,0.0,0.0,0.0,0.0,0.0,0.0,0,0.0,0.0,0.0,0.0,0.0,68.76,60900000,,,,H
6847,2003/04,,rc-lens,paris-saint-germain,0.0,0.0,0.0,0.0,0.0,72.84,82750000,0.0,0.0,0.0,0.0,0.0,0.0,0,,,,H
6848,2003/04,,losc-lille,stade-rennais,0.0,0.0,0.0,0.0,0.0,72.18,86050000,0.0,0.0,0.0,0.0,0.0,73.39,253175000,,,,H
6849,2003/04,,olympique-lyonnais,olympique-de-marseille,0.0,0.0,0.0,0.0,0.0,72.74,89500000,0.0,0.0,0.0,0.0,0.0,73.85,58850000,,,,A
6850,2003/04,,paris-saint-germain,fc-nantes,0.0,0.0,0.0,0.0,0.0,0.0,0,0.0,0.0,0.0,0.0,0.0,69.58,54600000,,,,H
6851,2003/04,,aj-auxerre,fc-metz,0.0,0.0,0.0,0.0,0.0,0.0,0,0.0,0.0,0.0,0.0,0.0,67.29,41450000,,,,H
6852,2003/04,,rc-lens,as-monaco,0.0,0.0,0.0,0.0,0.0,72.84,82750000,0.0,0.0,0.0,0.0,0.0,73.63,257100000,,,,D
6853,2003/04,,ogc-nice,paris-saint-germain,0.0,0.0,0.0,0.0,0.0,73.28,89200000,0.0,0.0,0.0,0.0,0.0,0.0,0,,,,A
6854,2003/04,,rc-strasbourg,olympique-lyonnais,0.0,0.0,0.0,0.0,0.0,69.0,72100000,0.0,0.0,0.0,0.0,0.0,72.74,89500000,,,,A
6855,2003/04,,olympique-de-marseille,losc-lille,0.0,0.0,0.0,0.0,0.0,73.85,58850000,0.0,0.0,0.0,0.0,0.0,72.18,86050000,,,,H
6856,2003/04,,losc-lille,rc-strasbourg,0.0,0.0,0.0,0.0,0.0,72.18,86050000,0.0,0.0,0.0,0.0,0.0,69.0,72100000,,,,A
6857,2003/04,,olympique-lyonnais,stade-rennais,0.0,0.0,0.0,0.0,0.0,72.74,89500000,0.0,0.0,0.0,0.0,0.0,73.39,253175000,,,,H
6858,2003/04,,fc-metz,ogc-nice,0.0,0.0,0.0,0.0,0.0,67.29,41450000,0.0,0.0,0.0,0.0,0.0,73.28,89200000,,,,H
6859,2003/04,,as-monaco,fc-nantes,0.0,0.0,0.0,0.0,0.0,73.63,257100000,0.0,0.0,0.0,0.0,0.0,69.58,54600000,,,,A
6860,2003/04,,paris-saint-germain,olympique-de-marseille,0.0,0.0,0.0,0.0,0.0,0.0,0,0.0,0.0,0.0,0.0,0.0,73.85,58850000,,,,H
6861,2003/04,,ogc-nice,as-monaco,0.0,0.0,0.0,0.0,0.0,73.28,89200000,0.0,0.0,0.0,0.0,0.0,73.63,257100000,,,,A
6862,2003/04,,rc-lens,toulouse-fc,0.0,0.0,0.0,0.0,0.0,72.84,82750000,0.0,0.0,0.0,0.0,0.0,68.76,60900000,,,,D
6863,2003/04,,olympique-de-marseille,fc-metz,0.0,0.0,0.0,0.0,0.0,73.85,58850000,0.0,0.0,0.0,0.0,0.0,67.29,41450000,,,,A
6864,2003/04,,fc-nantes,losc-lille,0.0,0.0,0.0,0.0,0.0,69.58,54600000,0.0,0.0,0.0,0.0,0.0,72.18,86050000,,,,H
6865,2003/04,,rc-strasbourg,paris-saint-germain,0.0,0.0,0.0,0.0,0.0,69.0,72100000,0.0,0.0,0.0,0.0,0.0,0.0,0,,,,D
6866,2003/04,,fc-metz,olympique-lyonnais,0.0,0.0,0.0,0.0,0.0,67.29,41450000,0.0,0.0,0.0,0.0,0.0,72.74,89500000,,,,A
6867,2003/04,,paris-saint-germain,stade-rennais,0.0,0.0,0.0,0.0,0.0,0.0,0,0.0,0.0,0.0,0.0,0.0,73.39,253175000,,,,H
6868,2003/04,,toulouse-fc,fc-nantes,0.0,0.0,0.0,0.0,0.0,68.76,60900000,0.0,0.0,0.0,0.0,0.0,69.58,54600000,,,,A
6869,2003/04,,as-monaco,olympique-de-marseille,0.0,0.0,0.0,0.0,0.0,73.63,257100000,0.0,0.0,0.0,0.0,0.0,73.85,58850000,,,,H
6870,2003/04,,rc-lens,aj-auxerre,0.0,0.0,0.0,0.0,0.0,72.84,82750000,0.0,0.0,0.0,0.0,0.0,0.0,0,,,,A
6871,2003/04,,ogc-nice,toulouse-fc,0.0,0.0,0.0,0.0,0.0,73.28,89200000,0.0,0.0,0.0,0.0,0.0,68.76,60900000,,,,D
6872,2003/04,,stade-rennais,fc-metz,0.0,0.0,0.0,0.0,0.0,73.39,253175000,0.0,0.0,0.0,0.0,0.0,67.29,41450000,,,,D
6873,2003/04,,rc-strasbourg,as-monaco,0.0,0.0,0.0,0.0,0.0,69.0,72100000,0.0,0.0,0.0,0.0,0.0,73.63,257100000,,,,D
6874,2003/04,,aj-auxerre,fc-nantes,0.0,0.0,0.0,0.0,0.0,0.0,0,0.0,0.0,0.0,0.0,0.0,69.58,54600000,,,,H
6875,2003/04,,as-monaco,stade-rennais,0.0,0.0,0.0,0.0,0.0,73.63,257100000,0.0,0.0,0.0,0.0,0.0,73.39,253175000,,,,A
6876,2003/04,,paris-saint-germain,olympique-lyonnais,0.0,0.0,0.0,0.0,0.0,0.0,0,0.0,0.0,0.0,0.0,0.0,72.74,89500000,,,,H
6877,2003/04,,toulouse-fc,olympique-de-marseille,0.0,0.0,0.0,0.0,0.0,68.76,60900000,0.0,0.0,0.0,0.0,0.0,73.85,58850000,,,,H
6878,2003/04,,olympique-lyonnais,losc-lille,0.0,0.0,0.0,0.0,0.0,72.74,89500000,0.0,0.0,0.0,0.0,0.0,72.18,86050000,,,,H
6879,2003/04,,ogc-nice,aj-auxerre,0.0,0.0,0.0,0.0,0.0,73.28,89200000,0.0,0.0,0.0,0.0,0.0,0.0,0,,,,D
6880,2003/04,,rc-strasbourg,toulouse-fc,0.0,0.0,0.0,0.0,0.0,69.0,72100000,0.0,0.0,0.0,0.0,0.0,68.76,60900000,,,,D
6881,2004/05,,ogc-nice,olympique-lyonnais,0.0,0.0,0.0,0.0,0.0,73.28,89200000,0.0,0.0,0.0,0.0,0.0,72.74,89500000,,,,A
6882,2004/05,,losc-lille,aj-auxerre,0.0,0.0,0.0,0.0,0.0,72.18,86050000,0.0,0.0,0.0,0.0,0.0,0.0,0,,,,H
6883,2004/05,,fc-metz,fc-nantes,0.0,0.0,0.0,0.0,0.0,67.29,41450000,0.0,0.0,0.0,0.0,0.0,69.58,54600000,,,,H
6884,2004/05,,stade-rennais,paris-saint-germain,0.0,0.0,0.0,0.0,0.0,73.39,253175000,0.0,0.0,0.0,0.0,0.0,0.0,0,,,,H
6885,2004/05,,toulouse-fc,rc-lens,0.0,0.0,0.0,0.0,0.0,68.76,60900000,0.0,0.0,0.0,0.0,0.0,72.84,82750000,,,,D
6886,2004/05,,aj-auxerre,stade-rennais,0.0,0.0,0.0,0.0,0.0,0.0,0,0.0,0.0,0.0,0.0,0.0,73.39,253175000,,,,H
6887,2004/05,,rc-strasbourg,toulouse-fc,0.0,0.0,0.0,0.0,0.0,69.0,72100000,0.0,0.0,0.0,0.0,0.0,68.76,60900000,,,,A
6888,2004/05,,olympique-de-marseille,losc-lille,0.0,0.0,0.0,0.0,0.0,73.85,58850000,0.0,0.0,0.0,0.0,0.0,72.18,86050000,,,,H
6889,2004/05,,ogc-nice,olympique-de-marseille,0.0,0.0,0.0,0.0,0.0,73.28,89200000,0.0,0.0,0.0,0.0,0.0,73.85,58850000,,,,D
6890,2004/05,,stade-rennais,fc-nantes,0.0,0.0,0.0,0.0,0.0,73.39,253175000,0.0,0.0,0.0,0.0,0.0,69.58,54600000,,,,H
6891,2004/05,,toulouse-fc,paris-saint-germain,0.0,0.0,0.0,0.0,0.0,68.76,60900000,0.0,0.0,0.0,0.0,0.0,0.0,0,,,,H
6892,2004/05,,fc-metz,olympique-lyonnais,0.0,0.0,0.0,0.0,0.0,67.29,41450000,0.0,0.0,0.0,0.0,0.0,72.74,89500000,,,,D
6893,2004/05,,rc-lens,as-monaco,0.0,0.0,0.0,0.0,0.0,72.84,82750000,0.0,0.0,0.0,0.0,0.0,73.63,257100000,,,,D
6894,2004/05,,olympique-lyonnais,losc-lille,0.0,0.0,0.0,0.0,0.0,72.74,89500000,0.0,0.0,0.0,0.0,0.0,72.18,86050000,,,,H
6895,2004/05,,olympique-de-marseille,fc-metz,0.0,0.0,0.0,0.0,0.0,73.85,58850000,0.0,0.0,0.0,0.0,0.0,67.29,41450000,,,,A
6896,2004/05,,fc-nantes,toulouse-fc,0.0,0.0,0.0,0.0,0.0,69.58,54600000,0.0,0.0,0.0,0.0,0.0,68.76,60900000,,,,D
6897,2004/05,,losc-lille,ogc-nice,0.0,0.0,0.0,0.0,0.0,72.18,86050000,0.0,0.0,0.0,0.0,0.0,73.28,89200000,,,,H
6898,2004/05,,as-monaco,rc-strasbourg,0.0,0.0,0.0,0.0,0.0,73.63,257100000,0.0,0.0,0.0,0.0,0.0,69.0,72100000,,,,H
6899,2004/05,,stade-rennais,olympique-lyonnais,0.0,0.0,0.0,0.0,0.0,73.39,253175000,0.0,0.0,0.0,0.0,0.0,72.74,89500000,,,,A
6900,2004/05,,olympique-de-marseille,toulouse-fc,0.0,0.0,0.0,0.0,0.0,73.85,58850000,0.0,0.0,0.0,0.0,0.0,68.76,60900000,,,,H
6901,2004/05,,rc-strasbourg,rc-lens,0.0,0.0,0.0,0.0,0.0,69.0,72100000,0.0,0.0,0.0,0.0,0.0,72.84,82750000,,,,D
6902,2004/05,,aj-auxerre,fc-metz,0.0,0.0,0.0,0.0,0.0,0.0,0,0.0,0.0,0.0,0.0,0.0,67.29,41450000,,,,H
6903,2004/05,,paris-saint-germain,as-monaco,0.0,0.0,0.0,0.0,0.0,0.0,0,0.0,0.0,0.0,0.0,0.0,73.63,257100000,,,,A
6904,2004/05,,toulouse-fc,olympique-lyonnais,0.0,0.0,0.0,0.0,0.0,68.76,60900000,0.0,0.0,0.0,0.0,0.0,72.74,89500000,,,,A
6905,2004/05,,rc-lens,paris-saint-germain,0.0,0.0,0.0,0.0,0.0,72.84,82750000,0.0,0.0,0.0,0.0,0.0,0.0,0,,,,D
6906,2004/05,,fc-metz,ogc-nice,0.0,0.0,0.0,0.0,0.0,67.29,41450000,0.0,0.0,0.0,0.0,0.0,73.28,89200000,,,,D
6907,2004/05,,as-monaco,fc-nantes,0.0,0.0,0.0,0.0,0.0,73.63,257100000,0.0,0.0,0.0,0.0,0.0,69.58,54600000,,,,H
6908,2004/05,,stade-rennais,olympique-de-marseille,0.0,0.0,0.0,0.0,0.0,73.39,253175000,0.0,0.0,0.0,0.0,0.0,73.85,58850000,,,,H
6909,2004/05,,losc-lille,fc-metz,0.0,0.0,0.0,0.0,0.0,72.18,86050000,0.0,0.0,0.0,0.0,0.0,67.29,41450000,,,,H
6910,2004/05,,olympique-lyonnais,as-monaco,0.0,0.0,0.0,0.0,0.0,72.74,89500000,0.0,0.0,0.0,0.0,0.0,73.63,257100000,,,,D
6911,2004/05,,ogc-nice,stade-rennais,0.0,0.0,0.0,0.0,0.0,73.28,89200000,0.0,0.0,0.0,0.0,0.0,73.39,253175000,,,,H
6912,2004/05,,paris-saint-germain,rc-strasbourg,0.0,0.0,0.0,0.0,0.0,0.0,0,0.0,0.0,0.0,0.0,0.0,69.0,72100000,,,,H
6913,2004/05,,fc-nantes,rc-lens,0.0,0.0,0.0,0.0,0.0,69.58,54600000,0.0,0.0,0.0,0.0,0.0,72.84,82750000,,,,H
6914,2004/05,,as-monaco,ogc-nice,0.0,0.0,0.0,0.0,0.0,73.63,257100000,0.0,0.0,0.0,0.0,0.0,73.28,89200000,,,,A
6915,2004/05,,rc-strasbourg,fc-nantes,0.0,0.0,0.0,0.0,0.0,69.0,72100000,0.0,0.0,0.0,0.0,0.0,69.58,54600000,,,,A
6916,2004/05,,stade-rennais,losc-lille,0.0,0.0,0.0,0.0,0.0,73.39,253175000,0.0,0.0,0.0,0.0,0.0,72.18,86050000,,,,A
6917,2004/05,,toulouse-fc,aj-auxerre,0.0,0.0,0.0,0.0,0.0,68.76,60900000,0.0,0.0,0.0,0.0,0.0,0.0,0,,,,A
6918,2004/05,,aj-auxerre,rc-lens,0.0,0.0,0.0,0.0,0.0,0.0,0,0.0,0.0,0.0,0.0,0.0,72.84,82750000,,,,H
6919,2004/05,,fc-metz,as-monaco,0.0,0.0,0.0,0.0,0.0,67.29,41450000,0.0,0.0,0.0,0.0,0.0,73.63,257100000,,,,D
6920,2004/05,,fc-nantes,paris-saint-germain,0.0,0.0,0.0,0.0,0.0,69.58,54600000,0.0,0.0,0.0,0.0,0.0,0.0,0,,,,H
6921,2004/05,,ogc-nice,toulouse-fc,0.0,0.0,0.0,0.0,0.0,73.28,89200000,0.0,0.0,0.0,0.0,0.0,68.76,60900000,,,,H
6922,2004/05,,stade-rennais,fc-metz,0.0,0.0,0.0,0.0,0.0,73.39,253175000,0.0,0.0,0.0,0.0,0.0,67.29,41450000,,,,H
6923,2004/05,,rc-strasbourg,ogc-nice,0.0,0.0,0.0,0.0,0.0,69.0,72100000,0.0,0.0,0.0,0.0,0.0,73.28,89200000,,,,H
6924,2004/05,,rc-lens,olympique-de-marseille,0.0,0.0,0.0,0.0,0.0,72.84,82750000,0.0,0.0,0.0,0.0,0.0,73.85,58850000,,,,D
6925,2004/05,,as-monaco,aj-auxerre,0.0,0.0,0.0,0.0,0.0,73.63,257100000,0.0,0.0,0.0,0.0,0.0,0.0,0,,,,D
6926,2004/05,,toulouse-fc,losc-lille,0.0,0.0,0.0,0.0,0.0,68.76,60900000,0.0,0.0,0.0,0.0,0.0,72.18,86050000,,,,H
6927,2004/05,,olympique-de-marseille,as-monaco,0.0,0.0,0.0,0.0,0.0,73.85,58850000,0.0,0.0,0.0,0.0,0.0,73.63,257100000,,,,D
6928,2004/05,,aj-auxerre,paris-saint-germain,0.0,0.0,0.0,0.0,0.0,0.0,0,0.0,0.0,0.0,0.0,0.0,0.0,0,,,,D
6929,2004/05,,olympique-lyonnais,rc-strasbourg,0.0,0.0,0.0,0.0,0.0,72.74,89500000,0.0,0.0,0.0,0.0,0.0,69.0,72100000,,,,H
6930,2004/05,,rc-lens,olympique-lyonnais,0.0,0.0,0.0,0.0,0.0,72.84,82750000,0.0,0.0,0.0,0.0,0.0,72.74,89500000,,,,A
6931,2004/05,,toulouse-fc,fc-metz,0.0,0.0,0.0,0.0,0.0,68.76,60900000,0.0,0.0,0.0,0.0,0.0,67.29,41450000,,,,D
6932,2004/05,,fc-nantes,aj-auxerre,0.0,0.0,0.0,0.0,0.0,69.58,54600000,0.0,0.0,0.0,0.0,0.0,0.0,0,,,,D
6933,2004/05,,paris-saint-germain,olympique-de-marseille,0.0,0.0,0.0,0.0,0.0,0.0,0,0.0,0.0,0.0,0.0,0.0,73.85,58850000,,,,H
6934,2004/05,,olympique-lyonnais,fc-nantes,0.0,0.0,0.0,0.0,0.0,72.74,89500000,0.0,0.0,0.0,0.0,0.0,69.58,54600000,,,,H
6935,2004/05,,olympique-de-marseille,rc-strasbourg,0.0,0.0,0.0,0.0,0.0,73.85,58850000,0.0,0.0,0.0,0.0,0.0,69.0,72100000,,,,H
6936,2004/05,,ogc-nice,rc-lens,0.0,0.0,0.0,0.0,0.0,73.28,89200000,0.0,0.0,0.0,0.0,0.0,72.84,82750000,,,,D
6937,2004/05,,stade-rennais,toulouse-fc,0.0,0.0,0.0,0.0,0.0,73.39,253175000,0.0,0.0,0.0,0.0,0.0,68.76,60900000,,,,D
6938,2004/05,,losc-lille,as-monaco,0.0,0.0,0.0,0.0,0.0,72.18,86050000,0.0,0.0,0.0,0.0,0.0,73.63,257100000,,,,D
6939,2004/05,,paris-saint-germain,olympique-lyonnais,0.0,0.0,0.0,0.0,0.0,0.0,0,0.0,0.0,0.0,0.0,0.0,72.74,89500000,,,,D
6940,2004/05,,rc-lens,losc-lille,0.0,0.0,0.0,0.0,0.0,72.84,82750000,0.0,0.0,0.0,0.0,0.0,72.18,86050000,,,,D
6941,2004/05,,rc-strasbourg,aj-auxerre,0.0,0.0,0.0,0.0,0.0,69.0,72100000,0.0,0.0,0.0,0.0,0.0,0.0,0,,,,H
6942,2004/05,,olympique-lyonnais,aj-auxerre,0.0,0.0,0.0,0.0,0.0,72.74,89500000,0.0,0.0,0.0,0.0,0.0,0.0,0,,,,H
6943,2004/05,,olympique-de-marseille,fc-nantes,0.0,0.0,0.0,0.0,0.0,73.85,58850000,0.0,0.0,0.0,0.0,0.0,69.58,54600000,,,,H
6944,2004/05,,toulouse-fc,as-monaco,0.0,0.0,0.0,0.0,0.0,68.76,60900000,0.0,0.0,0.0,0.0,0.0,73.63,257100000,,,,D
6945,2004/05,,losc-lille,rc-strasbourg,0.0,0.0,0.0,0.0,0.0,72.18,86050000,0.0,0.0,0.0,0.0,0.0,69.0,72100000,,,,D
6946,2004/05,,ogc-nice,paris-saint-germain,0.0,0.0,0.0,0.0,0.0,73.28,89200000,0.0,0.0,0.0,0.0,0.0,0.0,0,,,,D
6947,2004/05,,as-monaco,stade-rennais,0.0,0.0,0.0,0.0,0.0,73.63,257100000,0.0,0.0,0.0,0.0,0.0,73.39,253175000,,,,H
6948,2004/05,,rc-lens,fc-metz,0.0,0.0,0.0,0.0,0.0,72.84,82750000,0.0,0.0,0.0,0.0,0.0,67.29,41450000,,,,H
6949,2004/05,,fc-nantes,ogc-nice,0.0,0.0,0.0,0.0,0.0,69.58,54600000,0.0,0.0,0.0,0.0,0.0,73.28,89200000,,,,A
6950,2004/05,,paris-saint-germain,losc-lille,0.0,0.0,0.0,0.0,0.0,0.0,0,0.0,0.0,0.0,0.0,0.0,72.18,86050000,,,,D
6951,2004/05,,losc-lille,fc-nantes,0.0,0.0,0.0,0.0,0.0,72.18,86050000,0.0,0.0,0.0,0.0,0.0,69.58,54600000,,,,H
6952,2004/05,,olympique-de-marseille,aj-auxerre,0.0,0.0,0.0,0.0,0.0,73.85,58850000,0.0,0.0,0.0,0.0,0.0,0.0,0,,,,A
6953,2004/05,,fc-metz,rc-strasbourg,0.0,0.0,0.0,0.0,0.0,67.29,41450000,0.0,0.0,0.0,0.0,0.0,69.0,72100000,,,,H
6954,2004/05,,stade-rennais,rc-lens,0.0,0.0,0.0,0.0,0.0,73.39,253175000,0.0,0.0,0.0,0.0,0.0,72.84,82750000,,,,H
6955,2004/05,,olympique-lyonnais,olympique-de-marseille,0.0,0.0,0.0,0.0,0.0,72.74,89500000,0.0,0.0,0.0,0.0,0.0,73.85,58850000,,,,D
6956,2004/05,,aj-auxerre,ogc-nice,0.0,0.0,0.0,0.0,0.0,0.0,0,0.0,0.0,0.0,0.0,0.0,73.28,89200000,,,,H
6957,2004/05,,paris-saint-germain,fc-metz,0.0,0.0,0.0,0.0,0.0,0.0,0,0.0,0.0,0.0,0.0,0.0,67.29,41450000,,,,H
6958,2004/05,,rc-strasbourg,stade-rennais,0.0,0.0,0.0,0.0,0.0,69.0,72100000,0.0,0.0,0.0,0.0,0.0,73.39,253175000,,,,H
6959,2004/05,,losc-lille,olympique-de-marseille,0.0,0.0,0.0,0.0,0.0,72.18,86050000,0.0,0.0,0.0,0.0,0.0,73.85,58850000,,,,A
6960,2004/05,,stade-rennais,aj-auxerre,0.0,0.0,0.0,0.0,0.0,73.39,253175000,0.0,0.0,0.0,0.0,0.0,0.0,0,,,,H
6961,2004/05,,toulouse-fc,rc-strasbourg,0.0,0.0,0.0,0.0,0.0,68.76,60900000,0.0,0.0,0.0,0.0,0.0,69.0,72100000,,,,H
6962,2004/05,,olympique-lyonnais,fc-metz,0.0,0.0,0.0,0.0,0.0,72.74,89500000,0.0,0.0,0.0,0.0,0.0,67.29,41450000,,,,H
6963,2004/05,,fc-nantes,stade-rennais,0.0,0.0,0.0,0.0,0.0,69.58,54600000,0.0,0.0,0.0,0.0,0.0,73.39,253175000,,,,H
6964,2004/05,,paris-saint-germain,toulouse-fc,0.0,0.0,0.0,0.0,0.0,0.0,0,0.0,0.0,0.0,0.0,0.0,68.76,60900000,,,,D
6965,2004/05,,olympique-de-marseille,ogc-nice,0.0,0.0,0.0,0.0,0.0,73.85,58850000,0.0,0.0,0.0,0.0,0.0,73.28,89200000,,,,H
6966,2004/05,,fc-metz,olympique-de-marseille,0.0,0.0,0.0,0.0,0.0,67.29,41450000,0.0,0.0,0.0,0.0,0.0,73.85,58850000,,,,A
6967,2004/05,,as-monaco,rc-lens,0.0,0.0,0.0,0.0,0.0,73.63,257100000,0.0,0.0,0.0,0.0,0.0,72.84,82750000,,,,H
6968,2004/05,,toulouse-fc,fc-nantes,0.0,0.0,0.0,0.0,0.0,68.76,60900000,0.0,0.0,0.0,0.0,0.0,69.58,54600000,,,,H
6969,2004/05,,losc-lille,olympique-lyonnais,0.0,0.0,0.0,0.0,0.0,72.18,86050000,0.0,0.0,0.0,0.0,0.0,72.74,89500000,,,,H
6970,2004/05,,olympique-lyonnais,stade-rennais,0.0,0.0,0.0,0.0,0.0,72.74,89500000,0.0,0.0,0.0,0.0,0.0,73.39,253175000,,,,H
6971,2004/05,,ogc-nice,losc-lille,0.0,0.0,0.0,0.0,0.0,73.28,89200000,0.0,0.0,0.0,0.0,0.0,72.18,86050000,,,,D
6972,2004/05,,rc-lens,rc-strasbourg,0.0,0.0,0.0,0.0,0.0,72.84,82750000,0.0,0.0,0.0,0.0,0.0,69.0,72100000,,,,H
6973,2004/05,,fc-metz,aj-auxerre,0.0,0.0,0.0,0.0,0.0,67.29,41450000,0.0,0.0,0.0,0.0,0.0,0.0,0,,,,H
6974,2004/05,,toulouse-fc,olympique-de-marseille,0.0,0.0,0.0,0.0,0.0,68.76,60900000,0.0,0.0,0.0,0.0,0.0,73.85,58850000,,,,A
6975,2004/05,,as-monaco,paris-saint-germain,0.0,0.0,0.0,0.0,0.0,73.63,257100000,0.0,0.0,0.0,0.0,0.0,0.0,0,,,,H
6976,2004/05,,olympique-lyonnais,toulouse-fc,0.0,0.0,0.0,0.0,0.0,72.74,89500000,0.0,0.0,0.0,0.0,0.0,68.76,60900000,,,,H
6977,2004/05,,olympique-de-marseille,stade-rennais,0.0,0.0,0.0,0.0,0.0,73.85,58850000,0.0,0.0,0.0,0.0,0.0,73.39,253175000,,,,H
6978,2004/05,,fc-nantes,as-monaco,0.0,0.0,0.0,0.0,0.0,69.58,54600000,0.0,0.0,0.0,0.0,0.0,73.63,257100000,,,,D
6979,2004/05,,ogc-nice,fc-metz,0.0,0.0,0.0,0.0,0.0,73.28,89200000,0.0,0.0,0.0,0.0,0.0,67.29,41450000,,,,D
6980,2004/05,,paris-saint-germain,rc-lens,0.0,0.0,0.0,0.0,0.0,0.0,0,0.0,0.0,0.0,0.0,0.0,72.84,82750000,,,,A
6981,2004/05,,as-monaco,olympique-lyonnais,0.0,0.0,0.0,0.0,0.0,73.63,257100000,0.0,0.0,0.0,0.0,0.0,72.74,89500000,,,,D
6982,2004/05,,rc-lens,fc-nantes,0.0,0.0,0.0,0.0,0.0,72.84,82750000,0.0,0.0,0.0,0.0,0.0,69.58,54600000,,,,H
6983,2004/05,,stade-rennais,ogc-nice,0.0,0.0,0.0,0.0,0.0,73.39,253175000,0.0,0.0,0.0,0.0,0.0,73.28,89200000,,,,H
6984,2004/05,,rc-strasbourg,paris-saint-germain,0.0,0.0,0.0,0.0,0.0,69.0,72100000,0.0,0.0,0.0,0.0,0.0,0.0,0,,,,H
6985,2004/05,,fc-metz,losc-lille,0.0,0.0,0.0,0.0,0.0,67.29,41450000,0.0,0.0,0.0,0.0,0.0,72.18,86050000,,,,D
6986,2004/05,,fc-nantes,rc-strasbourg,0.0,0.0,0.0,0.0,0.0,69.58,54600000,0.0,0.0,0.0,0.0,0.0,69.0,72100000,,,,H
6987,2004/05,,ogc-nice,as-monaco,0.0,0.0,0.0,0.0,0.0,73.28,89200000,0.0,0.0,0.0,0.0,0.0,73.63,257100000,,,,H
6988,2004/05,,losc-lille,stade-rennais,0.0,0.0,0.0,0.0,0.0,72.18,86050000,0.0,0.0,0.0,0.0,0.0,73.39,253175000,,,,D
6989,2004/05,,rc-lens,aj-auxerre,0.0,0.0,0.0,0.0,0.0,72.84,82750000,0.0,0.0,0.0,0.0,0.0,0.0,0,,,,H
6990,2004/05,,as-monaco,fc-metz,0.0,0.0,0.0,0.0,0.0,73.63,257100000,0.0,0.0,0.0,0.0,0.0,67.29,41450000,,,,D
6991,2004/05,,paris-saint-germain,fc-nantes,0.0,0.0,0.0,0.0,0.0,0.0,0,0.0,0.0,0.0,0.0,0.0,69.58,54600000,,,,H
6992,2004/05,,toulouse-fc,ogc-nice,0.0,0.0,0.0,0.0,0.0,68.76,60900000,0.0,0.0,0.0,0.0,0.0,73.28,89200000,,,,H
6993,2004/05,,olympique-de-marseille,rc-lens,0.0,0.0,0.0,0.0,0.0,73.85,58850000,0.0,0.0,0.0,0.0,0.0,72.84,82750000,,,,H
6994,2004/05,,fc-metz,stade-rennais,0.0,0.0,0.0,0.0,0.0,67.29,41450000,0.0,0.0,0.0,0.0,0.0,73.39,253175000,,,,D
6995,2004/05,,ogc-nice,rc-strasbourg,0.0,0.0,0.0,0.0,0.0,73.28,89200000,0.0,0.0,0.0,0.0,0.0,69.0,72100000,,,,D
6996,2004/05,,aj-auxerre,as-monaco,0.0,0.0,0.0,0.0,0.0,0.0,0,0.0,0.0,0.0,0.0,0.0,73.63,257100000,,,,D
6997,2004/05,,losc-lille,toulouse-fc,0.0,0.0,0.0,0.0,0.0,72.18,86050000,0.0,0.0,0.0,0.0,0.0,68.76,60900000,,,,D
6998,2004/05,,rc-strasbourg,as-monaco,0.0,0.0,0.0,0.0,0.0,69.0,72100000,0.0,0.0,0.0,0.0,0.0,73.63,257100000,,,,D
6999,2004/05,,rc-strasbourg,olympique-lyonnais,0.0,0.0,0.0,0.0,0.0,69.0,72100000,0.0,0.0,0.0,0.0,0.0,72.74,89500000,,,,A
7000,2004/05,,as-monaco,olympique-de-marseille,0.0,0.0,0.0,0.0,0.0,73.63,257100000,0.0,0.0,0.0,0.0,0.0,73.85,58850000,,,,H
7001,2004/05,,paris-saint-germain,aj-auxerre,0.0,0.0,0.0,0.0,0.0,0.0,0,0.0,0.0,0.0,0.0,0.0,0.0,0,,,,H
7002,2004/05,,aj-auxerre,fc-nantes,0.0,0.0,0.0,0.0,0.0,0.0,0,0.0,0.0,0.0,0.0,0.0,69.58,54600000,,,,H
7003,2004/05,,olympique-lyonnais,rc-lens,0.0,0.0,0.0,0.0,0.0,72.74,89500000,0.0,0.0,0.0,0.0,0.0,72.84,82750000,,,,H
7004,2004/05,,fc-metz,toulouse-fc,0.0,0.0,0.0,0.0,0.0,67.29,41450000,0.0,0.0,0.0,0.0,0.0,68.76,60900000,,,,A
7005,2004/05,,olympique-de-marseille,paris-saint-germain,0.0,0.0,0.0,0.0,0.0,73.85,58850000,0.0,0.0,0.0,0.0,0.0,0.0,0,,,,D
7006,2004/05,,rc-lens,ogc-nice,0.0,0.0,0.0,0.0,0.0,72.84,82750000,0.0,0.0,0.0,0.0,0.0,73.28,89200000,,,,D
7007,2004/05,,fc-nantes,olympique-lyonnais,0.0,0.0,0.0,0.0,0.0,69.58,54600000,0.0,0.0,0.0,0.0,0.0,72.74,89500000,,,,D
7008,2004/05,,rc-strasbourg,olympique-de-marseille,0.0,0.0,0.0,0.0,0.0,69.0,72100000,0.0,0.0,0.0,0.0,0.0,73.85,58850000,,,,H
7009,2004/05,,toulouse-fc,stade-rennais,0.0,0.0,0.0,0.0,0.0,68.76,60900000,0.0,0.0,0.0,0.0,0.0,73.39,253175000,,,,A
7010,2004/05,,losc-lille,rc-lens,0.0,0.0,0.0,0.0,0.0,72.18,86050000,0.0,0.0,0.0,0.0,0.0,72.84,82750000,,,,H
7011,2004/05,,aj-auxerre,rc-strasbourg,0.0,0.0,0.0,0.0,0.0,0.0,0,0.0,0.0,0.0,0.0,0.0,69.0,72100000,,,,D
7012,2004/05,,olympique-lyonnais,paris-saint-germain,0.0,0.0,0.0,0.0,0.0,72.74,89500000,0.0,0.0,0.0,0.0,0.0,0.0,0,,,,A
7013,2004/05,,paris-saint-germain,ogc-nice,0.0,0.0,0.0,0.0,0.0,0.0,0,0.0,0.0,0.0,0.0,0.0,73.28,89200000,,,,H
7014,2004/05,,as-monaco,toulouse-fc,0.0,0.0,0.0,0.0,0.0,73.63,257100000,0.0,0.0,0.0,0.0,0.0,68.76,60900000,,,,H
7015,2004/05,,fc-nantes,olympique-de-marseille,0.0,0.0,0.0,0.0,0.0,69.58,54600000,0.0,0.0,0.0,0.0,0.0,73.85,58850000,,,,D
7016,2004/05,,rc-strasbourg,losc-lille,0.0,0.0,0.0,0.0,0.0,69.0,72100000,0.0,0.0,0.0,0.0,0.0,72.18,86050000,,,,A
7017,2004/05,,aj-auxerre,olympique-lyonnais,0.0,0.0,0.0,0.0,0.0,0.0,0,0.0,0.0,0.0,0.0,0.0,72.74,89500000,,,,A
7018,2004/05,,aj-auxerre,toulouse-fc,0.0,0.0,0.0,0.0,0.0,0.0,0,0.0,0.0,0.0,0.0,0.0,68.76,60900000,,,,H
7019,2004/05,,as-monaco,losc-lille,0.0,0.0,0.0,0.0,0.0,73.63,257100000,0.0,0.0,0.0,0.0,0.0,72.18,86050000,,,,H
7020,2004/05,,losc-lille,paris-saint-germain,0.0,0.0,0.0,0.0,0.0,72.18,86050000,0.0,0.0,0.0,0.0,0.0,0.0,0,,,,H
7021,2004/05,,fc-metz,rc-lens,0.0,0.0,0.0,0.0,0.0,67.29,41450000,0.0,0.0,0.0,0.0,0.0,72.84,82750000,,,,D
7022,2004/05,,ogc-nice,fc-nantes,0.0,0.0,0.0,0.0,0.0,73.28,89200000,0.0,0.0,0.0,0.0,0.0,69.58,54600000,,,,D
7023,2004/05,,stade-rennais,as-monaco,0.0,0.0,0.0,0.0,0.0,73.39,253175000,0.0,0.0,0.0,0.0,0.0,73.63,257100000,,,,D
7024,2004/05,,aj-auxerre,olympique-de-marseille,0.0,0.0,0.0,0.0,0.0,0.0,0,0.0,0.0,0.0,0.0,0.0,73.85,58850000,,,,D
7025,2004/05,,rc-lens,stade-rennais,0.0,0.0,0.0,0.0,0.0,72.84,82750000,0.0,0.0,0.0,0.0,0.0,73.39,253175000,,,,H
7026,2004/05,,fc-nantes,losc-lille,0.0,0.0,0.0,0.0,0.0,69.58,54600000,0.0,0.0,0.0,0.0,0.0,72.18,86050000,,,,A
7027,2004/05,,rc-strasbourg,fc-metz,0.0,0.0,0.0,0.0,0.0,69.0,72100000,0.0,0.0,0.0,0.0,0.0,67.29,41450000,,,,H
7028,2004/05,,olympique-de-marseille,olympique-lyonnais,0.0,0.0,0.0,0.0,0.0,73.85,58850000,0.0,0.0,0.0,0.0,0.0,72.74,89500000,,,,A
7029,2004/05,,fc-metz,paris-saint-germain,0.0,0.0,0.0,0.0,0.0,67.29,41450000,0.0,0.0,0.0,0.0,0.0,0.0,0,,,,H
7030,2004/05,,ogc-nice,aj-auxerre,0.0,0.0,0.0,0.0,0.0,73.28,89200000,0.0,0.0,0.0,0.0,0.0,0.0,0,,,,H
7031,2004/05,,stade-rennais,rc-strasbourg,0.0,0.0,0.0,0.0,0.0,73.39,253175000,0.0,0.0,0.0,0.0,0.0,69.0,72100000,,,,H
7032,2004/05,,aj-auxerre,losc-lille,0.0,0.0,0.0,0.0,0.0,0.0,0,0.0,0.0,0.0,0.0,0.0,72.18,86050000,,,,A
7033,2004/05,,rc-lens,toulouse-fc,0.0,0.0,0.0,0.0,0.0,72.84,82750000,0.0,0.0,0.0,0.0,0.0,68.76,60900000,,,,H
7034,2004/05,,olympique-lyonnais,ogc-nice,0.0,0.0,0.0,0.0,0.0,72.74,89500000,0.0,0.0,0.0,0.0,0.0,73.28,89200000,,,,D
7035,2004/05,,fc-nantes,fc-metz,0.0,0.0,0.0,0.0,0.0,69.58,54600000,0.0,0.0,0.0,0.0,0.0,67.29,41450000,,,,H
7036,2004/05,,paris-saint-germain,stade-rennais,0.0,0.0,0.0,0.0,0.0,0.0,0,0.0,0.0,0.0,0.0,0.0,73.39,253175000,,,,H
7037,2005/06,,paris-saint-germain,fc-metz,0.0,0.0,0.0,0.0,0.0,0.0,0,0.0,0.0,0.0,0.0,0.0,67.29,41450000,,,,H
7038,2005/06,,losc-lille,stade-rennais,0.0,0.0,0.0,0.0,0.0,72.18,86050000,0.0,0.0,0.0,0.0,0.0,73.39,253175000,,,,H
7039,2005/06,,fc-nantes,rc-lens,0.0,0.0,0.0,0.0,0.0,69.58,54600000,0.0,0.0,0.0,0.0,0.0,72.84,82750000,,,,H
7040,2005/06,,rc-strasbourg,aj-auxerre,0.0,0.0,0.0,0.0,0.0,69.0,72100000,0.0,0.0,0.0,0.0,0.0,0.0,0,,,,D
7041,2005/06,,rc-lens,olympique-de-marseille,0.0,0.0,0.0,0.0,0.0,72.84,82750000,0.0,0.0,0.0,0.0,0.0,73.85,58850000,,,,H
7042,2005/06,,as-monaco,aj-auxerre,0.0,0.0,0.0,0.0,0.0,73.63,257100000,0.0,0.0,0.0,0.0,0.0,0.0,0,,,,A
7043,2005/06,,toulouse-fc,ogc-nice,0.0,0.0,0.0,0.0,0.0,68.76,60900000,0.0,0.0,0.0,0.0,0.0,73.28,89200000,,,,A
7044,2005/06,,olympique-lyonnais,rc-strasbourg,0.0,0.0,0.0,0.0,0.0,72.74,89500000,0.0,0.0,0.0,0.0,0.0,69.0,72100000,,,,H
7045,2005/06,,stade-rennais,fc-nantes,0.0,0.0,0.0,0.0,0.0,73.39,253175000,0.0,0.0,0.0,0.0,0.0,69.58,54600000,,,,A
7046,2005/06,,paris-saint-germain,toulouse-fc,0.0,0.0,0.0,0.0,0.0,0.0,0,0.0,0.0,0.0,0.0,0.0,68.76,60900000,,,,H
7047,2005/06,,olympique-de-marseille,olympique-lyonnais,0.0,0.0,0.0,0.0,0.0,73.85,58850000,0.0,0.0,0.0,0.0,0.0,72.74,89500000,,,,D
7048,2005/06,,rc-strasbourg,as-monaco,0.0,0.0,0.0,0.0,0.0,69.0,72100000,0.0,0.0,0.0,0.0,0.0,73.63,257100000,,,,A
7049,2005/06,,rc-lens,aj-auxerre,0.0,0.0,0.0,0.0,0.0,72.84,82750000,0.0,0.0,0.0,0.0,0.0,0.0,0,,,,H
7050,2005/06,,fc-metz,rc-strasbourg,0.0,0.0,0.0,0.0,0.0,67.29,41450000,0.0,0.0,0.0,0.0,0.0,69.0,72100000,,,,D
7051,2005/06,,ogc-nice,fc-nantes,0.0,0.0,0.0,0.0,0.0,73.28,89200000,0.0,0.0,0.0,0.0,0.0,69.58,54600000,,,,D
7052,2005/06,,stade-rennais,olympique-de-marseille,0.0,0.0,0.0,0.0,0.0,73.39,253175000,0.0,0.0,0.0,0.0,0.0,73.85,58850000,,,,H
7053,2005/06,,losc-lille,toulouse-fc,0.0,0.0,0.0,0.0,0.0,72.18,86050000,0.0,0.0,0.0,0.0,0.0,68.76,60900000,,,,D
7054,2005/06,,fc-nantes,fc-metz,0.0,0.0,0.0,0.0,0.0,69.58,54600000,0.0,0.0,0.0,0.0,0.0,67.29,41450000,,,,D
7055,2005/06,,paris-saint-germain,ogc-nice,0.0,0.0,0.0,0.0,0.0,0.0,0,0.0,0.0,0.0,0.0,0.0,73.28,89200000,,,,A
7056,2005/06,,aj-auxerre,olympique-lyonnais,0.0,0.0,0.0,0.0,0.0,0.0,0,0.0,0.0,0.0,0.0,0.0,72.74,89500000,,,,A
7057,2005/06,,as-monaco,rc-lens,0.0,0.0,0.0,0.0,0.0,73.63,257100000,0.0,0.0,0.0,0.0,0.0,72.84,82750000,,,,D
7058,2005/06,,olympique-lyonnais,as-monaco,0.0,0.0,0.0,0.0,0.0,72.74,89500000,0.0,0.0,0.0,0.0,0.0,73.63,257100000,,,,H
7059,2005/06,,fc-metz,losc-lille,0.0,0.0,0.0,0.0,0.0,67.29,41450000,0.0,0.0,0.0,0.0,0.0,72.18,86050000,,,,A
7060,2005/06,,paris-saint-germain,rc-strasbourg,0.0,0.0,0.0,0.0,0.0,0.0,0,0.0,0.0,0.0,0.0,0.0,69.0,72100000,,,,H
7061,2005/06,,stade-rennais,aj-auxerre,0.0,0.0,0.0,0.0,0.0,73.39,253175000,0.0,0.0,0.0,0.0,0.0,0.0,0,,,,H
7062,2005/06,,losc-lille,ogc-nice,0.0,0.0,0.0,0.0,0.0,72.18,86050000,0.0,0.0,0.0,0.0,0.0,73.28,89200000,,,,H
7063,2005/06,,fc-nantes,toulouse-fc,0.0,0.0,0.0,0.0,0.0,69.58,54600000,0.0,0.0,0.0,0.0,0.0,68.76,60900000,,,,H
7064,2005/06,,as-monaco,stade-rennais,0.0,0.0,0.0,0.0,0.0,73.63,257100000,0.0,0.0,0.0,0.0,0.0,73.39,253175000,,,,A
7065,2005/06,,rc-strasbourg,rc-lens,0.0,0.0,0.0,0.0,0.0,69.0,72100000,0.0,0.0,0.0,0.0,0.0,72.84,82750000,,,,D
7066,2005/06,,fc-metz,aj-auxerre,0.0,0.0,0.0,0.0,0.0,67.29,41450000,0.0,0.0,0.0,0.0,0.0,0.0,0,,,,A
7067,2005/06,,paris-saint-germain,losc-lille,0.0,0.0,0.0,0.0,0.0,0.0,0,0.0,0.0,0.0,0.0,0.0,72.18,86050000,,,,H
7068,2005/06,,toulouse-fc,olympique-de-marseille,0.0,0.0,0.0,0.0,0.0,68.76,60900000,0.0,0.0,0.0,0.0,0.0,73.85,58850000,,,,H
7069,2005/06,,olympique-lyonnais,rc-lens,0.0,0.0,0.0,0.0,0.0,72.74,89500000,0.0,0.0,0.0,0.0,0.0,72.84,82750000,,,,D
7070,2005/06,,olympique-de-marseille,fc-metz,0.0,0.0,0.0,0.0,0.0,73.85,58850000,0.0,0.0,0.0,0.0,0.0,67.29,41450000,,,,H
7071,2005/06,,as-monaco,ogc-nice,0.0,0.0,0.0,0.0,0.0,73.63,257100000,0.0,0.0,0.0,0.0,0.0,73.28,89200000,,,,D
7072,2005/06,,rc-strasbourg,toulouse-fc,0.0,0.0,0.0,0.0,0.0,69.0,72100000,0.0,0.0,0.0,0.0,0.0,68.76,60900000,,,,A
7073,2005/06,,rc-lens,stade-rennais,0.0,0.0,0.0,0.0,0.0,72.84,82750000,0.0,0.0,0.0,0.0,0.0,73.39,253175000,,,,D
7074,2005/06,,fc-nantes,olympique-lyonnais,0.0,0.0,0.0,0.0,0.0,69.58,54600000,0.0,0.0,0.0,0.0,0.0,72.74,89500000,,,,A
7075,2005/06,,paris-saint-germain,fc-nantes,0.0,0.0,0.0,0.0,0.0,0.0,0,0.0,0.0,0.0,0.0,0.0,69.58,54600000,,,,H
7076,2005/06,,losc-lille,as-monaco,0.0,0.0,0.0,0.0,0.0,72.18,86050000,0.0,0.0,0.0,0.0,0.0,73.63,257100000,,,,A
7077,2005/06,,ogc-nice,olympique-de-marseille,0.0,0.0,0.0,0.0,0.0,73.28,89200000,0.0,0.0,0.0,0.0,0.0,73.85,58850000,,,,A
7078,2005/06,,stade-rennais,olympique-lyonnais,0.0,0.0,0.0,0.0,0.0,73.39,253175000,0.0,0.0,0.0,0.0,0.0,72.74,89500000,,,,A
7079,2005/06,,toulouse-fc,aj-auxerre,0.0,0.0,0.0,0.0,0.0,68.76,60900000,0.0,0.0,0.0,0.0,0.0,0.0,0,,,,H
7080,2005/06,,rc-lens,ogc-nice,0.0,0.0,0.0,0.0,0.0,72.84,82750000,0.0,0.0,0.0,0.0,0.0,73.28,89200000,,,,D
7081,2005/06,,as-monaco,fc-metz,0.0,0.0,0.0,0.0,0.0,73.63,257100000,0.0,0.0,0.0,0.0,0.0,67.29,41450000,,,,H
7082,2005/06,,rc-strasbourg,stade-rennais,0.0,0.0,0.0,0.0,0.0,69.0,72100000,0.0,0.0,0.0,0.0,0.0,73.39,253175000,,,,A
7083,2005/06,,olympique-de-marseille,paris-saint-germain,0.0,0.0,0.0,0.0,0.0,73.85,58850000,0.0,0.0,0.0,0.0,0.0,0.0,0,,,,H
7084,2005/06,,losc-lille,fc-nantes,0.0,0.0,0.0,0.0,0.0,72.18,86050000,0.0,0.0,0.0,0.0,0.0,69.58,54600000,,,,H
7085,2005/06,,fc-metz,olympique-lyonnais,0.0,0.0,0.0,0.0,0.0,67.29,41450000,0.0,0.0,0.0,0.0,0.0,72.74,89500000,,,,A
7086,2005/06,,ogc-nice,aj-auxerre,0.0,0.0,0.0,0.0,0.0,73.28,89200000,0.0,0.0,0.0,0.0,0.0,0.0,0,,,,H
7087,2005/06,,rc-lens,toulouse-fc,0.0,0.0,0.0,0.0,0.0,72.84,82750000,0.0,0.0,0.0,0.0,0.0,68.76,60900000,,,,H
7088,2005/06,,olympique-de-marseille,losc-lille,0.0,0.0,0.0,0.0,0.0,73.85,58850000,0.0,0.0,0.0,0.0,0.0,72.18,86050000,,,,D
7089,2005/06,,stade-rennais,fc-metz,0.0,0.0,0.0,0.0,0.0,73.39,253175000,0.0,0.0,0.0,0.0,0.0,67.29,41450000,,,,H
7090,2005/06,,aj-auxerre,paris-saint-germain,0.0,0.0,0.0,0.0,0.0,0.0,0,0.0,0.0,0.0,0.0,0.0,0.0,0,,,,H
7091,2005/06,,toulouse-fc,olympique-lyonnais,0.0,0.0,0.0,0.0,0.0,68.76,60900000,0.0,0.0,0.0,0.0,0.0,72.74,89500000,,,,A
7092,2005/06,,losc-lille,rc-strasbourg,0.0,0.0,0.0,0.0,0.0,72.18,86050000,0.0,0.0,0.0,0.0,0.0,69.0,72100000,,,,H
7093,2005/06,,paris-saint-germain,as-monaco,0.0,0.0,0.0,0.0,0.0,0.0,0,0.0,0.0,0.0,0.0,0.0,73.63,257100000,,,,D
7094,2005/06,,aj-auxerre,losc-lille,0.0,0.0,0.0,0.0,0.0,0.0,0,0.0,0.0,0.0,0.0,0.0,72.18,86050000,,,,H
7095,2005/06,,rc-lens,fc-metz,0.0,0.0,0.0,0.0,0.0,72.84,82750000,0.0,0.0,0.0,0.0,0.0,67.29,41450000,,,,D
7096,2005/06,,olympique-de-marseille,fc-nantes,0.0,0.0,0.0,0.0,0.0,73.85,58850000,0.0,0.0,0.0,0.0,0.0,69.58,54600000,,,,H
7097,2005/06,,rc-strasbourg,ogc-nice,0.0,0.0,0.0,0.0,0.0,69.0,72100000,0.0,0.0,0.0,0.0,0.0,73.28,89200000,,,,D
7098,2005/06,,stade-rennais,toulouse-fc,0.0,0.0,0.0,0.0,0.0,73.39,253175000,0.0,0.0,0.0,0.0,0.0,68.76,60900000,,,,H
7099,2005/06,,ogc-nice,olympique-lyonnais,0.0,0.0,0.0,0.0,0.0,73.28,89200000,0.0,0.0,0.0,0.0,0.0,72.74,89500000,,,,D
7100,2005/06,,olympique-de-marseille,as-monaco,0.0,0.0,0.0,0.0,0.0,73.85,58850000,0.0,0.0,0.0,0.0,0.0,73.63,257100000,,,,H
7101,2005/06,,fc-nantes,rc-strasbourg,0.0,0.0,0.0,0.0,0.0,69.58,54600000,0.0,0.0,0.0,0.0,0.0,69.0,72100000,,,,H
7102,2005/06,,paris-saint-germain,rc-lens,0.0,0.0,0.0,0.0,0.0,0.0,0,0.0,0.0,0.0,0.0,0.0,72.84,82750000,,,,A
7103,2005/06,,aj-auxerre,fc-nantes,0.0,0.0,0.0,0.0,0.0,0.0,0,0.0,0.0,0.0,0.0,0.0,69.58,54600000,,,,H
7104,2005/06,,olympique-lyonnais,paris-saint-germain,0.0,0.0,0.0,0.0,0.0,72.74,89500000,0.0,0.0,0.0,0.0,0.0,0.0,0,,,,H
7105,2005/06,,fc-metz,toulouse-fc,0.0,0.0,0.0,0.0,0.0,67.29,41450000,0.0,0.0,0.0,0.0,0.0,68.76,60900000,,,,D
7106,2005/06,,stade-rennais,ogc-nice,0.0,0.0,0.0,0.0,0.0,73.39,253175000,0.0,0.0,0.0,0.0,0.0,73.28,89200000,,,,H
7107,2005/06,,losc-lille,rc-lens,0.0,0.0,0.0,0.0,0.0,72.18,86050000,0.0,0.0,0.0,0.0,0.0,72.84,82750000,,,,D
7108,2005/06,,olympique-de-marseille,aj-auxerre,0.0,0.0,0.0,0.0,0.0,73.85,58850000,0.0,0.0,0.0,0.0,0.0,0.0,0,,,,H
7109,2005/06,,paris-saint-germain,stade-rennais,0.0,0.0,0.0,0.0,0.0,0.0,0,0.0,0.0,0.0,0.0,0.0,73.39,253175000,,,,H
7110,2005/06,,fc-nantes,as-monaco,0.0,0.0,0.0,0.0,0.0,69.58,54600000,0.0,0.0,0.0,0.0,0.0,73.63,257100000,,,,D
7111,2005/06,,olympique-lyonnais,losc-lille,0.0,0.0,0.0,0.0,0.0,72.74,89500000,0.0,0.0,0.0,0.0,0.0,72.18,86050000,,,,A
7112,2005/06,,fc-metz,ogc-nice,0.0,0.0,0.0,0.0,0.0,67.29,41450000,0.0,0.0,0.0,0.0,0.0,73.28,89200000,,,,H
7113,2005/06,,rc-strasbourg,olympique-de-marseille,0.0,0.0,0.0,0.0,0.0,69.0,72100000,0.0,0.0,0.0,0.0,0.0,73.85,58850000,,,,A
7114,2005/06,,as-monaco,toulouse-fc,0.0,0.0,0.0,0.0,0.0,73.63,257100000,0.0,0.0,0.0,0.0,0.0,68.76,60900000,,,,H
7115,2005/06,,olympique-de-marseille,rc-lens,0.0,0.0,0.0,0.0,0.0,73.85,58850000,0.0,0.0,0.0,0.0,0.0,72.84,82750000,,,,D
7116,2005/06,,fc-nantes,stade-rennais,0.0,0.0,0.0,0.0,0.0,69.58,54600000,0.0,0.0,0.0,0.0,0.0,73.39,253175000,,,,A
7117,2005/06,,ogc-nice,toulouse-fc,0.0,0.0,0.0,0.0,0.0,73.28,89200000,0.0,0.0,0.0,0.0,0.0,68.76,60900000,,,,H
7118,2005/06,,rc-strasbourg,olympique-lyonnais,0.0,0.0,0.0,0.0,0.0,69.0,72100000,0.0,0.0,0.0,0.0,0.0,72.74,89500000,,,,A
7119,2005/06,,aj-auxerre,as-monaco,0.0,0.0,0.0,0.0,0.0,0.0,0,0.0,0.0,0.0,0.0,0.0,73.63,257100000,,,,H
7120,2005/06,,olympique-lyonnais,olympique-de-marseille,0.0,0.0,0.0,0.0,0.0,72.74,89500000,0.0,0.0,0.0,0.0,0.0,73.85,58850000,,,,H
7121,2005/06,,as-monaco,rc-strasbourg,0.0,0.0,0.0,0.0,0.0,73.63,257100000,0.0,0.0,0.0,0.0,0.0,69.0,72100000,,,,D
7122,2005/06,,toulouse-fc,paris-saint-germain,0.0,0.0,0.0,0.0,0.0,68.76,60900000,0.0,0.0,0.0,0.0,0.0,0.0,0,,,,H
7123,2005/06,,aj-auxerre,rc-lens,0.0,0.0,0.0,0.0,0.0,0.0,0,0.0,0.0,0.0,0.0,0.0,72.84,82750000,,,,H
7124,2005/06,,fc-nantes,ogc-nice,0.0,0.0,0.0,0.0,0.0,69.58,54600000,0.0,0.0,0.0,0.0,0.0,73.28,89200000,,,,D
7125,2005/06,,rc-strasbourg,fc-metz,0.0,0.0,0.0,0.0,0.0,69.0,72100000,0.0,0.0,0.0,0.0,0.0,67.29,41450000,,,,H
7126,2005/06,,olympique-de-marseille,stade-rennais,0.0,0.0,0.0,0.0,0.0,73.85,58850000,0.0,0.0,0.0,0.0,0.0,73.39,253175000,,,,H
7127,2005/06,,fc-metz,fc-nantes,0.0,0.0,0.0,0.0,0.0,67.29,41450000,0.0,0.0,0.0,0.0,0.0,69.58,54600000,,,,A
7128,2005/06,,ogc-nice,paris-saint-germain,0.0,0.0,0.0,0.0,0.0,73.28,89200000,0.0,0.0,0.0,0.0,0.0,0.0,0,,,,H
7129,2005/06,,toulouse-fc,losc-lille,0.0,0.0,0.0,0.0,0.0,68.76,60900000,0.0,0.0,0.0,0.0,0.0,72.18,86050000,,,,D
7130,2005/06,,rc-lens,as-monaco,0.0,0.0,0.0,0.0,0.0,72.84,82750000,0.0,0.0,0.0,0.0,0.0,73.63,257100000,,,,D
7131,2005/06,,olympique-lyonnais,aj-auxerre,0.0,0.0,0.0,0.0,0.0,72.74,89500000,0.0,0.0,0.0,0.0,0.0,0.0,0,,,,D
7132,2005/06,,aj-auxerre,stade-rennais,0.0,0.0,0.0,0.0,0.0,0.0,0,0.0,0.0,0.0,0.0,0.0,73.39,253175000,,,,H
7133,2005/06,,losc-lille,fc-metz,0.0,0.0,0.0,0.0,0.0,72.18,86050000,0.0,0.0,0.0,0.0,0.0,67.29,41450000,,,,H
7134,2005/06,,rc-lens,rc-strasbourg,0.0,0.0,0.0,0.0,0.0,72.84,82750000,0.0,0.0,0.0,0.0,0.0,69.0,72100000,,,,H
7135,2005/06,,ogc-nice,losc-lille,0.0,0.0,0.0,0.0,0.0,73.28,89200000,0.0,0.0,0.0,0.0,0.0,72.18,86050000,,,,H
7136,2005/06,,stade-rennais,as-monaco,0.0,0.0,0.0,0.0,0.0,73.39,253175000,0.0,0.0,0.0,0.0,0.0,73.63,257100000,,,,A
7137,2005/06,,toulouse-fc,fc-nantes,0.0,0.0,0.0,0.0,0.0,68.76,60900000,0.0,0.0,0.0,0.0,0.0,69.58,54600000,,,,H
7138,2005/06,,rc-strasbourg,paris-saint-germain,0.0,0.0,0.0,0.0,0.0,69.0,72100000,0.0,0.0,0.0,0.0,0.0,0.0,0,,,,D
7139,2005/06,,aj-auxerre,fc-metz,0.0,0.0,0.0,0.0,0.0,0.0,0,0.0,0.0,0.0,0.0,0.0,67.29,41450000,,,,D
7140,2005/06,,rc-lens,olympique-lyonnais,0.0,0.0,0.0,0.0,0.0,72.84,82750000,0.0,0.0,0.0,0.0,0.0,72.74,89500000,,,,D
7141,2005/06,,losc-lille,paris-saint-germain,0.0,0.0,0.0,0.0,0.0,72.18,86050000,0.0,0.0,0.0,0.0,0.0,0.0,0,,,,D
7142,2005/06,,olympique-de-marseille,toulouse-fc,0.0,0.0,0.0,0.0,0.0,73.85,58850000,0.0,0.0,0.0,0.0,0.0,68.76,60900000,,,,D
7143,2005/06,,olympique-lyonnais,fc-nantes,0.0,0.0,0.0,0.0,0.0,72.74,89500000,0.0,0.0,0.0,0.0,0.0,69.58,54600000,,,,H
7144,2005/06,,ogc-nice,as-monaco,0.0,0.0,0.0,0.0,0.0,73.28,89200000,0.0,0.0,0.0,0.0,0.0,73.63,257100000,,,,H
7145,2005/06,,stade-rennais,rc-lens,0.0,0.0,0.0,0.0,0.0,73.39,253175000,0.0,0.0,0.0,0.0,0.0,72.84,82750000,,,,H
7146,2005/06,,toulouse-fc,rc-strasbourg,0.0,0.0,0.0,0.0,0.0,68.76,60900000,0.0,0.0,0.0,0.0,0.0,69.0,72100000,,,,A
7147,2005/06,,fc-metz,olympique-de-marseille,0.0,0.0,0.0,0.0,0.0,67.29,41450000,0.0,0.0,0.0,0.0,0.0,73.85,58850000,,,,H
7148,2005/06,,aj-auxerre,toulouse-fc,0.0,0.0,0.0,0.0,0.0,0.0,0,0.0,0.0,0.0,0.0,0.0,68.76,60900000,,,,H
7149,2005/06,,olympique-lyonnais,stade-rennais,0.0,0.0,0.0,0.0,0.0,72.74,89500000,0.0,0.0,0.0,0.0,0.0,73.39,253175000,,,,A
7150,2005/06,,fc-nantes,paris-saint-germain,0.0,0.0,0.0,0.0,0.0,69.58,54600000,0.0,0.0,0.0,0.0,0.0,0.0,0,,,,D
7151,2005/06,,olympique-de-marseille,ogc-nice,0.0,0.0,0.0,0.0,0.0,73.85,58850000,0.0,0.0,0.0,0.0,0.0,73.28,89200000,,,,H
7152,2005/06,,as-monaco,losc-lille,0.0,0.0,0.0,0.0,0.0,73.63,257100000,0.0,0.0,0.0,0.0,0.0,72.18,86050000,,,,A
7153,2005/06,,fc-metz,as-monaco,0.0,0.0,0.0,0.0,0.0,67.29,41450000,0.0,0.0,0.0,0.0,0.0,73.63,257100000,,,,H
7154,2005/06,,ogc-nice,rc-lens,0.0,0.0,0.0,0.0,0.0,73.28,89200000,0.0,0.0,0.0,0.0,0.0,72.84,82750000,,,,D
7155,2005/06,,stade-rennais,rc-strasbourg,0.0,0.0,0.0,0.0,0.0,73.39,253175000,0.0,0.0,0.0,0.0,0.0,69.0,72100000,,,,H
7156,2005/06,,paris-saint-germain,olympique-de-marseille,0.0,0.0,0.0,0.0,0.0,0.0,0,0.0,0.0,0.0,0.0,0.0,73.85,58850000,,,,D
7157,2005/06,,aj-auxerre,ogc-nice,0.0,0.0,0.0,0.0,0.0,0.0,0,0.0,0.0,0.0,0.0,0.0,73.28,89200000,,,,H
7158,2005/06,,olympique-lyonnais,fc-metz,0.0,0.0,0.0,0.0,0.0,72.74,89500000,0.0,0.0,0.0,0.0,0.0,67.29,41450000,,,,H
7159,2005/06,,fc-nantes,losc-lille,0.0,0.0,0.0,0.0,0.0,69.58,54600000,0.0,0.0,0.0,0.0,0.0,72.18,86050000,,,,D
7160,2005/06,,fc-metz,stade-rennais,0.0,0.0,0.0,0.0,0.0,67.29,41450000,0.0,0.0,0.0,0.0,0.0,73.39,253175000,,,,A
7161,2005/06,,toulouse-fc,rc-lens,0.0,0.0,0.0,0.0,0.0,68.76,60900000,0.0,0.0,0.0,0.0,0.0,72.84,82750000,,,,D
7162,2005/06,,losc-lille,olympique-de-marseille,0.0,0.0,0.0,0.0,0.0,72.18,86050000,0.0,0.0,0.0,0.0,0.0,73.85,58850000,,,,D
7163,2005/06,,paris-saint-germain,aj-auxerre,0.0,0.0,0.0,0.0,0.0,0.0,0,0.0,0.0,0.0,0.0,0.0,0.0,0,,,,H
7164,2005/06,,olympique-lyonnais,toulouse-fc,0.0,0.0,0.0,0.0,0.0,72.74,89500000,0.0,0.0,0.0,0.0,0.0,68.76,60900000,,,,D
7165,2005/06,,rc-strasbourg,losc-lille,0.0,0.0,0.0,0.0,0.0,69.0,72100000,0.0,0.0,0.0,0.0,0.0,72.18,86050000,,,,D
7166,2005/06,,as-monaco,paris-saint-germain,0.0,0.0,0.0,0.0,0.0,73.63,257100000,0.0,0.0,0.0,0.0,0.0,0.0,0,,,,D
7167,2005/06,,losc-lille,aj-auxerre,0.0,0.0,0.0,0.0,0.0,72.18,86050000,0.0,0.0,0.0,0.0,0.0,0.0,0,,,,D
7168,2005/06,,fc-metz,rc-lens,0.0,0.0,0.0,0.0,0.0,67.29,41450000,0.0,0.0,0.0,0.0,0.0,72.84,82750000,,,,A
7169,2005/06,,fc-nantes,olympique-de-marseille,0.0,0.0,0.0,0.0,0.0,69.58,54600000,0.0,0.0,0.0,0.0,0.0,73.85,58850000,,,,A
7170,2005/06,,ogc-nice,rc-strasbourg,0.0,0.0,0.0,0.0,0.0,73.28,89200000,0.0,0.0,0.0,0.0,0.0,69.0,72100000,,,,H
7171,2005/06,,toulouse-fc,stade-rennais,0.0,0.0,0.0,0.0,0.0,68.76,60900000,0.0,0.0,0.0,0.0,0.0,73.39,253175000,,,,A
7172,2005/06,,rc-lens,paris-saint-germain,0.0,0.0,0.0,0.0,0.0,72.84,82750000,0.0,0.0,0.0,0.0,0.0,0.0,0,,,,D
7173,2005/06,,olympique-lyonnais,ogc-nice,0.0,0.0,0.0,0.0,0.0,72.74,89500000,0.0,0.0,0.0,0.0,0.0,73.28,89200000,,,,H
7174,2005/06,,as-monaco,olympique-de-marseille,0.0,0.0,0.0,0.0,0.0,73.63,257100000,0.0,0.0,0.0,0.0,0.0,73.85,58850000,,,,H
7175,2005/06,,rc-strasbourg,fc-nantes,0.0,0.0,0.0,0.0,0.0,69.0,72100000,0.0,0.0,0.0,0.0,0.0,69.58,54600000,,,,A
7176,2005/06,,toulouse-fc,fc-metz,0.0,0.0,0.0,0.0,0.0,68.76,60900000,0.0,0.0,0.0,0.0,0.0,67.29,41450000,,,,H
7177,2005/06,,fc-nantes,aj-auxerre,0.0,0.0,0.0,0.0,0.0,69.58,54600000,0.0,0.0,0.0,0.0,0.0,0.0,0,,,,H
7178,2005/06,,ogc-nice,stade-rennais,0.0,0.0,0.0,0.0,0.0,73.28,89200000,0.0,0.0,0.0,0.0,0.0,73.39,253175000,,,,H
7179,2005/06,,paris-saint-germain,olympique-lyonnais,0.0,0.0,0.0,0.0,0.0,0.0,0,0.0,0.0,0.0,0.0,0.0,72.74,89500000,,,,A
7180,2005/06,,as-monaco,olympique-lyonnais,0.0,0.0,0.0,0.0,0.0,73.63,257100000,0.0,0.0,0.0,0.0,0.0,72.74,89500000,,,,H
7181,2005/06,,rc-lens,losc-lille,0.0,0.0,0.0,0.0,0.0,72.84,82750000,0.0,0.0,0.0,0.0,0.0,72.18,86050000,,,,H
7182,2005/06,,as-monaco,fc-nantes,0.0,0.0,0.0,0.0,0.0,73.63,257100000,0.0,0.0,0.0,0.0,0.0,69.58,54600000,,,,D
7183,2005/06,,aj-auxerre,olympique-de-marseille,0.0,0.0,0.0,0.0,0.0,0.0,0,0.0,0.0,0.0,0.0,0.0,73.85,58850000,,,,A
7184,2005/06,,stade-rennais,paris-saint-germain,0.0,0.0,0.0,0.0,0.0,73.39,253175000,0.0,0.0,0.0,0.0,0.0,0.0,0,,,,D
7185,2005/06,,losc-lille,olympique-lyonnais,0.0,0.0,0.0,0.0,0.0,72.18,86050000,0.0,0.0,0.0,0.0,0.0,72.74,89500000,,,,H
7186,2005/06,,olympique-de-marseille,rc-strasbourg,0.0,0.0,0.0,0.0,0.0,73.85,58850000,0.0,0.0,0.0,0.0,0.0,69.0,72100000,,,,D
7187,2005/06,,ogc-nice,fc-metz,0.0,0.0,0.0,0.0,0.0,73.28,89200000,0.0,0.0,0.0,0.0,0.0,67.29,41450000,,,,H
7188,2005/06,,toulouse-fc,as-monaco,0.0,0.0,0.0,0.0,0.0,68.76,60900000,0.0,0.0,0.0,0.0,0.0,73.63,257100000,,,,D
7189,2005/06,,aj-auxerre,rc-strasbourg,0.0,0.0,0.0,0.0,0.0,0.0,0,0.0,0.0,0.0,0.0,0.0,69.0,72100000,,,,H
7190,2005/06,,rc-lens,fc-nantes,0.0,0.0,0.0,0.0,0.0,72.84,82750000,0.0,0.0,0.0,0.0,0.0,69.58,54600000,,,,H
7191,2005/06,,fc-metz,paris-saint-germain,0.0,0.0,0.0,0.0,0.0,67.29,41450000,0.0,0.0,0.0,0.0,0.0,0.0,0,,,,H
7192,2005/06,,stade-rennais,losc-lille,0.0,0.0,0.0,0.0,0.0,73.39,253175000,0.0,0.0,0.0,0.0,0.0,72.18,86050000,,,,D
7193,2006/07,,fc-nantes,olympique-lyonnais,0.0,0.0,0.0,0.0,0.0,69.58,54600000,0.0,0.0,0.0,0.0,0.0,72.74,89500000,,,,A
7194,2006/07,,paris-saint-germain,fc-lorient,0.0,0.0,0.0,0.0,0.0,0.0,0,0.0,0.0,0.0,0.0,0.0,70.23,70850000,,,,A
7195,2006/07,,stade-rennais,losc-lille,0.0,0.0,0.0,0.0,0.0,73.39,253175000,0.0,0.0,0.0,0.0,0.0,72.18,86050000,,,,A
7196,2006/07,,losc-lille,rc-lens,0.0,0.0,0.0,0.0,0.0,72.18,86050000,0.0,0.0,0.0,0.0,0.0,72.84,82750000,,,,H
7197,2006/07,,olympique-lyonnais,toulouse-fc,0.0,0.0,0.0,0.0,0.0,72.74,89500000,0.0,0.0,0.0,0.0,0.0,68.76,60900000,,,,D
7198,2006/07,,olympique-de-marseille,stade-rennais,0.0,0.0,0.0,0.0,0.0,73.85,58850000,0.0,0.0,0.0,0.0,0.0,73.39,253175000,,,,H
7199,2006/07,,ogc-nice,fc-nantes,0.0,0.0,0.0,0.0,0.0,73.28,89200000,0.0,0.0,0.0,0.0,0.0,69.58,54600000,,,,D
7200,2006/07,,aj-auxerre,olympique-de-marseille,0.0,0.0,0.0,0.0,0.0,0.0,0,0.0,0.0,0.0,0.0,0.0,73.85,58850000,,,,A
7201,2006/07,,rc-lens,fc-lorient,0.0,0.0,0.0,0.0,0.0,72.84,82750000,0.0,0.0,0.0,0.0,0.0,70.23,70850000,,,,D
7202,2006/07,,paris-saint-germain,losc-lille,0.0,0.0,0.0,0.0,0.0,0.0,0,0.0,0.0,0.0,0.0,0.0,72.18,86050000,,,,H
7203,2006/07,,stade-rennais,as-monaco,0.0,0.0,0.0,0.0,0.0,73.39,253175000,0.0,0.0,0.0,0.0,0.0,73.63,257100000,,,,D
7204,2006/07,,toulouse-fc,ogc-nice,0.0,0.0,0.0,0.0,0.0,68.76,60900000,0.0,0.0,0.0,0.0,0.0,73.28,89200000,,,,H
7205,2006/07,,fc-lorient,fc-nantes,0.0,0.0,0.0,0.0,0.0,70.23,70850000,0.0,0.0,0.0,0.0,0.0,69.58,54600000,,,,H
7206,2006/07,,ogc-nice,olympique-lyonnais,0.0,0.0,0.0,0.0,0.0,73.28,89200000,0.0,0.0,0.0,0.0,0.0,72.74,89500000,,,,A
7207,2006/07,,aj-auxerre,as-monaco,0.0,0.0,0.0,0.0,0.0,0.0,0,0.0,0.0,0.0,0.0,0.0,73.63,257100000,,,,H
7208,2006/07,,fc-nantes,losc-lille,0.0,0.0,0.0,0.0,0.0,69.58,54600000,0.0,0.0,0.0,0.0,0.0,72.18,86050000,,,,D
7209,2006/07,,paris-saint-germain,olympique-de-marseille,0.0,0.0,0.0,0.0,0.0,0.0,0,0.0,0.0,0.0,0.0,0.0,73.85,58850000,,,,A
7210,2006/07,,losc-lille,toulouse-fc,0.0,0.0,0.0,0.0,0.0,72.18,86050000,0.0,0.0,0.0,0.0,0.0,68.76,60900000,,,,A
7211,2006/07,,fc-lorient,olympique-lyonnais,0.0,0.0,0.0,0.0,0.0,70.23,70850000,0.0,0.0,0.0,0.0,0.0,72.74,89500000,,,,A
7212,2006/07,,as-monaco,paris-saint-germain,0.0,0.0,0.0,0.0,0.0,73.63,257100000,0.0,0.0,0.0,0.0,0.0,0.0,0,,,,A
7213,2006/07,,olympique-lyonnais,losc-lille,0.0,0.0,0.0,0.0,0.0,72.74,89500000,0.0,0.0,0.0,0.0,0.0,72.18,86050000,,,,H
7214,2006/07,,toulouse-fc,fc-lorient,0.0,0.0,0.0,0.0,0.0,68.76,60900000,0.0,0.0,0.0,0.0,0.0,70.23,70850000,,,,D
7215,2006/07,,rc-lens,as-monaco,0.0,0.0,0.0,0.0,0.0,72.84,82750000,0.0,0.0,0.0,0.0,0.0,73.63,257100000,,,,H
7216,2006/07,,fc-nantes,olympique-de-marseille,0.0,0.0,0.0,0.0,0.0,69.58,54600000,0.0,0.0,0.0,0.0,0.0,73.85,58850000,,,,H
7217,2006/07,,losc-lille,ogc-nice,0.0,0.0,0.0,0.0,0.0,72.18,86050000,0.0,0.0,0.0,0.0,0.0,73.28,89200000,,,,H
7218,2006/07,,aj-auxerre,fc-nantes,0.0,0.0,0.0,0.0,0.0,0.0,0,0.0,0.0,0.0,0.0,0.0,69.58,54600000,,,,H
7219,2006/07,,olympique-de-marseille,toulouse-fc,0.0,0.0,0.0,0.0,0.0,73.85,58850000,0.0,0.0,0.0,0.0,0.0,68.76,60900000,,,,H
7220,2006/07,,ogc-nice,fc-lorient,0.0,0.0,0.0,0.0,0.0,73.28,89200000,0.0,0.0,0.0,0.0,0.0,70.23,70850000,,,,H
7221,2006/07,,stade-rennais,aj-auxerre,0.0,0.0,0.0,0.0,0.0,73.39,253175000,0.0,0.0,0.0,0.0,0.0,0.0,0,,,,H
7222,2006/07,,rc-lens,olympique-de-marseille,0.0,0.0,0.0,0.0,0.0,72.84,82750000,0.0,0.0,0.0,0.0,0.0,73.85,58850000,,,,D
7223,2006/07,,losc-lille,fc-lorient,0.0,0.0,0.0,0.0,0.0,72.18,86050000,0.0,0.0,0.0,0.0,0.0,70.23,70850000,,,,H
7224,2006/07,,as-monaco,toulouse-fc,0.0,0.0,0.0,0.0,0.0,73.63,257100000,0.0,0.0,0.0,0.0,0.0,68.76,60900000,,,,A
7225,2006/07,,stade-rennais,ogc-nice,0.0,0.0,0.0,0.0,0.0,73.39,253175000,0.0,0.0,0.0,0.0,0.0,73.28,89200000,,,,H
7226,2006/07,,aj-auxerre,paris-saint-germain,0.0,0.0,0.0,0.0,0.0,0.0,0,0.0,0.0,0.0,0.0,0.0,0.0,0,,,,D
7227,2006/07,,olympique-de-marseille,olympique-lyonnais,0.0,0.0,0.0,0.0,0.0,73.85,58850000,0.0,0.0,0.0,0.0,0.0,72.74,89500000,,,,A
7228,2006/07,,rc-lens,aj-auxerre,0.0,0.0,0.0,0.0,0.0,72.84,82750000,0.0,0.0,0.0,0.0,0.0,0.0,0,,,,H
7229,2006/07,,fc-nantes,as-monaco,0.0,0.0,0.0,0.0,0.0,69.58,54600000,0.0,0.0,0.0,0.0,0.0,73.63,257100000,,,,H
7230,2006/07,,paris-saint-germain,stade-rennais,0.0,0.0,0.0,0.0,0.0,0.0,0,0.0,0.0,0.0,0.0,0.0,73.39,253175000,,,,H
7231,2006/07,,ogc-nice,olympique-de-marseille,0.0,0.0,0.0,0.0,0.0,73.28,89200000,0.0,0.0,0.0,0.0,0.0,73.85,58850000,,,,H
7232,2006/07,,olympique-de-marseille,fc-lorient,0.0,0.0,0.0,0.0,0.0,73.85,58850000,0.0,0.0,0.0,0.0,0.0,70.23,70850000,,,,A
7233,2006/07,,as-monaco,ogc-nice,0.0,0.0,0.0,0.0,0.0,73.63,257100000,0.0,0.0,0.0,0.0,0.0,73.28,89200000,,,,D
7234,2006/07,,stade-rennais,olympique-lyonnais,0.0,0.0,0.0,0.0,0.0,73.39,253175000,0.0,0.0,0.0,0.0,0.0,72.74,89500000,,,,H
7235,2006/07,,paris-saint-germain,rc-lens,0.0,0.0,0.0,0.0,0.0,0.0,0,0.0,0.0,0.0,0.0,0.0,72.84,82750000,,,,A
7236,2006/07,,rc-lens,stade-rennais,0.0,0.0,0.0,0.0,0.0,72.84,82750000,0.0,0.0,0.0,0.0,0.0,73.39,253175000,,,,D
7237,2006/07,,losc-lille,olympique-de-marseille,0.0,0.0,0.0,0.0,0.0,72.18,86050000,0.0,0.0,0.0,0.0,0.0,73.85,58850000,,,,H
7238,2006/07,,rc-lens,fc-nantes,0.0,0.0,0.0,0.0,0.0,72.84,82750000,0.0,0.0,0.0,0.0,0.0,69.58,54600000,,,,H
7239,2006/07,,as-monaco,fc-lorient,0.0,0.0,0.0,0.0,0.0,73.63,257100000,0.0,0.0,0.0,0.0,0.0,70.23,70850000,,,,D
7240,2006/07,,aj-auxerre,toulouse-fc,0.0,0.0,0.0,0.0,0.0,0.0,0,0.0,0.0,0.0,0.0,0.0,68.76,60900000,,,,H
7241,2006/07,,losc-lille,as-monaco,0.0,0.0,0.0,0.0,0.0,72.18,86050000,0.0,0.0,0.0,0.0,0.0,73.63,257100000,,,,D
7242,2006/07,,toulouse-fc,stade-rennais,0.0,0.0,0.0,0.0,0.0,68.76,60900000,0.0,0.0,0.0,0.0,0.0,73.39,253175000,,,,H
7243,2006/07,,olympique-lyonnais,aj-auxerre,0.0,0.0,0.0,0.0,0.0,72.74,89500000,0.0,0.0,0.0,0.0,0.0,0.0,0,,,,H
7244,2006/07,,fc-nantes,paris-saint-germain,0.0,0.0,0.0,0.0,0.0,69.58,54600000,0.0,0.0,0.0,0.0,0.0,0.0,0,,,,D
7245,2006/07,,aj-auxerre,ogc-nice,0.0,0.0,0.0,0.0,0.0,0.0,0,0.0,0.0,0.0,0.0,0.0,73.28,89200000,,,,D
7246,2006/07,,stade-rennais,fc-nantes,0.0,0.0,0.0,0.0,0.0,73.39,253175000,0.0,0.0,0.0,0.0,0.0,69.58,54600000,,,,H
7247,2006/07,,olympique-de-marseille,as-monaco,0.0,0.0,0.0,0.0,0.0,73.85,58850000,0.0,0.0,0.0,0.0,0.0,73.63,257100000,,,,H
7248,2006/07,,toulouse-fc,rc-lens,0.0,0.0,0.0,0.0,0.0,68.76,60900000,0.0,0.0,0.0,0.0,0.0,72.84,82750000,,,,A
7249,2006/07,,olympique-lyonnais,paris-saint-germain,0.0,0.0,0.0,0.0,0.0,72.74,89500000,0.0,0.0,0.0,0.0,0.0,0.0,0,,,,H
7250,2006/07,,aj-auxerre,fc-lorient,0.0,0.0,0.0,0.0,0.0,0.0,0,0.0,0.0,0.0,0.0,0.0,70.23,70850000,,,,H
7251,2006/07,,rc-lens,olympique-lyonnais,0.0,0.0,0.0,0.0,0.0,72.84,82750000,0.0,0.0,0.0,0.0,0.0,72.74,89500000,,,,A
7252,2006/07,,paris-saint-germain,ogc-nice,0.0,0.0,0.0,0.0,0.0,0.0,0,0.0,0.0,0.0,0.0,0.0,73.28,89200000,,,,D
7253,2006/07,,losc-lille,aj-auxerre,0.0,0.0,0.0,0.0,0.0,72.18,86050000,0.0,0.0,0.0,0.0,0.0,0.0,0,,,,D
7254,2006/07,,fc-lorient,stade-rennais,0.0,0.0,0.0,0.0,0.0,70.23,70850000,0.0,0.0,0.0,0.0,0.0,73.39,253175000,,,,D
7255,2006/07,,olympique-lyonnais,as-monaco,0.0,0.0,0.0,0.0,0.0,72.74,89500000,0.0,0.0,0.0,0.0,0.0,73.63,257100000,,,,D
7256,2006/07,,ogc-nice,rc-lens,0.0,0.0,0.0,0.0,0.0,73.28,89200000,0.0,0.0,0.0,0.0,0.0,72.84,82750000,,,,A
7257,2006/07,,toulouse-fc,fc-nantes,0.0,0.0,0.0,0.0,0.0,68.76,60900000,0.0,0.0,0.0,0.0,0.0,69.58,54600000,,,,A
7258,2006/07,,rc-lens,losc-lille,0.0,0.0,0.0,0.0,0.0,72.84,82750000,0.0,0.0,0.0,0.0,0.0,72.18,86050000,,,,D
7259,2006/07,,fc-nantes,ogc-nice,0.0,0.0,0.0,0.0,0.0,69.58,54600000,0.0,0.0,0.0,0.0,0.0,73.28,89200000,,,,H
7260,2006/07,,toulouse-fc,olympique-lyonnais,0.0,0.0,0.0,0.0,0.0,68.76,60900000,0.0,0.0,0.0,0.0,0.0,72.74,89500000,,,,H
7261,2006/07,,stade-rennais,olympique-de-marseille,0.0,0.0,0.0,0.0,0.0,73.39,253175000,0.0,0.0,0.0,0.0,0.0,73.85,58850000,,,,A
7262,2006/07,,paris-saint-germain,toulouse-fc,0.0,0.0,0.0,0.0,0.0,0.0,0,0.0,0.0,0.0,0.0,0.0,68.76,60900000,,,,D
7263,2006/07,,losc-lille,paris-saint-germain,0.0,0.0,0.0,0.0,0.0,72.18,86050000,0.0,0.0,0.0,0.0,0.0,0.0,0,,,,H
7264,2006/07,,fc-lorient,rc-lens,0.0,0.0,0.0,0.0,0.0,70.23,70850000,0.0,0.0,0.0,0.0,0.0,72.84,82750000,,,,H
7265,2006/07,,olympique-de-marseille,aj-auxerre,0.0,0.0,0.0,0.0,0.0,73.85,58850000,0.0,0.0,0.0,0.0,0.0,0.0,0,,,,H
7266,2006/07,,as-monaco,stade-rennais,0.0,0.0,0.0,0.0,0.0,73.63,257100000,0.0,0.0,0.0,0.0,0.0,73.39,253175000,,,,A
7267,2006/07,,ogc-nice,toulouse-fc,0.0,0.0,0.0,0.0,0.0,73.28,89200000,0.0,0.0,0.0,0.0,0.0,68.76,60900000,,,,A
7268,2006/07,,olympique-lyonnais,ogc-nice,0.0,0.0,0.0,0.0,0.0,72.74,89500000,0.0,0.0,0.0,0.0,0.0,73.28,89200000,,,,D
7269,2006/07,,fc-nantes,fc-lorient,0.0,0.0,0.0,0.0,0.0,69.58,54600000,0.0,0.0,0.0,0.0,0.0,70.23,70850000,,,,A
7270,2006/07,,losc-lille,fc-nantes,0.0,0.0,0.0,0.0,0.0,72.18,86050000,0.0,0.0,0.0,0.0,0.0,69.58,54600000,,,,D
7271,2006/07,,as-monaco,aj-auxerre,0.0,0.0,0.0,0.0,0.0,73.63,257100000,0.0,0.0,0.0,0.0,0.0,0.0,0,,,,H
7272,2006/07,,olympique-de-marseille,paris-saint-germain,0.0,0.0,0.0,0.0,0.0,73.85,58850000,0.0,0.0,0.0,0.0,0.0,0.0,0,,,,D
7273,2006/07,,olympique-lyonnais,fc-lorient,0.0,0.0,0.0,0.0,0.0,72.74,89500000,0.0,0.0,0.0,0.0,0.0,70.23,70850000,,,,H
7274,2006/07,,paris-saint-germain,as-monaco,0.0,0.0,0.0,0.0,0.0,0.0,0,0.0,0.0,0.0,0.0,0.0,73.63,257100000,,,,H
7275,2006/07,,toulouse-fc,losc-lille,0.0,0.0,0.0,0.0,0.0,68.76,60900000,0.0,0.0,0.0,0.0,0.0,72.18,86050000,,,,H
7276,2006/07,,losc-lille,olympique-lyonnais,0.0,0.0,0.0,0.0,0.0,72.18,86050000,0.0,0.0,0.0,0.0,0.0,72.74,89500000,,,,A
7277,2006/07,,fc-lorient,toulouse-fc,0.0,0.0,0.0,0.0,0.0,70.23,70850000,0.0,0.0,0.0,0.0,0.0,68.76,60900000,,,,A
7278,2006/07,,olympique-de-marseille,fc-nantes,0.0,0.0,0.0,0.0,0.0,73.85,58850000,0.0,0.0,0.0,0.0,0.0,69.58,54600000,,,,D
7279,2006/07,,as-monaco,rc-lens,0.0,0.0,0.0,0.0,0.0,73.63,257100000,0.0,0.0,0.0,0.0,0.0,72.84,82750000,,,,D
7280,2006/07,,fc-nantes,aj-auxerre,0.0,0.0,0.0,0.0,0.0,69.58,54600000,0.0,0.0,0.0,0.0,0.0,0.0,0,,,,D
7281,2006/07,,ogc-nice,losc-lille,0.0,0.0,0.0,0.0,0.0,73.28,89200000,0.0,0.0,0.0,0.0,0.0,72.18,86050000,,,,H
7282,2006/07,,toulouse-fc,olympique-de-marseille,0.0,0.0,0.0,0.0,0.0,68.76,60900000,0.0,0.0,0.0,0.0,0.0,73.85,58850000,,,,H
7283,2006/07,,aj-auxerre,stade-rennais,0.0,0.0,0.0,0.0,0.0,0.0,0,0.0,0.0,0.0,0.0,0.0,73.39,253175000,,,,H
7284,2006/07,,fc-lorient,ogc-nice,0.0,0.0,0.0,0.0,0.0,70.23,70850000,0.0,0.0,0.0,0.0,0.0,73.28,89200000,,,,D
7285,2006/07,,olympique-de-marseille,rc-lens,0.0,0.0,0.0,0.0,0.0,73.85,58850000,0.0,0.0,0.0,0.0,0.0,72.84,82750000,,,,A
7286,2006/07,,fc-lorient,losc-lille,0.0,0.0,0.0,0.0,0.0,70.23,70850000,0.0,0.0,0.0,0.0,0.0,72.18,86050000,,,,D
7287,2006/07,,ogc-nice,stade-rennais,0.0,0.0,0.0,0.0,0.0,73.28,89200000,0.0,0.0,0.0,0.0,0.0,73.39,253175000,,,,D
7288,2006/07,,toulouse-fc,as-monaco,0.0,0.0,0.0,0.0,0.0,68.76,60900000,0.0,0.0,0.0,0.0,0.0,73.63,257100000,,,,D
7289,2006/07,,olympique-lyonnais,olympique-de-marseille,0.0,0.0,0.0,0.0,0.0,72.74,89500000,0.0,0.0,0.0,0.0,0.0,73.85,58850000,,,,D
7290,2006/07,,paris-saint-germain,aj-auxerre,0.0,0.0,0.0,0.0,0.0,0.0,0,0.0,0.0,0.0,0.0,0.0,0.0,0,,,,A
7291,2006/07,,olympique-de-marseille,ogc-nice,0.0,0.0,0.0,0.0,0.0,73.85,58850000,0.0,0.0,0.0,0.0,0.0,73.28,89200000,,,,H
7292,2006/07,,as-monaco,fc-nantes,0.0,0.0,0.0,0.0,0.0,73.63,257100000,0.0,0.0,0.0,0.0,0.0,69.58,54600000,,,,H
7293,2006/07,,aj-auxerre,rc-lens,0.0,0.0,0.0,0.0,0.0,0.0,0,0.0,0.0,0.0,0.0,0.0,72.84,82750000,,,,H
7294,2006/07,,stade-rennais,paris-saint-germain,0.0,0.0,0.0,0.0,0.0,73.39,253175000,0.0,0.0,0.0,0.0,0.0,0.0,0,,,,H
7295,2006/07,,fc-lorient,olympique-de-marseille,0.0,0.0,0.0,0.0,0.0,70.23,70850000,0.0,0.0,0.0,0.0,0.0,73.85,58850000,,,,H
7296,2006/07,,rc-lens,paris-saint-germain,0.0,0.0,0.0,0.0,0.0,72.84,82750000,0.0,0.0,0.0,0.0,0.0,0.0,0,,,,A
7297,2006/07,,ogc-nice,as-monaco,0.0,0.0,0.0,0.0,0.0,73.28,89200000,0.0,0.0,0.0,0.0,0.0,73.63,257100000,,,,D
7298,2006/07,,stade-rennais,rc-lens,0.0,0.0,0.0,0.0,0.0,73.39,253175000,0.0,0.0,0.0,0.0,0.0,72.84,82750000,,,,H
7299,2006/07,,olympique-de-marseille,losc-lille,0.0,0.0,0.0,0.0,0.0,73.85,58850000,0.0,0.0,0.0,0.0,0.0,72.18,86050000,,,,H
7300,2006/07,,fc-lorient,as-monaco,0.0,0.0,0.0,0.0,0.0,70.23,70850000,0.0,0.0,0.0,0.0,0.0,73.63,257100000,,,,D
7301,2006/07,,fc-nantes,rc-lens,0.0,0.0,0.0,0.0,0.0,69.58,54600000,0.0,0.0,0.0,0.0,0.0,72.84,82750000,,,,D
7302,2006/07,,toulouse-fc,aj-auxerre,0.0,0.0,0.0,0.0,0.0,68.76,60900000,0.0,0.0,0.0,0.0,0.0,0.0,0,,,,H
7303,2006/07,,olympique-lyonnais,stade-rennais,0.0,0.0,0.0,0.0,0.0,72.74,89500000,0.0,0.0,0.0,0.0,0.0,73.39,253175000,,,,D
7304,2006/07,,as-monaco,losc-lille,0.0,0.0,0.0,0.0,0.0,73.63,257100000,0.0,0.0,0.0,0.0,0.0,72.18,86050000,,,,H
7305,2006/07,,paris-saint-germain,fc-nantes,0.0,0.0,0.0,0.0,0.0,0.0,0,0.0,0.0,0.0,0.0,0.0,69.58,54600000,,,,H
7306,2006/07,,stade-rennais,toulouse-fc,0.0,0.0,0.0,0.0,0.0,73.39,253175000,0.0,0.0,0.0,0.0,0.0,68.76,60900000,,,,H
7307,2006/07,,aj-auxerre,olympique-lyonnais,0.0,0.0,0.0,0.0,0.0,0.0,0,0.0,0.0,0.0,0.0,0.0,72.74,89500000,,,,D
7308,2006/07,,fc-nantes,stade-rennais,0.0,0.0,0.0,0.0,0.0,69.58,54600000,0.0,0.0,0.0,0.0,0.0,73.39,253175000,,,,A
7309,2006/07,,ogc-nice,aj-auxerre,0.0,0.0,0.0,0.0,0.0,73.28,89200000,0.0,0.0,0.0,0.0,0.0,0.0,0,,,,D
7310,2006/07,,toulouse-fc,paris-saint-germain,0.0,0.0,0.0,0.0,0.0,68.76,60900000,0.0,0.0,0.0,0.0,0.0,0.0,0,,,,A
7311,2006/07,,rc-lens,toulouse-fc,0.0,0.0,0.0,0.0,0.0,72.84,82750000,0.0,0.0,0.0,0.0,0.0,68.76,60900000,,,,H
7312,2006/07,,paris-saint-germain,olympique-lyonnais,0.0,0.0,0.0,0.0,0.0,0.0,0,0.0,0.0,0.0,0.0,0.0,72.74,89500000,,,,D
7313,2006/07,,as-monaco,olympique-de-marseille,0.0,0.0,0.0,0.0,0.0,73.63,257100000,0.0,0.0,0.0,0.0,0.0,73.85,58850000,,,,A
7314,2006/07,,fc-lorient,aj-auxerre,0.0,0.0,0.0,0.0,0.0,70.23,70850000,0.0,0.0,0.0,0.0,0.0,0.0,0,,,,H
7315,2006/07,,olympique-lyonnais,rc-lens,0.0,0.0,0.0,0.0,0.0,72.74,89500000,0.0,0.0,0.0,0.0,0.0,72.84,82750000,,,,H
7316,2006/07,,ogc-nice,paris-saint-germain,0.0,0.0,0.0,0.0,0.0,73.28,89200000,0.0,0.0,0.0,0.0,0.0,0.0,0,,,,H
7317,2006/07,,aj-auxerre,losc-lille,0.0,0.0,0.0,0.0,0.0,0.0,0,0.0,0.0,0.0,0.0,0.0,72.18,86050000,,,,H
7318,2006/07,,rc-lens,ogc-nice,0.0,0.0,0.0,0.0,0.0,72.84,82750000,0.0,0.0,0.0,0.0,0.0,73.28,89200000,,,,D
7319,2006/07,,as-monaco,olympique-lyonnais,0.0,0.0,0.0,0.0,0.0,73.63,257100000,0.0,0.0,0.0,0.0,0.0,72.74,89500000,,,,H
7320,2006/07,,fc-nantes,toulouse-fc,0.0,0.0,0.0,0.0,0.0,69.58,54600000,0.0,0.0,0.0,0.0,0.0,68.76,60900000,,,,D
7321,2006/07,,stade-rennais,fc-lorient,0.0,0.0,0.0,0.0,0.0,73.39,253175000,0.0,0.0,0.0,0.0,0.0,70.23,70850000,,,,H
7322,2006/07,,losc-lille,stade-rennais,0.0,0.0,0.0,0.0,0.0,72.18,86050000,0.0,0.0,0.0,0.0,0.0,73.39,253175000,,,,D
7323,2006/07,,fc-lorient,paris-saint-germain,0.0,0.0,0.0,0.0,0.0,70.23,70850000,0.0,0.0,0.0,0.0,0.0,0.0,0,,,,A
7324,2006/07,,olympique-lyonnais,fc-nantes,0.0,0.0,0.0,0.0,0.0,72.74,89500000,0.0,0.0,0.0,0.0,0.0,69.58,54600000,,,,H
7325,2007/08,,losc-lille,fc-lorient,0.0,0.0,0.0,0.0,0.0,72.18,86050000,0.0,0.0,0.0,0.0,0.0,70.23,70850000,,,,D
7326,2007/08,,rc-strasbourg,olympique-de-marseille,0.0,0.0,0.0,0.0,0.0,69.0,72100000,0.0,0.0,0.0,0.0,0.0,73.85,58850000,,,,D
7327,2007/08,,olympique-lyonnais,aj-auxerre,0.0,0.0,0.0,0.0,0.0,72.74,89500000,0.0,0.0,0.0,0.0,0.0,0.0,0,,,,H
7328,2007/08,,fc-lorient,as-monaco,0.0,0.0,0.0,0.0,0.0,70.23,70850000,0.0,0.0,0.0,0.0,0.0,73.63,257100000,,,,H
7329,2007/08,,olympique-de-marseille,stade-rennais,0.0,0.0,0.0,0.0,0.0,73.85,58850000,0.0,0.0,0.0,0.0,0.0,73.39,253175000,,,,D
7330,2007/08,,ogc-nice,rc-strasbourg,0.0,0.0,0.0,0.0,0.0,73.28,89200000,0.0,0.0,0.0,0.0,0.0,69.0,72100000,,,,H
7331,2007/08,,toulouse-fc,olympique-lyonnais,0.0,0.0,0.0,0.0,0.0,68.76,60900000,0.0,0.0,0.0,0.0,0.0,72.74,89500000,,,,H
7332,2007/08,,rc-lens,paris-saint-germain,0.0,0.0,0.0,0.0,0.0,72.84,82750000,0.0,0.0,0.0,0.0,0.0,0.0,0,,,,D
7333,2007/08,,fc-metz,losc-lille,0.0,0.0,0.0,0.0,0.0,67.29,41450000,0.0,0.0,0.0,0.0,0.0,72.18,86050000,,,,A
7334,2007/08,,as-monaco,fc-metz,0.0,0.0,0.0,0.0,0.0,73.63,257100000,0.0,0.0,0.0,0.0,0.0,67.29,41450000,,,,H
7335,2007/08,,paris-saint-germain,fc-lorient,0.0,0.0,0.0,0.0,0.0,0.0,0,0.0,0.0,0.0,0.0,0.0,70.23,70850000,,,,A
7336,2007/08,,rc-strasbourg,aj-auxerre,0.0,0.0,0.0,0.0,0.0,69.0,72100000,0.0,0.0,0.0,0.0,0.0,0.0,0,,,,H
7337,2007/08,,fc-lorient,olympique-lyonnais,0.0,0.0,0.0,0.0,0.0,70.23,70850000,0.0,0.0,0.0,0.0,0.0,72.74,89500000,,,,H
7338,2007/08,,fc-metz,paris-saint-germain,0.0,0.0,0.0,0.0,0.0,67.29,41450000,0.0,0.0,0.0,0.0,0.0,0.0,0,,,,D
7339,2007/08,,toulouse-fc,rc-strasbourg,0.0,0.0,0.0,0.0,0.0,68.76,60900000,0.0,0.0,0.0,0.0,0.0,69.0,72100000,,,,A
7340,2007/08,,ogc-nice,stade-rennais,0.0,0.0,0.0,0.0,0.0,73.28,89200000,0.0,0.0,0.0,0.0,0.0,73.39,253175000,,,,D
7341,2007/08,,ogc-nice,toulouse-fc,0.0,0.0,0.0,0.0,0.0,73.28,89200000,0.0,0.0,0.0,0.0,0.0,68.76,60900000,,,,D
7342,2007/08,,stade-rennais,fc-metz,0.0,0.0,0.0,0.0,0.0,73.39,253175000,0.0,0.0,0.0,0.0,0.0,67.29,41450000,,,,H
7343,2007/08,,rc-strasbourg,rc-lens,0.0,0.0,0.0,0.0,0.0,69.0,72100000,0.0,0.0,0.0,0.0,0.0,72.84,82750000,,,,H
7344,2007/08,,paris-saint-germain,losc-lille,0.0,0.0,0.0,0.0,0.0,0.0,0,0.0,0.0,0.0,0.0,0.0,72.18,86050000,,,,D
7345,2007/08,,aj-auxerre,stade-rennais,0.0,0.0,0.0,0.0,0.0,0.0,0,0.0,0.0,0.0,0.0,0.0,73.39,253175000,,,,A
7346,2007/08,,losc-lille,as-monaco,0.0,0.0,0.0,0.0,0.0,72.18,86050000,0.0,0.0,0.0,0.0,0.0,73.63,257100000,,,,A
7347,2007/08,,olympique-de-marseille,ogc-nice,0.0,0.0,0.0,0.0,0.0,73.85,58850000,0.0,0.0,0.0,0.0,0.0,73.28,89200000,,,,A
7348,2007/08,,stade-rennais,losc-lille,0.0,0.0,0.0,0.0,0.0,73.39,253175000,0.0,0.0,0.0,0.0,0.0,72.18,86050000,,,,D
7349,2007/08,,rc-strasbourg,fc-lorient,0.0,0.0,0.0,0.0,0.0,69.0,72100000,0.0,0.0,0.0,0.0,0.0,70.23,70850000,,,,D
7350,2007/08,,toulouse-fc,aj-auxerre,0.0,0.0,0.0,0.0,0.0,68.76,60900000,0.0,0.0,0.0,0.0,0.0,0.0,0,,,,H
7351,2007/08,,ogc-nice,rc-lens,0.0,0.0,0.0,0.0,0.0,73.28,89200000,0.0,0.0,0.0,0.0,0.0,72.84,82750000,,,,H
7352,2007/08,,paris-saint-germain,olympique-de-marseille,0.0,0.0,0.0,0.0,0.0,0.0,0,0.0,0.0,0.0,0.0,0.0,73.85,58850000,,,,D
7353,2007/08,,aj-auxerre,ogc-nice,0.0,0.0,0.0,0.0,0.0,0.0,0,0.0,0.0,0.0,0.0,0.0,73.28,89200000,,,,H
7354,2007/08,,olympique-de-marseille,toulouse-fc,0.0,0.0,0.0,0.0,0.0,73.85,58850000,0.0,0.0,0.0,0.0,0.0,68.76,60900000,,,,A
7355,2007/08,,fc-metz,olympique-lyonnais,0.0,0.0,0.0,0.0,0.0,67.29,41450000,0.0,0.0,0.0,0.0,0.0,72.74,89500000,,,,A
7356,2007/08,,fc-lorient,stade-rennais,0.0,0.0,0.0,0.0,0.0,70.23,70850000,0.0,0.0,0.0,0.0,0.0,73.39,253175000,,,,A
7357,2007/08,,as-monaco,paris-saint-germain,0.0,0.0,0.0,0.0,0.0,73.63,257100000,0.0,0.0,0.0,0.0,0.0,0.0,0,,,,A
7358,2007/08,,aj-auxerre,olympique-de-marseille,0.0,0.0,0.0,0.0,0.0,0.0,0,0.0,0.0,0.0,0.0,0.0,73.85,58850000,,,,H
7359,2007/08,,toulouse-fc,rc-lens,0.0,0.0,0.0,0.0,0.0,68.76,60900000,0.0,0.0,0.0,0.0,0.0,72.84,82750000,,,,D
7360,2007/08,,olympique-lyonnais,losc-lille,0.0,0.0,0.0,0.0,0.0,72.74,89500000,0.0,0.0,0.0,0.0,0.0,72.18,86050000,,,,D
7361,2007/08,,olympique-lyonnais,rc-lens,0.0,0.0,0.0,0.0,0.0,72.74,89500000,0.0,0.0,0.0,0.0,0.0,72.84,82750000,,,,H
7362,2007/08,,rc-lens,aj-auxerre,0.0,0.0,0.0,0.0,0.0,72.84,82750000,0.0,0.0,0.0,0.0,0.0,0.0,0,,,,H
7363,2007/08,,fc-metz,rc-strasbourg,0.0,0.0,0.0,0.0,0.0,67.29,41450000,0.0,0.0,0.0,0.0,0.0,69.0,72100000,,,,A
7364,2007/08,,paris-saint-germain,stade-rennais,0.0,0.0,0.0,0.0,0.0,0.0,0,0.0,0.0,0.0,0.0,0.0,73.39,253175000,,,,A
7365,2007/08,,aj-auxerre,fc-lorient,0.0,0.0,0.0,0.0,0.0,0.0,0,0.0,0.0,0.0,0.0,0.0,70.23,70850000,,,,H
7366,2007/08,,olympique-lyonnais,as-monaco,0.0,0.0,0.0,0.0,0.0,72.74,89500000,0.0,0.0,0.0,0.0,0.0,73.63,257100000,,,,H
7367,2007/08,,ogc-nice,fc-metz,0.0,0.0,0.0,0.0,0.0,73.28,89200000,0.0,0.0,0.0,0.0,0.0,67.29,41450000,,,,H
7368,2007/08,,olympique-de-marseille,rc-lens,0.0,0.0,0.0,0.0,0.0,73.85,58850000,0.0,0.0,0.0,0.0,0.0,72.84,82750000,,,,H
7369,2007/08,,losc-lille,rc-strasbourg,0.0,0.0,0.0,0.0,0.0,72.18,86050000,0.0,0.0,0.0,0.0,0.0,69.0,72100000,,,,A
7370,2007/08,,fc-lorient,ogc-nice,0.0,0.0,0.0,0.0,0.0,70.23,70850000,0.0,0.0,0.0,0.0,0.0,73.28,89200000,,,,D
7371,2007/08,,rc-lens,stade-rennais,0.0,0.0,0.0,0.0,0.0,72.84,82750000,0.0,0.0,0.0,0.0,0.0,73.39,253175000,,,,A
7372,2007/08,,paris-saint-germain,olympique-lyonnais,0.0,0.0,0.0,0.0,0.0,0.0,0,0.0,0.0,0.0,0.0,0.0,72.74,89500000,,,,A
7373,2007/08,,aj-auxerre,losc-lille,0.0,0.0,0.0,0.0,0.0,0.0,0,0.0,0.0,0.0,0.0,0.0,72.18,86050000,,,,A
7374,2007/08,,olympique-de-marseille,fc-lorient,0.0,0.0,0.0,0.0,0.0,73.85,58850000,0.0,0.0,0.0,0.0,0.0,70.23,70850000,,,,D
7375,2007/08,,stade-rennais,as-monaco,0.0,0.0,0.0,0.0,0.0,73.39,253175000,0.0,0.0,0.0,0.0,0.0,73.63,257100000,,,,A
7376,2007/08,,rc-strasbourg,paris-saint-germain,0.0,0.0,0.0,0.0,0.0,69.0,72100000,0.0,0.0,0.0,0.0,0.0,0.0,0,,,,A
7377,2007/08,,toulouse-fc,fc-metz,0.0,0.0,0.0,0.0,0.0,68.76,60900000,0.0,0.0,0.0,0.0,0.0,67.29,41450000,,,,D
7378,2007/08,,losc-lille,ogc-nice,0.0,0.0,0.0,0.0,0.0,72.18,86050000,0.0,0.0,0.0,0.0,0.0,73.28,89200000,,,,D
7379,2007/08,,fc-metz,rc-lens,0.0,0.0,0.0,0.0,0.0,67.29,41450000,0.0,0.0,0.0,0.0,0.0,72.84,82750000,,,,A
7380,2007/08,,as-monaco,rc-strasbourg,0.0,0.0,0.0,0.0,0.0,73.63,257100000,0.0,0.0,0.0,0.0,0.0,69.0,72100000,,,,H
7381,2007/08,,fc-lorient,toulouse-fc,0.0,0.0,0.0,0.0,0.0,70.23,70850000,0.0,0.0,0.0,0.0,0.0,68.76,60900000,,,,H
7382,2007/08,,olympique-lyonnais,olympique-de-marseille,0.0,0.0,0.0,0.0,0.0,72.74,89500000,0.0,0.0,0.0,0.0,0.0,73.85,58850000,,,,A
7383,2007/08,,rc-lens,fc-lorient,0.0,0.0,0.0,0.0,0.0,72.84,82750000,0.0,0.0,0.0,0.0,0.0,70.23,70850000,,,,D
7384,2007/08,,olympique-de-marseille,fc-metz,0.0,0.0,0.0,0.0,0.0,73.85,58850000,0.0,0.0,0.0,0.0,0.0,67.29,41450000,,,,H
7385,2007/08,,stade-rennais,olympique-lyonnais,0.0,0.0,0.0,0.0,0.0,73.39,253175000,0.0,0.0,0.0,0.0,0.0,72.74,89500000,,,,A
7386,2007/08,,toulouse-fc,as-monaco,0.0,0.0,0.0,0.0,0.0,68.76,60900000,0.0,0.0,0.0,0.0,0.0,73.63,257100000,,,,D
7387,2007/08,,ogc-nice,paris-saint-germain,0.0,0.0,0.0,0.0,0.0,73.28,89200000,0.0,0.0,0.0,0.0,0.0,0.0,0,,,,H
7388,2007/08,,losc-lille,olympique-de-marseille,0.0,0.0,0.0,0.0,0.0,72.18,86050000,0.0,0.0,0.0,0.0,0.0,73.85,58850000,,,,D
7389,2007/08,,fc-metz,aj-auxerre,0.0,0.0,0.0,0.0,0.0,67.29,41450000,0.0,0.0,0.0,0.0,0.0,0.0,0,,,,A
7390,2007/08,,as-monaco,ogc-nice,0.0,0.0,0.0,0.0,0.0,73.63,257100000,0.0,0.0,0.0,0.0,0.0,73.28,89200000,,,,D
7391,2007/08,,olympique-lyonnais,rc-strasbourg,0.0,0.0,0.0,0.0,0.0,72.74,89500000,0.0,0.0,0.0,0.0,0.0,69.0,72100000,,,,H
7392,2007/08,,olympique-de-marseille,as-monaco,0.0,0.0,0.0,0.0,0.0,73.85,58850000,0.0,0.0,0.0,0.0,0.0,73.63,257100000,,,,H
7393,2007/08,,rc-strasbourg,stade-rennais,0.0,0.0,0.0,0.0,0.0,69.0,72100000,0.0,0.0,0.0,0.0,0.0,73.39,253175000,,,,H
7394,2007/08,,toulouse-fc,losc-lille,0.0,0.0,0.0,0.0,0.0,68.76,60900000,0.0,0.0,0.0,0.0,0.0,72.18,86050000,,,,H
7395,2007/08,,aj-auxerre,paris-saint-germain,0.0,0.0,0.0,0.0,0.0,0.0,0,0.0,0.0,0.0,0.0,0.0,0.0,0,,,,A
7396,2007/08,,olympique-lyonnais,ogc-nice,0.0,0.0,0.0,0.0,0.0,72.74,89500000,0.0,0.0,0.0,0.0,0.0,73.28,89200000,,,,D
7397,2007/08,,as-monaco,rc-lens,0.0,0.0,0.0,0.0,0.0,73.63,257100000,0.0,0.0,0.0,0.0,0.0,72.84,82750000,,,,H
7398,2007/08,,paris-saint-germain,toulouse-fc,0.0,0.0,0.0,0.0,0.0,0.0,0,0.0,0.0,0.0,0.0,0.0,68.76,60900000,,,,A
7399,2007/08,,aj-auxerre,as-monaco,0.0,0.0,0.0,0.0,0.0,0.0,0,0.0,0.0,0.0,0.0,0.0,73.63,257100000,,,,H
7400,2007/08,,fc-lorient,fc-metz,0.0,0.0,0.0,0.0,0.0,70.23,70850000,0.0,0.0,0.0,0.0,0.0,67.29,41450000,,,,H
7401,2007/08,,toulouse-fc,stade-rennais,0.0,0.0,0.0,0.0,0.0,68.76,60900000,0.0,0.0,0.0,0.0,0.0,73.39,253175000,,,,D
7402,2007/08,,losc-lille,fc-metz,0.0,0.0,0.0,0.0,0.0,72.18,86050000,0.0,0.0,0.0,0.0,0.0,67.29,41450000,,,,D
7403,2007/08,,olympique-lyonnais,toulouse-fc,0.0,0.0,0.0,0.0,0.0,72.74,89500000,0.0,0.0,0.0,0.0,0.0,68.76,60900000,,,,H
7404,2007/08,,as-monaco,fc-lorient,0.0,0.0,0.0,0.0,0.0,73.63,257100000,0.0,0.0,0.0,0.0,0.0,70.23,70850000,,,,H
7405,2007/08,,rc-strasbourg,ogc-nice,0.0,0.0,0.0,0.0,0.0,69.0,72100000,0.0,0.0,0.0,0.0,0.0,73.28,89200000,,,,A
7406,2007/08,,paris-saint-germain,rc-lens,0.0,0.0,0.0,0.0,0.0,0.0,0,0.0,0.0,0.0,0.0,0.0,72.84,82750000,,,,H
7407,2007/08,,stade-rennais,olympique-de-marseille,0.0,0.0,0.0,0.0,0.0,73.39,253175000,0.0,0.0,0.0,0.0,0.0,73.85,58850000,,,,H
7408,2007/08,,aj-auxerre,rc-strasbourg,0.0,0.0,0.0,0.0,0.0,0.0,0,0.0,0.0,0.0,0.0,0.0,69.0,72100000,,,,D
7409,2007/08,,fc-lorient,paris-saint-germain,0.0,0.0,0.0,0.0,0.0,70.23,70850000,0.0,0.0,0.0,0.0,0.0,0.0,0,,,,H
7410,2007/08,,fc-metz,as-monaco,0.0,0.0,0.0,0.0,0.0,67.29,41450000,0.0,0.0,0.0,0.0,0.0,73.63,257100000,,,,A
7411,2007/08,,rc-lens,olympique-lyonnais,0.0,0.0,0.0,0.0,0.0,72.84,82750000,0.0,0.0,0.0,0.0,0.0,72.74,89500000,,,,H
7412,2007/08,,olympique-lyonnais,fc-lorient,0.0,0.0,0.0,0.0,0.0,72.74,89500000,0.0,0.0,0.0,0.0,0.0,70.23,70850000,,,,H
7413,2007/08,,paris-saint-germain,fc-metz,0.0,0.0,0.0,0.0,0.0,0.0,0,0.0,0.0,0.0,0.0,0.0,67.29,41450000,,,,H
7414,2007/08,,stade-rennais,ogc-nice,0.0,0.0,0.0,0.0,0.0,73.39,253175000,0.0,0.0,0.0,0.0,0.0,73.28,89200000,,,,D
7415,2007/08,,rc-strasbourg,toulouse-fc,0.0,0.0,0.0,0.0,0.0,69.0,72100000,0.0,0.0,0.0,0.0,0.0,68.76,60900000,,,,H
7416,2007/08,,rc-lens,rc-strasbourg,0.0,0.0,0.0,0.0,0.0,72.84,82750000,0.0,0.0,0.0,0.0,0.0,69.0,72100000,,,,D
7417,2007/08,,losc-lille,paris-saint-germain,0.0,0.0,0.0,0.0,0.0,72.18,86050000,0.0,0.0,0.0,0.0,0.0,0.0,0,,,,D
7418,2007/08,,fc-metz,stade-rennais,0.0,0.0,0.0,0.0,0.0,67.29,41450000,0.0,0.0,0.0,0.0,0.0,73.39,253175000,,,,D
7419,2007/08,,toulouse-fc,ogc-nice,0.0,0.0,0.0,0.0,0.0,68.76,60900000,0.0,0.0,0.0,0.0,0.0,73.28,89200000,,,,D
7420,2007/08,,as-monaco,losc-lille,0.0,0.0,0.0,0.0,0.0,73.63,257100000,0.0,0.0,0.0,0.0,0.0,72.18,86050000,,,,D
7421,2007/08,,stade-rennais,aj-auxerre,0.0,0.0,0.0,0.0,0.0,73.39,253175000,0.0,0.0,0.0,0.0,0.0,0.0,0,,,,A
7422,2007/08,,ogc-nice,olympique-de-marseille,0.0,0.0,0.0,0.0,0.0,73.28,89200000,0.0,0.0,0.0,0.0,0.0,73.85,58850000,,,,A
7423,2007/08,,aj-auxerre,toulouse-fc,0.0,0.0,0.0,0.0,0.0,0.0,0,0.0,0.0,0.0,0.0,0.0,68.76,60900000,,,,H
7424,2007/08,,rc-lens,ogc-nice,0.0,0.0,0.0,0.0,0.0,72.84,82750000,0.0,0.0,0.0,0.0,0.0,73.28,89200000,,,,D
7425,2007/08,,losc-lille,stade-rennais,0.0,0.0,0.0,0.0,0.0,72.18,86050000,0.0,0.0,0.0,0.0,0.0,73.39,253175000,,,,H
7426,2007/08,,fc-lorient,rc-strasbourg,0.0,0.0,0.0,0.0,0.0,70.23,70850000,0.0,0.0,0.0,0.0,0.0,69.0,72100000,,,,H
7427,2007/08,,olympique-de-marseille,paris-saint-germain,0.0,0.0,0.0,0.0,0.0,73.85,58850000,0.0,0.0,0.0,0.0,0.0,0.0,0,,,,H
7428,2007/08,,olympique-lyonnais,fc-metz,0.0,0.0,0.0,0.0,0.0,72.74,89500000,0.0,0.0,0.0,0.0,0.0,67.29,41450000,,,,H
7429,2007/08,,ogc-nice,aj-auxerre,0.0,0.0,0.0,0.0,0.0,73.28,89200000,0.0,0.0,0.0,0.0,0.0,0.0,0,,,,A
7430,2007/08,,paris-saint-germain,as-monaco,0.0,0.0,0.0,0.0,0.0,0.0,0,0.0,0.0,0.0,0.0,0.0,73.63,257100000,,,,D
7431,2007/08,,stade-rennais,fc-lorient,0.0,0.0,0.0,0.0,0.0,73.39,253175000,0.0,0.0,0.0,0.0,0.0,70.23,70850000,,,,H
7432,2007/08,,toulouse-fc,olympique-de-marseille,0.0,0.0,0.0,0.0,0.0,68.76,60900000,0.0,0.0,0.0,0.0,0.0,73.85,58850000,,,,D
7433,2007/08,,rc-lens,toulouse-fc,0.0,0.0,0.0,0.0,0.0,72.84,82750000,0.0,0.0,0.0,0.0,0.0,68.76,60900000,,,,D
7434,2007/08,,losc-lille,olympique-lyonnais,0.0,0.0,0.0,0.0,0.0,72.18,86050000,0.0,0.0,0.0,0.0,0.0,72.74,89500000,,,,A
7435,2007/08,,olympique-de-marseille,aj-auxerre,0.0,0.0,0.0,0.0,0.0,73.85,58850000,0.0,0.0,0.0,0.0,0.0,0.0,0,,,,H
7436,2007/08,,aj-auxerre,rc-lens,0.0,0.0,0.0,0.0,0.0,0.0,0,0.0,0.0,0.0,0.0,0.0,72.84,82750000,,,,D
7437,2007/08,,stade-rennais,paris-saint-germain,0.0,0.0,0.0,0.0,0.0,73.39,253175000,0.0,0.0,0.0,0.0,0.0,0.0,0,,,,H
7438,2007/08,,rc-strasbourg,fc-metz,0.0,0.0,0.0,0.0,0.0,69.0,72100000,0.0,0.0,0.0,0.0,0.0,67.29,41450000,,,,A
7439,2007/08,,rc-lens,losc-lille,0.0,0.0,0.0,0.0,0.0,72.84,82750000,0.0,0.0,0.0,0.0,0.0,72.18,86050000,,,,A
7440,2007/08,,fc-lorient,aj-auxerre,0.0,0.0,0.0,0.0,0.0,70.23,70850000,0.0,0.0,0.0,0.0,0.0,0.0,0,,,,D
7441,2007/08,,fc-metz,ogc-nice,0.0,0.0,0.0,0.0,0.0,67.29,41450000,0.0,0.0,0.0,0.0,0.0,73.28,89200000,,,,A
7442,2007/08,,as-monaco,olympique-lyonnais,0.0,0.0,0.0,0.0,0.0,73.63,257100000,0.0,0.0,0.0,0.0,0.0,72.74,89500000,,,,A
7443,2007/08,,rc-lens,olympique-de-marseille,0.0,0.0,0.0,0.0,0.0,72.84,82750000,0.0,0.0,0.0,0.0,0.0,73.85,58850000,,,,D
7444,2007/08,,ogc-nice,fc-lorient,0.0,0.0,0.0,0.0,0.0,73.28,89200000,0.0,0.0,0.0,0.0,0.0,70.23,70850000,,,,A
7445,2007/08,,rc-strasbourg,losc-lille,0.0,0.0,0.0,0.0,0.0,69.0,72100000,0.0,0.0,0.0,0.0,0.0,72.18,86050000,,,,A
7446,2007/08,,olympique-lyonnais,paris-saint-germain,0.0,0.0,0.0,0.0,0.0,72.74,89500000,0.0,0.0,0.0,0.0,0.0,0.0,0,,,,H
7447,2007/08,,stade-rennais,rc-lens,0.0,0.0,0.0,0.0,0.0,73.39,253175000,0.0,0.0,0.0,0.0,0.0,72.84,82750000,,,,H
7448,2007/08,,losc-lille,aj-auxerre,0.0,0.0,0.0,0.0,0.0,72.18,86050000,0.0,0.0,0.0,0.0,0.0,0.0,0,,,,A
7449,2007/08,,fc-lorient,olympique-de-marseille,0.0,0.0,0.0,0.0,0.0,70.23,70850000,0.0,0.0,0.0,0.0,0.0,73.85,58850000,,,,A
7450,2007/08,,fc-metz,toulouse-fc,0.0,0.0,0.0,0.0,0.0,67.29,41450000,0.0,0.0,0.0,0.0,0.0,68.76,60900000,,,,A
7451,2007/08,,as-monaco,stade-rennais,0.0,0.0,0.0,0.0,0.0,73.63,257100000,0.0,0.0,0.0,0.0,0.0,73.39,253175000,,,,A
7452,2007/08,,paris-saint-germain,rc-strasbourg,0.0,0.0,0.0,0.0,0.0,0.0,0,0.0,0.0,0.0,0.0,0.0,69.0,72100000,,,,H
7453,2007/08,,rc-lens,fc-metz,0.0,0.0,0.0,0.0,0.0,72.84,82750000,0.0,0.0,0.0,0.0,0.0,67.29,41450000,,,,D
7454,2007/08,,ogc-nice,losc-lille,0.0,0.0,0.0,0.0,0.0,73.28,89200000,0.0,0.0,0.0,0.0,0.0,72.18,86050000,,,,D
7455,2007/08,,rc-strasbourg,as-monaco,0.0,0.0,0.0,0.0,0.0,69.0,72100000,0.0,0.0,0.0,0.0,0.0,73.63,257100000,,,,A
7456,2007/08,,toulouse-fc,fc-lorient,0.0,0.0,0.0,0.0,0.0,68.76,60900000,0.0,0.0,0.0,0.0,0.0,70.23,70850000,,,,D
7457,2007/08,,olympique-de-marseille,olympique-lyonnais,0.0,0.0,0.0,0.0,0.0,73.85,58850000,0.0,0.0,0.0,0.0,0.0,72.74,89500000,,,,H
7458,2007/08,,fc-lorient,rc-lens,0.0,0.0,0.0,0.0,0.0,70.23,70850000,0.0,0.0,0.0,0.0,0.0,72.84,82750000,,,,H
7459,2007/08,,olympique-lyonnais,stade-rennais,0.0,0.0,0.0,0.0,0.0,72.74,89500000,0.0,0.0,0.0,0.0,0.0,73.39,253175000,,,,D
7460,2007/08,,fc-metz,olympique-de-marseille,0.0,0.0,0.0,0.0,0.0,67.29,41450000,0.0,0.0,0.0,0.0,0.0,73.85,58850000,,,,A
7461,2007/08,,as-monaco,toulouse-fc,0.0,0.0,0.0,0.0,0.0,73.63,257100000,0.0,0.0,0.0,0.0,0.0,68.76,60900000,,,,A
7462,2007/08,,paris-saint-germain,ogc-nice,0.0,0.0,0.0,0.0,0.0,0.0,0,0.0,0.0,0.0,0.0,0.0,73.28,89200000,,,,A
7463,2007/08,,aj-auxerre,fc-metz,0.0,0.0,0.0,0.0,0.0,0.0,0,0.0,0.0,0.0,0.0,0.0,67.29,41450000,,,,D
7464,2007/08,,ogc-nice,as-monaco,0.0,0.0,0.0,0.0,0.0,73.28,89200000,0.0,0.0,0.0,0.0,0.0,73.63,257100000,,,,A
7465,2007/08,,rc-strasbourg,olympique-lyonnais,0.0,0.0,0.0,0.0,0.0,69.0,72100000,0.0,0.0,0.0,0.0,0.0,72.74,89500000,,,,A
7466,2007/08,,olympique-de-marseille,losc-lille,0.0,0.0,0.0,0.0,0.0,73.85,58850000,0.0,0.0,0.0,0.0,0.0,72.18,86050000,,,,A
7467,2007/08,,losc-lille,toulouse-fc,0.0,0.0,0.0,0.0,0.0,72.18,86050000,0.0,0.0,0.0,0.0,0.0,68.76,60900000,,,,H
7468,2007/08,,paris-saint-germain,aj-auxerre,0.0,0.0,0.0,0.0,0.0,0.0,0,0.0,0.0,0.0,0.0,0.0,0.0,0,,,,H
7469,2007/08,,stade-rennais,rc-strasbourg,0.0,0.0,0.0,0.0,0.0,73.39,253175000,0.0,0.0,0.0,0.0,0.0,69.0,72100000,,,,H
7470,2007/08,,as-monaco,olympique-de-marseille,0.0,0.0,0.0,0.0,0.0,73.63,257100000,0.0,0.0,0.0,0.0,0.0,73.85,58850000,,,,A
7471,2007/08,,rc-lens,as-monaco,0.0,0.0,0.0,0.0,0.0,72.84,82750000,0.0,0.0,0.0,0.0,0.0,73.63,257100000,,,,D
7472,2007/08,,ogc-nice,olympique-lyonnais,0.0,0.0,0.0,0.0,0.0,73.28,89200000,0.0,0.0,0.0,0.0,0.0,72.74,89500000,,,,D
7473,2007/08,,toulouse-fc,paris-saint-germain,0.0,0.0,0.0,0.0,0.0,68.76,60900000,0.0,0.0,0.0,0.0,0.0,0.0,0,,,,D
7474,2007/08,,losc-lille,rc-lens,0.0,0.0,0.0,0.0,0.0,72.18,86050000,0.0,0.0,0.0,0.0,0.0,72.84,82750000,,,,H
7475,2007/08,,fc-metz,fc-lorient,0.0,0.0,0.0,0.0,0.0,67.29,41450000,0.0,0.0,0.0,0.0,0.0,70.23,70850000,,,,A
7476,2007/08,,as-monaco,aj-auxerre,0.0,0.0,0.0,0.0,0.0,73.63,257100000,0.0,0.0,0.0,0.0,0.0,0.0,0,,,,H
7477,2007/08,,stade-rennais,toulouse-fc,0.0,0.0,0.0,0.0,0.0,73.39,253175000,0.0,0.0,0.0,0.0,0.0,68.76,60900000,,,,H
7478,2007/08,,aj-auxerre,olympique-lyonnais,0.0,0.0,0.0,0.0,0.0,0.0,0,0.0,0.0,0.0,0.0,0.0,72.74,89500000,,,,A
7479,2007/08,,fc-lorient,losc-lille,0.0,0.0,0.0,0.0,0.0,70.23,70850000,0.0,0.0,0.0,0.0,0.0,72.18,86050000,,,,D
7480,2007/08,,olympique-de-marseille,rc-strasbourg,0.0,0.0,0.0,0.0,0.0,73.85,58850000,0.0,0.0,0.0,0.0,0.0,69.0,72100000,,,,H
7481,2008/09,,aj-auxerre,fc-nantes,0.0,0.0,0.0,0.0,0.0,0.0,0,0.0,0.0,0.0,0.0,0.0,69.58,54600000,,,,H
7482,2008/09,,as-monaco,paris-saint-germain,0.0,0.0,0.0,0.0,0.0,73.63,257100000,0.0,0.0,0.0,0.0,0.0,0.0,0,,,,H
7483,2008/09,,stade-rennais,olympique-de-marseille,0.0,0.0,0.0,0.0,0.0,73.39,253175000,0.0,0.0,0.0,0.0,0.0,73.85,58850000,,,,D
7484,2008/09,,olympique-lyonnais,toulouse-fc,0.0,0.0,0.0,0.0,0.0,72.74,89500000,0.0,0.0,0.0,0.0,0.0,68.76,60900000,,,,H
7485,2008/09,,fc-nantes,as-monaco,0.0,0.0,0.0,0.0,0.0,69.58,54600000,0.0,0.0,0.0,0.0,0.0,73.63,257100000,,,,D
7486,2008/09,,fc-lorient,olympique-lyonnais,0.0,0.0,0.0,0.0,0.0,70.23,70850000,0.0,0.0,0.0,0.0,0.0,72.74,89500000,,,,D
7487,2008/09,,olympique-de-marseille,aj-auxerre,0.0,0.0,0.0,0.0,0.0,73.85,58850000,0.0,0.0,0.0,0.0,0.0,0.0,0,,,,H
7488,2008/09,,aj-auxerre,ogc-nice,0.0,0.0,0.0,0.0,0.0,0.0,0,0.0,0.0,0.0,0.0,0.0,73.28,89200000,,,,A
7489,2008/09,,stade-rennais,losc-lille,0.0,0.0,0.0,0.0,0.0,73.39,253175000,0.0,0.0,0.0,0.0,0.0,72.18,86050000,,,,H
7490,2008/09,,fc-lorient,aj-auxerre,0.0,0.0,0.0,0.0,0.0,70.23,70850000,0.0,0.0,0.0,0.0,0.0,0.0,0,,,,A
7491,2008/09,,toulouse-fc,stade-rennais,0.0,0.0,0.0,0.0,0.0,68.76,60900000,0.0,0.0,0.0,0.0,0.0,73.39,253175000,,,,D
7492,2008/09,,olympique-lyonnais,ogc-nice,0.0,0.0,0.0,0.0,0.0,72.74,89500000,0.0,0.0,0.0,0.0,0.0,73.28,89200000,,,,H
7493,2008/09,,as-monaco,fc-lorient,0.0,0.0,0.0,0.0,0.0,73.63,257100000,0.0,0.0,0.0,0.0,0.0,70.23,70850000,,,,H
7494,2008/09,,paris-saint-germain,fc-nantes,0.0,0.0,0.0,0.0,0.0,0.0,0,0.0,0.0,0.0,0.0,0.0,69.58,54600000,,,,H
7495,2008/09,,losc-lille,aj-auxerre,0.0,0.0,0.0,0.0,0.0,72.18,86050000,0.0,0.0,0.0,0.0,0.0,0.0,0,,,,H
7496,2008/09,,olympique-de-marseille,as-monaco,0.0,0.0,0.0,0.0,0.0,73.85,58850000,0.0,0.0,0.0,0.0,0.0,73.63,257100000,,,,D
7497,2008/09,,stade-rennais,ogc-nice,0.0,0.0,0.0,0.0,0.0,73.39,253175000,0.0,0.0,0.0,0.0,0.0,73.28,89200000,,,,H
7498,2008/09,,as-monaco,losc-lille,0.0,0.0,0.0,0.0,0.0,73.63,257100000,0.0,0.0,0.0,0.0,0.0,72.18,86050000,,,,A
7499,2008/09,,toulouse-fc,aj-auxerre,0.0,0.0,0.0,0.0,0.0,68.76,60900000,0.0,0.0,0.0,0.0,0.0,0.0,0,,,,H
7500,2008/09,,stade-rennais,olympique-lyonnais,0.0,0.0,0.0,0.0,0.0,73.39,253175000,0.0,0.0,0.0,0.0,0.0,72.74,89500000,,,,H
7501,2008/09,,olympique-lyonnais,losc-lille,0.0,0.0,0.0,0.0,0.0,72.74,89500000,0.0,0.0,0.0,0.0,0.0,72.18,86050000,,,,D
7502,2008/09,,as-monaco,ogc-nice,0.0,0.0,0.0,0.0,0.0,73.63,257100000,0.0,0.0,0.0,0.0,0.0,73.28,89200000,,,,A
7503,2008/09,,paris-saint-germain,fc-lorient,0.0,0.0,0.0,0.0,0.0,0.0,0,0.0,0.0,0.0,0.0,0.0,70.23,70850000,,,,H
7504,2008/09,,aj-auxerre,stade-rennais,0.0,0.0,0.0,0.0,0.0,0.0,0,0.0,0.0,0.0,0.0,0.0,73.39,253175000,,,,D
7505,2008/09,,aj-auxerre,olympique-lyonnais,0.0,0.0,0.0,0.0,0.0,0.0,0,0.0,0.0,0.0,0.0,0.0,72.74,89500000,,,,D
7506,2008/09,,fc-lorient,fc-nantes,0.0,0.0,0.0,0.0,0.0,70.23,70850000,0.0,0.0,0.0,0.0,0.0,69.58,54600000,,,,H
7507,2008/09,,toulouse-fc,as-monaco,0.0,0.0,0.0,0.0,0.0,68.76,60900000,0.0,0.0,0.0,0.0,0.0,73.63,257100000,,,,D
7508,2008/09,,olympique-de-marseille,paris-saint-germain,0.0,0.0,0.0,0.0,0.0,73.85,58850000,0.0,0.0,0.0,0.0,0.0,0.0,0,,,,A
7509,2008/09,,fc-nantes,olympique-de-marseille,0.0,0.0,0.0,0.0,0.0,69.58,54600000,0.0,0.0,0.0,0.0,0.0,73.85,58850000,,,,D
7510,2008/09,,paris-saint-germain,toulouse-fc,0.0,0.0,0.0,0.0,0.0,0.0,0,0.0,0.0,0.0,0.0,0.0,68.76,60900000,,,,A
7511,2008/09,,losc-lille,fc-nantes,0.0,0.0,0.0,0.0,0.0,72.18,86050000,0.0,0.0,0.0,0.0,0.0,69.58,54600000,,,,H
7512,2008/09,,ogc-nice,paris-saint-germain,0.0,0.0,0.0,0.0,0.0,73.28,89200000,0.0,0.0,0.0,0.0,0.0,0.0,0,,,,H
7513,2008/09,,fc-lorient,ogc-nice,0.0,0.0,0.0,0.0,0.0,70.23,70850000,0.0,0.0,0.0,0.0,0.0,73.28,89200000,,,,A
7514,2008/09,,as-monaco,olympique-lyonnais,0.0,0.0,0.0,0.0,0.0,73.63,257100000,0.0,0.0,0.0,0.0,0.0,72.74,89500000,,,,A
7515,2008/09,,fc-nantes,toulouse-fc,0.0,0.0,0.0,0.0,0.0,69.58,54600000,0.0,0.0,0.0,0.0,0.0,68.76,60900000,,,,D
7516,2008/09,,paris-saint-germain,losc-lille,0.0,0.0,0.0,0.0,0.0,0.0,0,0.0,0.0,0.0,0.0,0.0,72.18,86050000,,,,H
7517,2008/09,,olympique-de-marseille,fc-lorient,0.0,0.0,0.0,0.0,0.0,73.85,58850000,0.0,0.0,0.0,0.0,0.0,70.23,70850000,,,,A
7518,2008/09,,ogc-nice,fc-nantes,0.0,0.0,0.0,0.0,0.0,73.28,89200000,0.0,0.0,0.0,0.0,0.0,69.58,54600000,,,,H
7519,2008/09,,stade-rennais,as-monaco,0.0,0.0,0.0,0.0,0.0,73.39,253175000,0.0,0.0,0.0,0.0,0.0,73.63,257100000,,,,H
7520,2008/09,,fc-lorient,toulouse-fc,0.0,0.0,0.0,0.0,0.0,70.23,70850000,0.0,0.0,0.0,0.0,0.0,68.76,60900000,,,,H
7521,2008/09,,paris-saint-germain,olympique-lyonnais,0.0,0.0,0.0,0.0,0.0,0.0,0,0.0,0.0,0.0,0.0,0.0,72.74,89500000,,,,H
7522,2008/09,,olympique-de-marseille,losc-lille,0.0,0.0,0.0,0.0,0.0,73.85,58850000,0.0,0.0,0.0,0.0,0.0,72.18,86050000,,,,D
7523,2008/09,,aj-auxerre,as-monaco,0.0,0.0,0.0,0.0,0.0,0.0,0,0.0,0.0,0.0,0.0,0.0,73.63,257100000,,,,A
7524,2008/09,,losc-lille,fc-lorient,0.0,0.0,0.0,0.0,0.0,72.18,86050000,0.0,0.0,0.0,0.0,0.0,70.23,70850000,,,,D
7525,2008/09,,stade-rennais,paris-saint-germain,0.0,0.0,0.0,0.0,0.0,73.39,253175000,0.0,0.0,0.0,0.0,0.0,0.0,0,,,,H
7526,2008/09,,toulouse-fc,olympique-de-marseille,0.0,0.0,0.0,0.0,0.0,68.76,60900000,0.0,0.0,0.0,0.0,0.0,73.85,58850000,,,,D
7527,2008/09,,losc-lille,toulouse-fc,0.0,0.0,0.0,0.0,0.0,72.18,86050000,0.0,0.0,0.0,0.0,0.0,68.76,60900000,,,,D
7528,2008/09,,olympique-de-marseille,ogc-nice,0.0,0.0,0.0,0.0,0.0,73.85,58850000,0.0,0.0,0.0,0.0,0.0,73.28,89200000,,,,H
7529,2008/09,,fc-nantes,olympique-lyonnais,0.0,0.0,0.0,0.0,0.0,69.58,54600000,0.0,0.0,0.0,0.0,0.0,72.74,89500000,,,,H
7530,2008/09,,aj-auxerre,paris-saint-germain,0.0,0.0,0.0,0.0,0.0,0.0,0,0.0,0.0,0.0,0.0,0.0,0.0,0,,,,A
7531,2008/09,,stade-rennais,fc-nantes,0.0,0.0,0.0,0.0,0.0,73.39,253175000,0.0,0.0,0.0,0.0,0.0,69.58,54600000,,,,D
7532,2008/09,,olympique-lyonnais,olympique-de-marseille,0.0,0.0,0.0,0.0,0.0,72.74,89500000,0.0,0.0,0.0,0.0,0.0,73.85,58850000,,,,D
7533,2008/09,,ogc-nice,losc-lille,0.0,0.0,0.0,0.0,0.0,73.28,89200000,0.0,0.0,0.0,0.0,0.0,72.18,86050000,,,,A
7534,2008/09,,fc-lorient,stade-rennais,0.0,0.0,0.0,0.0,0.0,70.23,70850000,0.0,0.0,0.0,0.0,0.0,73.39,253175000,,,,A
7535,2008/09,,toulouse-fc,ogc-nice,0.0,0.0,0.0,0.0,0.0,68.76,60900000,0.0,0.0,0.0,0.0,0.0,73.28,89200000,,,,D
7536,2008/09,,aj-auxerre,olympique-de-marseille,0.0,0.0,0.0,0.0,0.0,0.0,0,0.0,0.0,0.0,0.0,0.0,73.85,58850000,,,,A
7537,2008/09,,olympique-lyonnais,fc-lorient,0.0,0.0,0.0,0.0,0.0,72.74,89500000,0.0,0.0,0.0,0.0,0.0,70.23,70850000,,,,D
7538,2008/09,,as-monaco,fc-nantes,0.0,0.0,0.0,0.0,0.0,73.63,257100000,0.0,0.0,0.0,0.0,0.0,69.58,54600000,,,,A
7539,2008/09,,ogc-nice,aj-auxerre,0.0,0.0,0.0,0.0,0.0,73.28,89200000,0.0,0.0,0.0,0.0,0.0,0.0,0,,,,H
7540,2008/09,,losc-lille,stade-rennais,0.0,0.0,0.0,0.0,0.0,72.18,86050000,0.0,0.0,0.0,0.0,0.0,73.39,253175000,,,,H
7541,2008/09,,aj-auxerre,fc-lorient,0.0,0.0,0.0,0.0,0.0,0.0,0,0.0,0.0,0.0,0.0,0.0,70.23,70850000,,,,D
7542,2008/09,,stade-rennais,toulouse-fc,0.0,0.0,0.0,0.0,0.0,73.39,253175000,0.0,0.0,0.0,0.0,0.0,68.76,60900000,,,,D
7543,2008/09,,fc-lorient,as-monaco,0.0,0.0,0.0,0.0,0.0,70.23,70850000,0.0,0.0,0.0,0.0,0.0,73.63,257100000,,,,D
7544,2008/09,,fc-nantes,paris-saint-germain,0.0,0.0,0.0,0.0,0.0,69.58,54600000,0.0,0.0,0.0,0.0,0.0,0.0,0,,,,A
7545,2008/09,,ogc-nice,olympique-lyonnais,0.0,0.0,0.0,0.0,0.0,73.28,89200000,0.0,0.0,0.0,0.0,0.0,72.74,89500000,,,,A
7546,2008/09,,aj-auxerre,losc-lille,0.0,0.0,0.0,0.0,0.0,0.0,0,0.0,0.0,0.0,0.0,0.0,72.18,86050000,,,,H
7547,2008/09,,as-monaco,olympique-de-marseille,0.0,0.0,0.0,0.0,0.0,73.63,257100000,0.0,0.0,0.0,0.0,0.0,73.85,58850000,,,,A
7548,2008/09,,ogc-nice,stade-rennais,0.0,0.0,0.0,0.0,0.0,73.28,89200000,0.0,0.0,0.0,0.0,0.0,73.39,253175000,,,,A
7549,2008/09,,losc-lille,as-monaco,0.0,0.0,0.0,0.0,0.0,72.18,86050000,0.0,0.0,0.0,0.0,0.0,73.63,257100000,,,,H
7550,2008/09,,aj-auxerre,toulouse-fc,0.0,0.0,0.0,0.0,0.0,0.0,0,0.0,0.0,0.0,0.0,0.0,68.76,60900000,,,,D
7551,2008/09,,olympique-lyonnais,stade-rennais,0.0,0.0,0.0,0.0,0.0,72.74,89500000,0.0,0.0,0.0,0.0,0.0,73.39,253175000,,,,D
7552,2008/09,,losc-lille,olympique-lyonnais,0.0,0.0,0.0,0.0,0.0,72.18,86050000,0.0,0.0,0.0,0.0,0.0,72.74,89500000,,,,H
7553,2008/09,,fc-lorient,paris-saint-germain,0.0,0.0,0.0,0.0,0.0,70.23,70850000,0.0,0.0,0.0,0.0,0.0,0.0,0,,,,A
7554,2008/09,,ogc-nice,as-monaco,0.0,0.0,0.0,0.0,0.0,73.28,89200000,0.0,0.0,0.0,0.0,0.0,73.63,257100000,,,,D
7555,2008/09,,stade-rennais,aj-auxerre,0.0,0.0,0.0,0.0,0.0,73.39,253175000,0.0,0.0,0.0,0.0,0.0,0.0,0,,,,H
7556,2008/09,,as-monaco,toulouse-fc,0.0,0.0,0.0,0.0,0.0,73.63,257100000,0.0,0.0,0.0,0.0,0.0,68.76,60900000,,,,H
7557,2008/09,,fc-nantes,fc-lorient,0.0,0.0,0.0,0.0,0.0,69.58,54600000,0.0,0.0,0.0,0.0,0.0,70.23,70850000,,,,D
7558,2008/09,,olympique-lyonnais,aj-auxerre,0.0,0.0,0.0,0.0,0.0,72.74,89500000,0.0,0.0,0.0,0.0,0.0,0.0,0,,,,A
7559,2008/09,,paris-saint-germain,olympique-de-marseille,0.0,0.0,0.0,0.0,0.0,0.0,0,0.0,0.0,0.0,0.0,0.0,73.85,58850000,,,,A
7560,2008/09,,olympique-de-marseille,fc-nantes,0.0,0.0,0.0,0.0,0.0,73.85,58850000,0.0,0.0,0.0,0.0,0.0,69.58,54600000,,,,H
7561,2008/09,,toulouse-fc,paris-saint-germain,0.0,0.0,0.0,0.0,0.0,68.76,60900000,0.0,0.0,0.0,0.0,0.0,0.0,0,,,,H
7562,2008/09,,fc-nantes,losc-lille,0.0,0.0,0.0,0.0,0.0,69.58,54600000,0.0,0.0,0.0,0.0,0.0,72.18,86050000,,,,A
7563,2008/09,,paris-saint-germain,ogc-nice,0.0,0.0,0.0,0.0,0.0,0.0,0,0.0,0.0,0.0,0.0,0.0,73.28,89200000,,,,H
7564,2008/09,,ogc-nice,fc-lorient,0.0,0.0,0.0,0.0,0.0,73.28,89200000,0.0,0.0,0.0,0.0,0.0,70.23,70850000,,,,H
7565,2008/09,,toulouse-fc,fc-nantes,0.0,0.0,0.0,0.0,0.0,68.76,60900000,0.0,0.0,0.0,0.0,0.0,69.58,54600000,,,,H
7566,2008/09,,losc-lille,paris-saint-germain,0.0,0.0,0.0,0.0,0.0,72.18,86050000,0.0,0.0,0.0,0.0,0.0,0.0,0,,,,D
7567,2008/09,,olympique-lyonnais,as-monaco,0.0,0.0,0.0,0.0,0.0,72.74,89500000,0.0,0.0,0.0,0.0,0.0,73.63,257100000,,,,D
7568,2008/09,,as-monaco,stade-rennais,0.0,0.0,0.0,0.0,0.0,73.63,257100000,0.0,0.0,0.0,0.0,0.0,73.39,253175000,,,,H
7569,2008/09,,fc-nantes,ogc-nice,0.0,0.0,0.0,0.0,0.0,69.58,54600000,0.0,0.0,0.0,0.0,0.0,73.28,89200000,,,,H
7570,2008/09,,fc-lorient,olympique-de-marseille,0.0,0.0,0.0,0.0,0.0,70.23,70850000,0.0,0.0,0.0,0.0,0.0,73.85,58850000,,,,A
7571,2008/09,,olympique-lyonnais,paris-saint-germain,0.0,0.0,0.0,0.0,0.0,72.74,89500000,0.0,0.0,0.0,0.0,0.0,0.0,0,,,,D
7572,2008/09,,losc-lille,olympique-de-marseille,0.0,0.0,0.0,0.0,0.0,72.18,86050000,0.0,0.0,0.0,0.0,0.0,73.85,58850000,,,,A
7573,2008/09,,toulouse-fc,fc-lorient,0.0,0.0,0.0,0.0,0.0,68.76,60900000,0.0,0.0,0.0,0.0,0.0,70.23,70850000,,,,D
7574,2008/09,,fc-lorient,losc-lille,0.0,0.0,0.0,0.0,0.0,70.23,70850000,0.0,0.0,0.0,0.0,0.0,72.18,86050000,,,,H
7575,2008/09,,olympique-de-marseille,toulouse-fc,0.0,0.0,0.0,0.0,0.0,73.85,58850000,0.0,0.0,0.0,0.0,0.0,68.76,60900000,,,,D
7576,2008/09,,as-monaco,aj-auxerre,0.0,0.0,0.0,0.0,0.0,73.63,257100000,0.0,0.0,0.0,0.0,0.0,0.0,0,,,,A
7577,2008/09,,paris-saint-germain,stade-rennais,0.0,0.0,0.0,0.0,0.0,0.0,0,0.0,0.0,0.0,0.0,0.0,73.39,253175000,,,,A
7578,2008/09,,olympique-lyonnais,fc-nantes,0.0,0.0,0.0,0.0,0.0,72.74,89500000,0.0,0.0,0.0,0.0,0.0,69.58,54600000,,,,H
7579,2008/09,,ogc-nice,olympique-de-marseille,0.0,0.0,0.0,0.0,0.0,73.28,89200000,0.0,0.0,0.0,0.0,0.0,73.85,58850000,,,,A
7580,2008/09,,toulouse-fc,losc-lille,0.0,0.0,0.0,0.0,0.0,68.76,60900000,0.0,0.0,0.0,0.0,0.0,72.18,86050000,,,,D
7581,2008/09,,paris-saint-germain,aj-auxerre,0.0,0.0,0.0,0.0,0.0,0.0,0,0.0,0.0,0.0,0.0,0.0,0.0,0,,,,A
7582,2008/09,,losc-lille,ogc-nice,0.0,0.0,0.0,0.0,0.0,72.18,86050000,0.0,0.0,0.0,0.0,0.0,73.28,89200000,,,,D
7583,2008/09,,olympique-de-marseille,olympique-lyonnais,0.0,0.0,0.0,0.0,0.0,73.85,58850000,0.0,0.0,0.0,0.0,0.0,72.74,89500000,,,,A
7584,2008/09,,fc-nantes,stade-rennais,0.0,0.0,0.0,0.0,0.0,69.58,54600000,0.0,0.0,0.0,0.0,0.0,73.39,253175000,,,,D
7585,2008/09,,ogc-nice,toulouse-fc,0.0,0.0,0.0,0.0,0.0,73.28,89200000,0.0,0.0,0.0,0.0,0.0,68.76,60900000,,,,A
7586,2008/09,,stade-rennais,fc-lorient,0.0,0.0,0.0,0.0,0.0,73.39,253175000,0.0,0.0,0.0,0.0,0.0,70.23,70850000,,,,H
7587,2008/09,,olympique-de-marseille,stade-rennais,0.0,0.0,0.0,0.0,0.0,73.85,58850000,0.0,0.0,0.0,0.0,0.0,73.39,253175000,,,,H
7588,2008/09,,fc-nantes,aj-auxerre,0.0,0.0,0.0,0.0,0.0,69.58,54600000,0.0,0.0,0.0,0.0,0.0,0.0,0,,,,H
7589,2008/09,,paris-saint-germain,as-monaco,0.0,0.0,0.0,0.0,0.0,0.0,0,0.0,0.0,0.0,0.0,0.0,73.63,257100000,,,,D
7590,2008/09,,toulouse-fc,olympique-lyonnais,0.0,0.0,0.0,0.0,0.0,68.76,60900000,0.0,0.0,0.0,0.0,0.0,72.74,89500000,,,,D
7591,2009/10,,as-monaco,toulouse-fc,0.0,0.0,0.0,0.0,0.0,73.63,257100000,0.0,0.0,0.0,0.0,0.0,68.76,60900000,,,,H
7592,2009/10,,losc-lille,fc-lorient,0.0,0.0,0.0,0.0,0.0,72.18,86050000,0.0,0.0,0.0,0.0,0.0,70.23,70850000,,,,A
7593,2009/10,,rc-lens,aj-auxerre,0.0,0.0,0.0,0.0,0.0,72.84,82750000,0.0,0.0,0.0,0.0,0.0,0.0,0,,,,H
7594,2009/10,,olympique-de-marseille,losc-lille,0.0,0.0,0.0,0.0,0.0,73.85,58850000,0.0,0.0,0.0,0.0,0.0,72.18,86050000,,,,H
7595,2009/10,,ogc-nice,stade-rennais,0.0,0.0,0.0,0.0,0.0,73.28,89200000,0.0,0.0,0.0,0.0,0.0,73.39,253175000,,,,D
7596,2009/10,,aj-auxerre,olympique-lyonnais,0.0,0.0,0.0,0.0,0.0,0.0,0,0.0,0.0,0.0,0.0,0.0,72.74,89500000,,,,A
7597,2009/10,,as-monaco,fc-lorient,0.0,0.0,0.0,0.0,0.0,73.63,257100000,0.0,0.0,0.0,0.0,0.0,70.23,70850000,,,,H
7598,2009/10,,stade-rennais,olympique-de-marseille,0.0,0.0,0.0,0.0,0.0,73.39,253175000,0.0,0.0,0.0,0.0,0.0,73.85,58850000,,,,D
7599,2009/10,,losc-lille,toulouse-fc,0.0,0.0,0.0,0.0,0.0,72.18,86050000,0.0,0.0,0.0,0.0,0.0,68.76,60900000,,,,D
7600,2009/10,,rc-lens,stade-rennais,0.0,0.0,0.0,0.0,0.0,72.84,82750000,0.0,0.0,0.0,0.0,0.0,73.39,253175000,,,,D
7601,2009/10,,paris-saint-germain,losc-lille,0.0,0.0,0.0,0.0,0.0,0.0,0,0.0,0.0,0.0,0.0,0.0,72.18,86050000,,,,H
7602,2009/10,,olympique-lyonnais,fc-lorient,0.0,0.0,0.0,0.0,0.0,72.74,89500000,0.0,0.0,0.0,0.0,0.0,70.23,70850000,,,,H
7603,2009/10,,aj-auxerre,ogc-nice,0.0,0.0,0.0,0.0,0.0,0.0,0,0.0,0.0,0.0,0.0,0.0,73.28,89200000,,,,H
7604,2009/10,,as-monaco,paris-saint-germain,0.0,0.0,0.0,0.0,0.0,73.63,257100000,0.0,0.0,0.0,0.0,0.0,0.0,0,,,,H
7605,2009/10,,ogc-nice,as-monaco,0.0,0.0,0.0,0.0,0.0,73.28,89200000,0.0,0.0,0.0,0.0,0.0,73.63,257100000,,,,A
7606,2009/10,,rc-lens,losc-lille,0.0,0.0,0.0,0.0,0.0,72.84,82750000,0.0,0.0,0.0,0.0,0.0,72.18,86050000,,,,D
7607,2009/10,,paris-saint-germain,olympique-lyonnais,0.0,0.0,0.0,0.0,0.0,0.0,0,0.0,0.0,0.0,0.0,0.0,72.74,89500000,,,,D
7608,2009/10,,fc-lorient,paris-saint-germain,0.0,0.0,0.0,0.0,0.0,70.23,70850000,0.0,0.0,0.0,0.0,0.0,0.0,0,,,,D
7609,2009/10,,olympique-lyonnais,toulouse-fc,0.0,0.0,0.0,0.0,0.0,72.74,89500000,0.0,0.0,0.0,0.0,0.0,68.76,60900000,,,,H
7610,2009/10,,losc-lille,ogc-nice,0.0,0.0,0.0,0.0,0.0,72.18,86050000,0.0,0.0,0.0,0.0,0.0,73.28,89200000,,,,D
7611,2009/10,,rc-lens,olympique-lyonnais,0.0,0.0,0.0,0.0,0.0,72.84,82750000,0.0,0.0,0.0,0.0,0.0,72.74,89500000,,,,A
7612,2009/10,,stade-rennais,aj-auxerre,0.0,0.0,0.0,0.0,0.0,73.39,253175000,0.0,0.0,0.0,0.0,0.0,0.0,0,,,,A
7613,2009/10,,olympique-de-marseille,as-monaco,0.0,0.0,0.0,0.0,0.0,73.85,58850000,0.0,0.0,0.0,0.0,0.0,73.63,257100000,,,,A
7614,2009/10,,toulouse-fc,fc-lorient,0.0,0.0,0.0,0.0,0.0,68.76,60900000,0.0,0.0,0.0,0.0,0.0,70.23,70850000,,,,A
7615,2009/10,,losc-lille,stade-rennais,0.0,0.0,0.0,0.0,0.0,72.18,86050000,0.0,0.0,0.0,0.0,0.0,73.39,253175000,,,,D
7616,2009/10,,fc-lorient,ogc-nice,0.0,0.0,0.0,0.0,0.0,70.23,70850000,0.0,0.0,0.0,0.0,0.0,73.28,89200000,,,,H
7617,2009/10,,as-monaco,rc-lens,0.0,0.0,0.0,0.0,0.0,73.63,257100000,0.0,0.0,0.0,0.0,0.0,72.84,82750000,,,,H
7618,2009/10,,toulouse-fc,paris-saint-germain,0.0,0.0,0.0,0.0,0.0,68.76,60900000,0.0,0.0,0.0,0.0,0.0,0.0,0,,,,H
7619,2009/10,,ogc-nice,olympique-lyonnais,0.0,0.0,0.0,0.0,0.0,73.28,89200000,0.0,0.0,0.0,0.0,0.0,72.74,89500000,,,,H
7620,2009/10,,aj-auxerre,losc-lille,0.0,0.0,0.0,0.0,0.0,0.0,0,0.0,0.0,0.0,0.0,0.0,72.18,86050000,,,,H
7621,2009/10,,rc-lens,toulouse-fc,0.0,0.0,0.0,0.0,0.0,72.84,82750000,0.0,0.0,0.0,0.0,0.0,68.76,60900000,,,,A
7622,2009/10,,rc-lens,fc-lorient,0.0,0.0,0.0,0.0,0.0,72.84,82750000,0.0,0.0,0.0,0.0,0.0,70.23,70850000,,,,D
7623,2009/10,,olympique-de-marseille,toulouse-fc,0.0,0.0,0.0,0.0,0.0,73.85,58850000,0.0,0.0,0.0,0.0,0.0,68.76,60900000,,,,D
7624,2009/10,,paris-saint-germain,ogc-nice,0.0,0.0,0.0,0.0,0.0,0.0,0,0.0,0.0,0.0,0.0,0.0,73.28,89200000,,,,A
7625,2009/10,,olympique-lyonnais,olympique-de-marseille,0.0,0.0,0.0,0.0,0.0,72.74,89500000,0.0,0.0,0.0,0.0,0.0,73.85,58850000,,,,D
7626,2009/10,,toulouse-fc,stade-rennais,0.0,0.0,0.0,0.0,0.0,68.76,60900000,0.0,0.0,0.0,0.0,0.0,73.39,253175000,,,,H
7627,2009/10,,olympique-de-marseille,paris-saint-germain,0.0,0.0,0.0,0.0,0.0,73.85,58850000,0.0,0.0,0.0,0.0,0.0,0.0,0,,,,H
7628,2009/10,,aj-auxerre,as-monaco,0.0,0.0,0.0,0.0,0.0,0.0,0,0.0,0.0,0.0,0.0,0.0,73.63,257100000,,,,H
7629,2009/10,,ogc-nice,toulouse-fc,0.0,0.0,0.0,0.0,0.0,73.28,89200000,0.0,0.0,0.0,0.0,0.0,68.76,60900000,,,,H
7630,2009/10,,rc-lens,olympique-de-marseille,0.0,0.0,0.0,0.0,0.0,72.84,82750000,0.0,0.0,0.0,0.0,0.0,73.85,58850000,,,,H
7631,2009/10,,paris-saint-germain,aj-auxerre,0.0,0.0,0.0,0.0,0.0,0.0,0,0.0,0.0,0.0,0.0,0.0,0.0,0,,,,H
7632,2009/10,,olympique-lyonnais,stade-rennais,0.0,0.0,0.0,0.0,0.0,72.74,89500000,0.0,0.0,0.0,0.0,0.0,73.39,253175000,,,,D
7633,2009/10,,ogc-nice,olympique-de-marseille,0.0,0.0,0.0,0.0,0.0,73.28,89200000,0.0,0.0,0.0,0.0,0.0,73.85,58850000,,,,A
7634,2009/10,,stade-rennais,fc-lorient,0.0,0.0,0.0,0.0,0.0,73.39,253175000,0.0,0.0,0.0,0.0,0.0,70.23,70850000,,,,H
7635,2009/10,,losc-lille,olympique-lyonnais,0.0,0.0,0.0,0.0,0.0,72.18,86050000,0.0,0.0,0.0,0.0,0.0,72.74,89500000,,,,H
7636,2009/10,,rc-lens,ogc-nice,0.0,0.0,0.0,0.0,0.0,72.84,82750000,0.0,0.0,0.0,0.0,0.0,73.28,89200000,,,,H
7637,2009/10,,fc-lorient,aj-auxerre,0.0,0.0,0.0,0.0,0.0,70.23,70850000,0.0,0.0,0.0,0.0,0.0,0.0,0,,,,D
7638,2009/10,,as-monaco,losc-lille,0.0,0.0,0.0,0.0,0.0,73.63,257100000,0.0,0.0,0.0,0.0,0.0,72.18,86050000,,,,A
7639,2009/10,,fc-lorient,olympique-de-marseille,0.0,0.0,0.0,0.0,0.0,70.23,70850000,0.0,0.0,0.0,0.0,0.0,73.85,58850000,,,,A
7640,2009/10,,as-monaco,stade-rennais,0.0,0.0,0.0,0.0,0.0,73.63,257100000,0.0,0.0,0.0,0.0,0.0,73.39,253175000,,,,H
7641,2009/10,,paris-saint-germain,rc-lens,0.0,0.0,0.0,0.0,0.0,0.0,0,0.0,0.0,0.0,0.0,0.0,72.84,82750000,,,,D
7642,2009/10,,stade-rennais,paris-saint-germain,0.0,0.0,0.0,0.0,0.0,73.39,253175000,0.0,0.0,0.0,0.0,0.0,0.0,0,,,,H
7643,2009/10,,aj-auxerre,toulouse-fc,0.0,0.0,0.0,0.0,0.0,0.0,0,0.0,0.0,0.0,0.0,0.0,68.76,60900000,,,,D
7644,2009/10,,as-monaco,olympique-lyonnais,0.0,0.0,0.0,0.0,0.0,73.63,257100000,0.0,0.0,0.0,0.0,0.0,72.74,89500000,,,,D
7645,2009/10,,olympique-de-marseille,aj-auxerre,0.0,0.0,0.0,0.0,0.0,73.85,58850000,0.0,0.0,0.0,0.0,0.0,0.0,0,,,,A
7646,2009/10,,losc-lille,paris-saint-germain,0.0,0.0,0.0,0.0,0.0,72.18,86050000,0.0,0.0,0.0,0.0,0.0,0.0,0,,,,H
7647,2009/10,,stade-rennais,rc-lens,0.0,0.0,0.0,0.0,0.0,73.39,253175000,0.0,0.0,0.0,0.0,0.0,72.84,82750000,,,,D
7648,2009/10,,fc-lorient,olympique-lyonnais,0.0,0.0,0.0,0.0,0.0,70.23,70850000,0.0,0.0,0.0,0.0,0.0,72.74,89500000,,,,A
7649,2009/10,,ogc-nice,aj-auxerre,0.0,0.0,0.0,0.0,0.0,73.28,89200000,0.0,0.0,0.0,0.0,0.0,0.0,0,,,,A
7650,2009/10,,paris-saint-germain,as-monaco,0.0,0.0,0.0,0.0,0.0,0.0,0,0.0,0.0,0.0,0.0,0.0,73.63,257100000,,,,A
7651,2009/10,,losc-lille,rc-lens,0.0,0.0,0.0,0.0,0.0,72.18,86050000,0.0,0.0,0.0,0.0,0.0,72.84,82750000,,,,H
7652,2009/10,,as-monaco,ogc-nice,0.0,0.0,0.0,0.0,0.0,73.63,257100000,0.0,0.0,0.0,0.0,0.0,73.28,89200000,,,,H
7653,2009/10,,olympique-lyonnais,paris-saint-germain,0.0,0.0,0.0,0.0,0.0,72.74,89500000,0.0,0.0,0.0,0.0,0.0,0.0,0,,,,H
7654,2009/10,,ogc-nice,losc-lille,0.0,0.0,0.0,0.0,0.0,73.28,89200000,0.0,0.0,0.0,0.0,0.0,72.18,86050000,,,,D
7655,2009/10,,paris-saint-germain,fc-lorient,0.0,0.0,0.0,0.0,0.0,0.0,0,0.0,0.0,0.0,0.0,0.0,70.23,70850000,,,,A
7656,2009/10,,toulouse-fc,olympique-lyonnais,0.0,0.0,0.0,0.0,0.0,68.76,60900000,0.0,0.0,0.0,0.0,0.0,72.74,89500000,,,,D
7657,2009/10,,olympique-lyonnais,rc-lens,0.0,0.0,0.0,0.0,0.0,72.74,89500000,0.0,0.0,0.0,0.0,0.0,72.84,82750000,,,,H
7658,2009/10,,as-monaco,olympique-de-marseille,0.0,0.0,0.0,0.0,0.0,73.63,257100000,0.0,0.0,0.0,0.0,0.0,73.85,58850000,,,,A
7659,2009/10,,aj-auxerre,stade-rennais,0.0,0.0,0.0,0.0,0.0,0.0,0,0.0,0.0,0.0,0.0,0.0,73.39,253175000,,,,H
7660,2009/10,,fc-lorient,toulouse-fc,0.0,0.0,0.0,0.0,0.0,70.23,70850000,0.0,0.0,0.0,0.0,0.0,68.76,60900000,,,,D
7661,2009/10,,rc-lens,as-monaco,0.0,0.0,0.0,0.0,0.0,72.84,82750000,0.0,0.0,0.0,0.0,0.0,73.63,257100000,,,,H
7662,2009/10,,ogc-nice,fc-lorient,0.0,0.0,0.0,0.0,0.0,73.28,89200000,0.0,0.0,0.0,0.0,0.0,70.23,70850000,,,,H
7663,2009/10,,paris-saint-germain,toulouse-fc,0.0,0.0,0.0,0.0,0.0,0.0,0,0.0,0.0,0.0,0.0,0.0,68.76,60900000,,,,H
7664,2009/10,,stade-rennais,losc-lille,0.0,0.0,0.0,0.0,0.0,73.39,253175000,0.0,0.0,0.0,0.0,0.0,72.18,86050000,,,,A
7665,2009/10,,olympique-lyonnais,ogc-nice,0.0,0.0,0.0,0.0,0.0,72.74,89500000,0.0,0.0,0.0,0.0,0.0,73.28,89200000,,,,H
7666,2009/10,,toulouse-fc,rc-lens,0.0,0.0,0.0,0.0,0.0,68.76,60900000,0.0,0.0,0.0,0.0,0.0,72.84,82750000,,,,H
7667,2009/10,,losc-lille,aj-auxerre,0.0,0.0,0.0,0.0,0.0,72.18,86050000,0.0,0.0,0.0,0.0,0.0,0.0,0,,,,A
7668,2009/10,,paris-saint-germain,olympique-de-marseille,0.0,0.0,0.0,0.0,0.0,0.0,0,0.0,0.0,0.0,0.0,0.0,73.85,58850000,,,,A
7669,2009/10,,rc-lens,paris-saint-germain,0.0,0.0,0.0,0.0,0.0,72.84,82750000,0.0,0.0,0.0,0.0,0.0,0.0,0,,,,D
7670,2009/10,,stade-rennais,as-monaco,0.0,0.0,0.0,0.0,0.0,73.39,253175000,0.0,0.0,0.0,0.0,0.0,73.63,257100000,,,,H
7671,2009/10,,olympique-de-marseille,fc-lorient,0.0,0.0,0.0,0.0,0.0,73.85,58850000,0.0,0.0,0.0,0.0,0.0,70.23,70850000,,,,D
7672,2009/10,,fc-lorient,rc-lens,0.0,0.0,0.0,0.0,0.0,70.23,70850000,0.0,0.0,0.0,0.0,0.0,72.84,82750000,,,,H
7673,2009/10,,toulouse-fc,olympique-de-marseille,0.0,0.0,0.0,0.0,0.0,68.76,60900000,0.0,0.0,0.0,0.0,0.0,73.85,58850000,,,,D
7674,2009/10,,ogc-nice,paris-saint-germain,0.0,0.0,0.0,0.0,0.0,73.28,89200000,0.0,0.0,0.0,0.0,0.0,0.0,0,,,,H
7675,2009/10,,stade-rennais,toulouse-fc,0.0,0.0,0.0,0.0,0.0,73.39,253175000,0.0,0.0,0.0,0.0,0.0,68.76,60900000,,,,H
7676,2009/10,,olympique-de-marseille,olympique-lyonnais,0.0,0.0,0.0,0.0,0.0,73.85,58850000,0.0,0.0,0.0,0.0,0.0,72.74,89500000,,,,H
7677,2009/10,,toulouse-fc,ogc-nice,0.0,0.0,0.0,0.0,0.0,68.76,60900000,0.0,0.0,0.0,0.0,0.0,73.28,89200000,,,,A
7678,2009/10,,as-monaco,aj-auxerre,0.0,0.0,0.0,0.0,0.0,73.63,257100000,0.0,0.0,0.0,0.0,0.0,0.0,0,,,,D
7679,2009/10,,stade-rennais,olympique-lyonnais,0.0,0.0,0.0,0.0,0.0,73.39,253175000,0.0,0.0,0.0,0.0,0.0,72.74,89500000,,,,A
7680,2009/10,,aj-auxerre,paris-saint-germain,0.0,0.0,0.0,0.0,0.0,0.0,0,0.0,0.0,0.0,0.0,0.0,0.0,0,,,,D
7681,2009/10,,olympique-de-marseille,rc-lens,0.0,0.0,0.0,0.0,0.0,73.85,58850000,0.0,0.0,0.0,0.0,0.0,72.84,82750000,,,,H
7682,2009/10,,fc-lorient,stade-rennais,0.0,0.0,0.0,0.0,0.0,70.23,70850000,0.0,0.0,0.0,0.0,0.0,73.39,253175000,,,,D
7683,2009/10,,olympique-lyonnais,losc-lille,0.0,0.0,0.0,0.0,0.0,72.74,89500000,0.0,0.0,0.0,0.0,0.0,72.18,86050000,,,,D
7684,2009/10,,olympique-de-marseille,ogc-nice,0.0,0.0,0.0,0.0,0.0,73.85,58850000,0.0,0.0,0.0,0.0,0.0,73.28,89200000,,,,H
7685,2009/10,,aj-auxerre,fc-lorient,0.0,0.0,0.0,0.0,0.0,0.0,0,0.0,0.0,0.0,0.0,0.0,70.23,70850000,,,,H
7686,2009/10,,ogc-nice,rc-lens,0.0,0.0,0.0,0.0,0.0,73.28,89200000,0.0,0.0,0.0,0.0,0.0,72.84,82750000,,,,D
7687,2009/10,,losc-lille,as-monaco,0.0,0.0,0.0,0.0,0.0,72.18,86050000,0.0,0.0,0.0,0.0,0.0,73.63,257100000,,,,H
7688,2009/10,,paris-saint-germain,stade-rennais,0.0,0.0,0.0,0.0,0.0,0.0,0,0.0,0.0,0.0,0.0,0.0,73.39,253175000,,,,D
7689,2009/10,,toulouse-fc,aj-auxerre,0.0,0.0,0.0,0.0,0.0,68.76,60900000,0.0,0.0,0.0,0.0,0.0,0.0,0,,,,A
7690,2009/10,,aj-auxerre,olympique-de-marseille,0.0,0.0,0.0,0.0,0.0,0.0,0,0.0,0.0,0.0,0.0,0.0,73.85,58850000,,,,D
7691,2009/10,,fc-lorient,as-monaco,0.0,0.0,0.0,0.0,0.0,70.23,70850000,0.0,0.0,0.0,0.0,0.0,73.63,257100000,,,,D
7692,2009/10,,olympique-lyonnais,aj-auxerre,0.0,0.0,0.0,0.0,0.0,72.74,89500000,0.0,0.0,0.0,0.0,0.0,0.0,0,,,,H
7693,2009/10,,olympique-de-marseille,stade-rennais,0.0,0.0,0.0,0.0,0.0,73.85,58850000,0.0,0.0,0.0,0.0,0.0,73.39,253175000,,,,H
7694,2009/10,,toulouse-fc,losc-lille,0.0,0.0,0.0,0.0,0.0,68.76,60900000,0.0,0.0,0.0,0.0,0.0,72.18,86050000,,,,A
7695,2009/10,,aj-auxerre,rc-lens,0.0,0.0,0.0,0.0,0.0,0.0,0,0.0,0.0,0.0,0.0,0.0,72.84,82750000,,,,D
7696,2009/10,,losc-lille,olympique-de-marseille,0.0,0.0,0.0,0.0,0.0,72.18,86050000,0.0,0.0,0.0,0.0,0.0,73.85,58850000,,,,H
7697,2009/10,,stade-rennais,ogc-nice,0.0,0.0,0.0,0.0,0.0,73.39,253175000,0.0,0.0,0.0,0.0,0.0,73.28,89200000,,,,D
7698,2009/10,,olympique-lyonnais,as-monaco,0.0,0.0,0.0,0.0,0.0,72.74,89500000,0.0,0.0,0.0,0.0,0.0,73.63,257100000,,,,H
7699,2009/10,,fc-lorient,losc-lille,0.0,0.0,0.0,0.0,0.0,70.23,70850000,0.0,0.0,0.0,0.0,0.0,72.18,86050000,,,,H
7700,2009/10,,toulouse-fc,as-monaco,0.0,0.0,0.0,0.0,0.0,68.76,60900000,0.0,0.0,0.0,0.0,0.0,73.63,257100000,,,,D
7701,2010/11,,aj-auxerre,fc-lorient,0.0,0.0,0.0,0.0,0.0,0.0,0,0.0,0.0,0.0,0.0,0.0,70.23,70850000,,,,D
7702,2010/11,,olympique-lyonnais,as-monaco,0.0,0.0,0.0,0.0,0.0,72.74,89500000,0.0,0.0,0.0,0.0,0.0,73.63,257100000,,,,D
7703,2010/11,,stade-rennais,losc-lille,0.0,0.0,0.0,0.0,0.0,73.39,253175000,0.0,0.0,0.0,0.0,0.0,72.18,86050000,,,,D
7704,2010/11,,toulouse-fc,stade-brestois-29,0.0,0.0,0.0,0.0,0.0,68.76,60900000,0.0,0.0,0.0,0.0,0.0,70.61,86650000,,,,H
7705,2010/11,,stade-brestois-29,aj-auxerre,0.0,0.0,0.0,0.0,0.0,70.61,86650000,0.0,0.0,0.0,0.0,0.0,0.0,0,,,,D
7706,2010/11,,losc-lille,paris-saint-germain,0.0,0.0,0.0,0.0,0.0,72.18,86050000,0.0,0.0,0.0,0.0,0.0,0.0,0,,,,D
7707,2010/11,,fc-lorient,ogc-nice,0.0,0.0,0.0,0.0,0.0,70.23,70850000,0.0,0.0,0.0,0.0,0.0,73.28,89200000,,,,A
7708,2010/11,,rc-lens,as-monaco,0.0,0.0,0.0,0.0,0.0,72.84,82750000,0.0,0.0,0.0,0.0,0.0,73.63,257100000,,,,D
7709,2010/11,,olympique-lyonnais,stade-brestois-29,0.0,0.0,0.0,0.0,0.0,72.74,89500000,0.0,0.0,0.0,0.0,0.0,70.61,86650000,,,,H
7710,2010/11,,olympique-de-marseille,fc-lorient,0.0,0.0,0.0,0.0,0.0,73.85,58850000,0.0,0.0,0.0,0.0,0.0,70.23,70850000,,,,H
7711,2010/11,,fc-lorient,olympique-lyonnais,0.0,0.0,0.0,0.0,0.0,70.23,70850000,0.0,0.0,0.0,0.0,0.0,72.74,89500000,,,,H
7712,2010/11,,losc-lille,ogc-nice,0.0,0.0,0.0,0.0,0.0,72.18,86050000,0.0,0.0,0.0,0.0,0.0,73.28,89200000,,,,D
7713,2010/11,,as-monaco,aj-auxerre,0.0,0.0,0.0,0.0,0.0,73.63,257100000,0.0,0.0,0.0,0.0,0.0,0.0,0,,,,H
7714,2010/11,,rc-lens,losc-lille,0.0,0.0,0.0,0.0,0.0,72.84,82750000,0.0,0.0,0.0,0.0,0.0,72.18,86050000,,,,A
7715,2010/11,,stade-brestois-29,fc-lorient,0.0,0.0,0.0,0.0,0.0,70.61,86650000,0.0,0.0,0.0,0.0,0.0,70.23,70850000,,,,D
7716,2010/11,,olympique-de-marseille,as-monaco,0.0,0.0,0.0,0.0,0.0,73.85,58850000,0.0,0.0,0.0,0.0,0.0,73.63,257100000,,,,D
7717,2010/11,,as-monaco,toulouse-fc,0.0,0.0,0.0,0.0,0.0,73.63,257100000,0.0,0.0,0.0,0.0,0.0,68.76,60900000,,,,D
7718,2010/11,,losc-lille,aj-auxerre,0.0,0.0,0.0,0.0,0.0,72.18,86050000,0.0,0.0,0.0,0.0,0.0,0.0,0,,,,H
7719,2010/11,,paris-saint-germain,stade-rennais,0.0,0.0,0.0,0.0,0.0,0.0,0,0.0,0.0,0.0,0.0,0.0,73.39,253175000,,,,D
7720,2010/11,,fc-lorient,as-monaco,0.0,0.0,0.0,0.0,0.0,70.23,70850000,0.0,0.0,0.0,0.0,0.0,73.63,257100000,,,,H
7721,2010/11,,ogc-nice,stade-rennais,0.0,0.0,0.0,0.0,0.0,73.28,89200000,0.0,0.0,0.0,0.0,0.0,73.39,253175000,,,,A
7722,2010/11,,rc-lens,paris-saint-germain,0.0,0.0,0.0,0.0,0.0,72.84,82750000,0.0,0.0,0.0,0.0,0.0,0.0,0,,,,A
7723,2010/11,,toulouse-fc,losc-lille,0.0,0.0,0.0,0.0,0.0,68.76,60900000,0.0,0.0,0.0,0.0,0.0,72.18,86050000,,,,D
7724,2010/11,,as-monaco,stade-brestois-29,0.0,0.0,0.0,0.0,0.0,73.63,257100000,0.0,0.0,0.0,0.0,0.0,70.61,86650000,,,,A
7725,2010/11,,paris-saint-germain,ogc-nice,0.0,0.0,0.0,0.0,0.0,0.0,0,0.0,0.0,0.0,0.0,0.0,73.28,89200000,,,,D
7726,2010/11,,stade-rennais,toulouse-fc,0.0,0.0,0.0,0.0,0.0,73.39,253175000,0.0,0.0,0.0,0.0,0.0,68.76,60900000,,,,H
7727,2010/11,,toulouse-fc,paris-saint-germain,0.0,0.0,0.0,0.0,0.0,68.76,60900000,0.0,0.0,0.0,0.0,0.0,0.0,0,,,,A
7728,2010/11,,rc-lens,stade-rennais,0.0,0.0,0.0,0.0,0.0,72.84,82750000,0.0,0.0,0.0,0.0,0.0,73.39,253175000,,,,D
7729,2010/11,,olympique-lyonnais,losc-lille,0.0,0.0,0.0,0.0,0.0,72.74,89500000,0.0,0.0,0.0,0.0,0.0,72.18,86050000,,,,H
7730,2010/11,,rc-lens,ogc-nice,0.0,0.0,0.0,0.0,0.0,72.84,82750000,0.0,0.0,0.0,0.0,0.0,73.28,89200000,,,,H
7731,2010/11,,losc-lille,olympique-de-marseille,0.0,0.0,0.0,0.0,0.0,72.18,86050000,0.0,0.0,0.0,0.0,0.0,73.85,58850000,,,,A
7732,2010/11,,paris-saint-germain,aj-auxerre,0.0,0.0,0.0,0.0,0.0,0.0,0,0.0,0.0,0.0,0.0,0.0,0.0,0,,,,A
7733,2010/11,,aj-auxerre,ogc-nice,0.0,0.0,0.0,0.0,0.0,0.0,0,0.0,0.0,0.0,0.0,0.0,73.28,89200000,,,,H
7734,2010/11,,toulouse-fc,rc-lens,0.0,0.0,0.0,0.0,0.0,68.76,60900000,0.0,0.0,0.0,0.0,0.0,72.84,82750000,,,,D
7735,2010/11,,stade-rennais,olympique-lyonnais,0.0,0.0,0.0,0.0,0.0,73.39,253175000,0.0,0.0,0.0,0.0,0.0,72.74,89500000,,,,D
7736,2010/11,,losc-lille,stade-brestois-29,0.0,0.0,0.0,0.0,0.0,72.18,86050000,0.0,0.0,0.0,0.0,0.0,70.61,86650000,,,,H
7737,2010/11,,ogc-nice,toulouse-fc,0.0,0.0,0.0,0.0,0.0,73.28,89200000,0.0,0.0,0.0,0.0,0.0,68.76,60900000,,,,H
7738,2010/11,,paris-saint-germain,olympique-de-marseille,0.0,0.0,0.0,0.0,0.0,0.0,0,0.0,0.0,0.0,0.0,0.0,73.85,58850000,,,,H
7739,2010/11,,olympique-de-marseille,rc-lens,0.0,0.0,0.0,0.0,0.0,73.85,58850000,0.0,0.0,0.0,0.0,0.0,72.84,82750000,,,,D
7740,2010/11,,aj-auxerre,stade-rennais,0.0,0.0,0.0,0.0,0.0,0.0,0,0.0,0.0,0.0,0.0,0.0,73.39,253175000,,,,H
7741,2010/11,,fc-lorient,paris-saint-germain,0.0,0.0,0.0,0.0,0.0,70.23,70850000,0.0,0.0,0.0,0.0,0.0,0.0,0,,,,D
7742,2010/11,,olympique-lyonnais,ogc-nice,0.0,0.0,0.0,0.0,0.0,72.74,89500000,0.0,0.0,0.0,0.0,0.0,73.28,89200000,,,,H
7743,2010/11,,stade-rennais,stade-brestois-29,0.0,0.0,0.0,0.0,0.0,73.39,253175000,0.0,0.0,0.0,0.0,0.0,70.61,86650000,,,,H
7744,2010/11,,toulouse-fc,olympique-de-marseille,0.0,0.0,0.0,0.0,0.0,68.76,60900000,0.0,0.0,0.0,0.0,0.0,73.85,58850000,,,,A
7745,2010/11,,rc-lens,olympique-lyonnais,0.0,0.0,0.0,0.0,0.0,72.84,82750000,0.0,0.0,0.0,0.0,0.0,72.74,89500000,,,,A
7746,2010/11,,losc-lille,as-monaco,0.0,0.0,0.0,0.0,0.0,72.18,86050000,0.0,0.0,0.0,0.0,0.0,73.63,257100000,,,,H
7747,2010/11,,fc-lorient,stade-rennais,0.0,0.0,0.0,0.0,0.0,70.23,70850000,0.0,0.0,0.0,0.0,0.0,73.39,253175000,,,,H
7748,2010/11,,as-monaco,ogc-nice,0.0,0.0,0.0,0.0,0.0,73.63,257100000,0.0,0.0,0.0,0.0,0.0,73.28,89200000,,,,D
7749,2010/11,,aj-auxerre,toulouse-fc,0.0,0.0,0.0,0.0,0.0,0.0,0,0.0,0.0,0.0,0.0,0.0,68.76,60900000,,,,A
7750,2010/11,,olympique-lyonnais,paris-saint-germain,0.0,0.0,0.0,0.0,0.0,72.74,89500000,0.0,0.0,0.0,0.0,0.0,0.0,0,,,,D
7751,2010/11,,stade-brestois-29,rc-lens,0.0,0.0,0.0,0.0,0.0,70.61,86650000,0.0,0.0,0.0,0.0,0.0,72.84,82750000,,,,H
7752,2010/11,,olympique-de-marseille,stade-rennais,0.0,0.0,0.0,0.0,0.0,73.85,58850000,0.0,0.0,0.0,0.0,0.0,73.39,253175000,,,,D
7753,2010/11,,rc-lens,aj-auxerre,0.0,0.0,0.0,0.0,0.0,72.84,82750000,0.0,0.0,0.0,0.0,0.0,0.0,0,,,,D
7754,2010/11,,losc-lille,fc-lorient,0.0,0.0,0.0,0.0,0.0,72.18,86050000,0.0,0.0,0.0,0.0,0.0,70.23,70850000,,,,H
7755,2010/11,,stade-rennais,as-monaco,0.0,0.0,0.0,0.0,0.0,73.39,253175000,0.0,0.0,0.0,0.0,0.0,73.63,257100000,,,,H
7756,2010/11,,ogc-nice,olympique-de-marseille,0.0,0.0,0.0,0.0,0.0,73.28,89200000,0.0,0.0,0.0,0.0,0.0,73.85,58850000,,,,H
7757,2010/11,,paris-saint-germain,stade-brestois-29,0.0,0.0,0.0,0.0,0.0,0.0,0,0.0,0.0,0.0,0.0,0.0,70.61,86650000,,,,H
7758,2010/11,,aj-auxerre,olympique-de-marseille,0.0,0.0,0.0,0.0,0.0,0.0,0,0.0,0.0,0.0,0.0,0.0,73.85,58850000,,,,D
7759,2010/11,,fc-lorient,rc-lens,0.0,0.0,0.0,0.0,0.0,70.23,70850000,0.0,0.0,0.0,0.0,0.0,72.84,82750000,,,,H
7760,2010/11,,olympique-lyonnais,toulouse-fc,0.0,0.0,0.0,0.0,0.0,72.74,89500000,0.0,0.0,0.0,0.0,0.0,68.76,60900000,,,,H
7761,2010/11,,ogc-nice,stade-brestois-29,0.0,0.0,0.0,0.0,0.0,73.28,89200000,0.0,0.0,0.0,0.0,0.0,70.61,86650000,,,,D
7762,2010/11,,paris-saint-germain,as-monaco,0.0,0.0,0.0,0.0,0.0,0.0,0,0.0,0.0,0.0,0.0,0.0,73.63,257100000,,,,D
7763,2010/11,,toulouse-fc,fc-lorient,0.0,0.0,0.0,0.0,0.0,68.76,60900000,0.0,0.0,0.0,0.0,0.0,70.23,70850000,,,,H
7764,2010/11,,olympique-de-marseille,olympique-lyonnais,0.0,0.0,0.0,0.0,0.0,73.85,58850000,0.0,0.0,0.0,0.0,0.0,72.74,89500000,,,,D
7765,2010/11,,stade-brestois-29,olympique-de-marseille,0.0,0.0,0.0,0.0,0.0,70.61,86650000,0.0,0.0,0.0,0.0,0.0,73.85,58850000,,,,D
7766,2010/11,,olympique-lyonnais,aj-auxerre,0.0,0.0,0.0,0.0,0.0,72.74,89500000,0.0,0.0,0.0,0.0,0.0,0.0,0,,,,D
7767,2010/11,,aj-auxerre,as-monaco,0.0,0.0,0.0,0.0,0.0,0.0,0,0.0,0.0,0.0,0.0,0.0,73.63,257100000,,,,D
7768,2010/11,,olympique-lyonnais,fc-lorient,0.0,0.0,0.0,0.0,0.0,72.74,89500000,0.0,0.0,0.0,0.0,0.0,70.23,70850000,,,,H
7769,2010/11,,ogc-nice,losc-lille,0.0,0.0,0.0,0.0,0.0,73.28,89200000,0.0,0.0,0.0,0.0,0.0,72.18,86050000,,,,A
7770,2010/11,,losc-lille,rc-lens,0.0,0.0,0.0,0.0,0.0,72.18,86050000,0.0,0.0,0.0,0.0,0.0,72.84,82750000,,,,H
7771,2010/11,,fc-lorient,stade-brestois-29,0.0,0.0,0.0,0.0,0.0,70.23,70850000,0.0,0.0,0.0,0.0,0.0,70.61,86650000,,,,H
7772,2010/11,,as-monaco,olympique-de-marseille,0.0,0.0,0.0,0.0,0.0,73.63,257100000,0.0,0.0,0.0,0.0,0.0,73.85,58850000,,,,D
7773,2010/11,,stade-rennais,paris-saint-germain,0.0,0.0,0.0,0.0,0.0,73.39,253175000,0.0,0.0,0.0,0.0,0.0,0.0,0,,,,H
7774,2010/11,,aj-auxerre,losc-lille,0.0,0.0,0.0,0.0,0.0,0.0,0,0.0,0.0,0.0,0.0,0.0,72.18,86050000,,,,D
7775,2010/11,,toulouse-fc,as-monaco,0.0,0.0,0.0,0.0,0.0,68.76,60900000,0.0,0.0,0.0,0.0,0.0,73.63,257100000,,,,H
7776,2010/11,,as-monaco,fc-lorient,0.0,0.0,0.0,0.0,0.0,73.63,257100000,0.0,0.0,0.0,0.0,0.0,70.23,70850000,,,,H
7777,2010/11,,paris-saint-germain,rc-lens,0.0,0.0,0.0,0.0,0.0,0.0,0,0.0,0.0,0.0,0.0,0.0,72.84,82750000,,,,D
7778,2010/11,,losc-lille,toulouse-fc,0.0,0.0,0.0,0.0,0.0,72.18,86050000,0.0,0.0,0.0,0.0,0.0,68.76,60900000,,,,H
7779,2010/11,,stade-rennais,ogc-nice,0.0,0.0,0.0,0.0,0.0,73.39,253175000,0.0,0.0,0.0,0.0,0.0,73.28,89200000,,,,H
7780,2010/11,,stade-brestois-29,as-monaco,0.0,0.0,0.0,0.0,0.0,70.61,86650000,0.0,0.0,0.0,0.0,0.0,73.63,257100000,,,,H
7781,2010/11,,ogc-nice,paris-saint-germain,0.0,0.0,0.0,0.0,0.0,73.28,89200000,0.0,0.0,0.0,0.0,0.0,0.0,0,,,,A
7782,2010/11,,toulouse-fc,stade-rennais,0.0,0.0,0.0,0.0,0.0,68.76,60900000,0.0,0.0,0.0,0.0,0.0,73.39,253175000,,,,A
7783,2010/11,,stade-rennais,rc-lens,0.0,0.0,0.0,0.0,0.0,73.39,253175000,0.0,0.0,0.0,0.0,0.0,72.84,82750000,,,,H
7784,2010/11,,losc-lille,olympique-lyonnais,0.0,0.0,0.0,0.0,0.0,72.18,86050000,0.0,0.0,0.0,0.0,0.0,72.74,89500000,,,,D
7785,2010/11,,paris-saint-germain,toulouse-fc,0.0,0.0,0.0,0.0,0.0,0.0,0,0.0,0.0,0.0,0.0,0.0,68.76,60900000,,,,H
7786,2010/11,,aj-auxerre,paris-saint-germain,0.0,0.0,0.0,0.0,0.0,0.0,0,0.0,0.0,0.0,0.0,0.0,0.0,0,,,,H
7787,2010/11,,ogc-nice,rc-lens,0.0,0.0,0.0,0.0,0.0,73.28,89200000,0.0,0.0,0.0,0.0,0.0,72.84,82750000,,,,D
7788,2010/11,,olympique-de-marseille,losc-lille,0.0,0.0,0.0,0.0,0.0,73.85,58850000,0.0,0.0,0.0,0.0,0.0,72.18,86050000,,,,A
7789,2010/11,,stade-rennais,olympique-de-marseille,0.0,0.0,0.0,0.0,0.0,73.39,253175000,0.0,0.0,0.0,0.0,0.0,73.85,58850000,,,,A
7790,2010/11,,rc-lens,toulouse-fc,0.0,0.0,0.0,0.0,0.0,72.84,82750000,0.0,0.0,0.0,0.0,0.0,68.76,60900000,,,,A
7791,2010/11,,ogc-nice,aj-auxerre,0.0,0.0,0.0,0.0,0.0,73.28,89200000,0.0,0.0,0.0,0.0,0.0,0.0,0,,,,H
7792,2010/11,,stade-brestois-29,losc-lille,0.0,0.0,0.0,0.0,0.0,70.61,86650000,0.0,0.0,0.0,0.0,0.0,72.18,86050000,,,,A
7793,2010/11,,olympique-lyonnais,stade-rennais,0.0,0.0,0.0,0.0,0.0,72.74,89500000,0.0,0.0,0.0,0.0,0.0,73.39,253175000,,,,D
7794,2010/11,,toulouse-fc,ogc-nice,0.0,0.0,0.0,0.0,0.0,68.76,60900000,0.0,0.0,0.0,0.0,0.0,73.28,89200000,,,,D
7795,2010/11,,olympique-de-marseille,paris-saint-germain,0.0,0.0,0.0,0.0,0.0,73.85,58850000,0.0,0.0,0.0,0.0,0.0,0.0,0,,,,H
7796,2010/11,,paris-saint-germain,fc-lorient,0.0,0.0,0.0,0.0,0.0,0.0,0,0.0,0.0,0.0,0.0,0.0,70.23,70850000,,,,D
7797,2010/11,,stade-rennais,aj-auxerre,0.0,0.0,0.0,0.0,0.0,73.39,253175000,0.0,0.0,0.0,0.0,0.0,0.0,0,,,,D
7798,2010/11,,rc-lens,olympique-de-marseille,0.0,0.0,0.0,0.0,0.0,72.84,82750000,0.0,0.0,0.0,0.0,0.0,73.85,58850000,,,,A
7799,2010/11,,ogc-nice,olympique-lyonnais,0.0,0.0,0.0,0.0,0.0,73.28,89200000,0.0,0.0,0.0,0.0,0.0,72.74,89500000,,,,D
7800,2010/11,,stade-brestois-29,stade-rennais,0.0,0.0,0.0,0.0,0.0,70.61,86650000,0.0,0.0,0.0,0.0,0.0,73.39,253175000,,,,H
7801,2010/11,,as-monaco,losc-lille,0.0,0.0,0.0,0.0,0.0,73.63,257100000,0.0,0.0,0.0,0.0,0.0,72.18,86050000,,,,H
7802,2010/11,,olympique-lyonnais,rc-lens,0.0,0.0,0.0,0.0,0.0,72.74,89500000,0.0,0.0,0.0,0.0,0.0,72.84,82750000,,,,H
7803,2010/11,,olympique-de-marseille,toulouse-fc,0.0,0.0,0.0,0.0,0.0,73.85,58850000,0.0,0.0,0.0,0.0,0.0,68.76,60900000,,,,D
7804,2010/11,,rc-lens,stade-brestois-29,0.0,0.0,0.0,0.0,0.0,72.84,82750000,0.0,0.0,0.0,0.0,0.0,70.61,86650000,,,,D
7805,2010/11,,ogc-nice,as-monaco,0.0,0.0,0.0,0.0,0.0,73.28,89200000,0.0,0.0,0.0,0.0,0.0,73.63,257100000,,,,H
7806,2010/11,,stade-rennais,fc-lorient,0.0,0.0,0.0,0.0,0.0,73.39,253175000,0.0,0.0,0.0,0.0,0.0,70.23,70850000,,,,A
7807,2010/11,,toulouse-fc,aj-auxerre,0.0,0.0,0.0,0.0,0.0,68.76,60900000,0.0,0.0,0.0,0.0,0.0,0.0,0,,,,A
7808,2010/11,,paris-saint-germain,olympique-lyonnais,0.0,0.0,0.0,0.0,0.0,0.0,0,0.0,0.0,0.0,0.0,0.0,72.74,89500000,,,,H
7809,2010/11,,aj-auxerre,rc-lens,0.0,0.0,0.0,0.0,0.0,0.0,0,0.0,0.0,0.0,0.0,0.0,72.84,82750000,,,,D
7810,2010/11,,stade-brestois-29,paris-saint-germain,0.0,0.0,0.0,0.0,0.0,70.61,86650000,0.0,0.0,0.0,0.0,0.0,0.0,0,,,,D
7811,2010/11,,fc-lorient,losc-lille,0.0,0.0,0.0,0.0,0.0,70.23,70850000,0.0,0.0,0.0,0.0,0.0,72.18,86050000,,,,D
7812,2010/11,,as-monaco,stade-rennais,0.0,0.0,0.0,0.0,0.0,73.63,257100000,0.0,0.0,0.0,0.0,0.0,73.39,253175000,,,,H
7813,2010/11,,olympique-de-marseille,ogc-nice,0.0,0.0,0.0,0.0,0.0,73.85,58850000,0.0,0.0,0.0,0.0,0.0,73.28,89200000,,,,H
7814,2010/11,,rc-lens,fc-lorient,0.0,0.0,0.0,0.0,0.0,72.84,82750000,0.0,0.0,0.0,0.0,0.0,70.23,70850000,,,,A
7815,2010/11,,olympique-de-marseille,aj-auxerre,0.0,0.0,0.0,0.0,0.0,73.85,58850000,0.0,0.0,0.0,0.0,0.0,0.0,0,,,,D
7816,2010/11,,toulouse-fc,olympique-lyonnais,0.0,0.0,0.0,0.0,0.0,68.76,60900000,0.0,0.0,0.0,0.0,0.0,72.74,89500000,,,,H
7817,2010/11,,stade-brestois-29,ogc-nice,0.0,0.0,0.0,0.0,0.0,70.61,86650000,0.0,0.0,0.0,0.0,0.0,73.28,89200000,,,,D
7818,2010/11,,fc-lorient,toulouse-fc,0.0,0.0,0.0,0.0,0.0,70.23,70850000,0.0,0.0,0.0,0.0,0.0,68.76,60900000,,,,D
7819,2010/11,,as-monaco,paris-saint-germain,0.0,0.0,0.0,0.0,0.0,73.63,257100000,0.0,0.0,0.0,0.0,0.0,0.0,0,,,,D
7820,2010/11,,olympique-lyonnais,olympique-de-marseille,0.0,0.0,0.0,0.0,0.0,72.74,89500000,0.0,0.0,0.0,0.0,0.0,73.85,58850000,,,,H
7821,2010/11,,aj-auxerre,olympique-lyonnais,0.0,0.0,0.0,0.0,0.0,0.0,0,0.0,0.0,0.0,0.0,0.0,72.74,89500000,,,,H
7822,2010/11,,olympique-de-marseille,stade-brestois-29,0.0,0.0,0.0,0.0,0.0,73.85,58850000,0.0,0.0,0.0,0.0,0.0,70.61,86650000,,,,H
7823,2010/11,,fc-lorient,olympique-de-marseille,0.0,0.0,0.0,0.0,0.0,70.23,70850000,0.0,0.0,0.0,0.0,0.0,73.85,58850000,,,,D
7824,2010/11,,as-monaco,rc-lens,0.0,0.0,0.0,0.0,0.0,73.63,257100000,0.0,0.0,0.0,0.0,0.0,72.84,82750000,,,,D
7825,2010/11,,stade-brestois-29,olympique-lyonnais,0.0,0.0,0.0,0.0,0.0,70.61,86650000,0.0,0.0,0.0,0.0,0.0,72.74,89500000,,,,D
7826,2010/11,,aj-auxerre,stade-brestois-29,0.0,0.0,0.0,0.0,0.0,0.0,0,0.0,0.0,0.0,0.0,0.0,70.61,86650000,,,,A
7827,2010/11,,ogc-nice,fc-lorient,0.0,0.0,0.0,0.0,0.0,73.28,89200000,0.0,0.0,0.0,0.0,0.0,70.23,70850000,,,,H
7828,2010/11,,paris-saint-germain,losc-lille,0.0,0.0,0.0,0.0,0.0,0.0,0,0.0,0.0,0.0,0.0,0.0,72.18,86050000,,,,D
7829,2010/11,,stade-brestois-29,toulouse-fc,0.0,0.0,0.0,0.0,0.0,70.61,86650000,0.0,0.0,0.0,0.0,0.0,68.76,60900000,,,,A
7830,2010/11,,losc-lille,stade-rennais,0.0,0.0,0.0,0.0,0.0,72.18,86050000,0.0,0.0,0.0,0.0,0.0,73.39,253175000,,,,H
7831,2010/11,,fc-lorient,aj-auxerre,0.0,0.0,0.0,0.0,0.0,70.23,70850000,0.0,0.0,0.0,0.0,0.0,0.0,0,,,,A
7832,2010/11,,as-monaco,olympique-lyonnais,0.0,0.0,0.0,0.0,0.0,73.63,257100000,0.0,0.0,0.0,0.0,0.0,72.74,89500000,,,,A
7833,2011/12,,ogc-nice,olympique-lyonnais,0.0,0.0,0.0,0.0,0.0,73.28,89200000,0.0,0.0,0.0,0.0,0.0,72.74,89500000,,,,A
7834,2011/12,,paris-saint-germain,fc-lorient,0.0,0.0,0.0,0.0,0.0,0.0,0,0.0,0.0,0.0,0.0,0.0,70.23,70850000,,,,A
7835,2011/12,,stade-rennais,paris-saint-germain,0.0,0.0,0.0,0.0,0.0,73.39,253175000,0.0,0.0,0.0,0.0,0.0,0.0,0,,,,D
7836,2011/12,,aj-auxerre,olympique-de-marseille,0.0,0.0,0.0,0.0,0.0,0.0,0,0.0,0.0,0.0,0.0,0.0,73.85,58850000,,,,D
7837,2011/12,,stade-brestois-29,olympique-lyonnais,0.0,0.0,0.0,0.0,0.0,70.61,86650000,0.0,0.0,0.0,0.0,0.0,72.74,89500000,,,,D
7838,2011/12,,ogc-nice,toulouse-fc,0.0,0.0,0.0,0.0,0.0,73.28,89200000,0.0,0.0,0.0,0.0,0.0,68.76,60900000,,,,D
7839,2011/12,,ogc-nice,stade-brestois-29,0.0,0.0,0.0,0.0,0.0,73.28,89200000,0.0,0.0,0.0,0.0,0.0,70.61,86650000,,,,D
7840,2011/12,,losc-lille,olympique-de-marseille,0.0,0.0,0.0,0.0,0.0,72.18,86050000,0.0,0.0,0.0,0.0,0.0,73.85,58850000,,,,H
7841,2011/12,,toulouse-fc,paris-saint-germain,0.0,0.0,0.0,0.0,0.0,68.76,60900000,0.0,0.0,0.0,0.0,0.0,0.0,0,,,,A
7842,2011/12,,olympique-de-marseille,stade-rennais,0.0,0.0,0.0,0.0,0.0,73.85,58850000,0.0,0.0,0.0,0.0,0.0,73.39,253175000,,,,A
7843,2011/12,,paris-saint-germain,stade-brestois-29,0.0,0.0,0.0,0.0,0.0,0.0,0,0.0,0.0,0.0,0.0,0.0,70.61,86650000,,,,H
7844,2011/12,,olympique-lyonnais,olympique-de-marseille,0.0,0.0,0.0,0.0,0.0,72.74,89500000,0.0,0.0,0.0,0.0,0.0,73.85,58850000,,,,H
7845,2011/12,,fc-lorient,aj-auxerre,0.0,0.0,0.0,0.0,0.0,70.23,70850000,0.0,0.0,0.0,0.0,0.0,0.0,0,,,,D
7846,2011/12,,paris-saint-germain,ogc-nice,0.0,0.0,0.0,0.0,0.0,0.0,0,0.0,0.0,0.0,0.0,0.0,73.28,89200000,,,,H
7847,2011/12,,losc-lille,fc-lorient,0.0,0.0,0.0,0.0,0.0,72.18,86050000,0.0,0.0,0.0,0.0,0.0,70.23,70850000,,,,D
7848,2011/12,,losc-lille,stade-rennais,0.0,0.0,0.0,0.0,0.0,72.18,86050000,0.0,0.0,0.0,0.0,0.0,73.39,253175000,,,,H
7849,2011/12,,olympique-de-marseille,stade-brestois-29,0.0,0.0,0.0,0.0,0.0,73.85,58850000,0.0,0.0,0.0,0.0,0.0,70.61,86650000,,,,D
7850,2011/12,,paris-saint-germain,olympique-lyonnais,0.0,0.0,0.0,0.0,0.0,0.0,0,0.0,0.0,0.0,0.0,0.0,72.74,89500000,,,,H
7851,2011/12,,aj-auxerre,losc-lille,0.0,0.0,0.0,0.0,0.0,0.0,0,0.0,0.0,0.0,0.0,0.0,72.18,86050000,,,,A
7852,2011/12,,toulouse-fc,olympique-de-marseille,0.0,0.0,0.0,0.0,0.0,68.76,60900000,0.0,0.0,0.0,0.0,0.0,73.85,58850000,,,,D
7853,2011/12,,stade-rennais,fc-lorient,0.0,0.0,0.0,0.0,0.0,73.39,253175000,0.0,0.0,0.0,0.0,0.0,70.23,70850000,,,,H
7854,2011/12,,fc-lorient,toulouse-fc,0.0,0.0,0.0,0.0,0.0,70.23,70850000,0.0,0.0,0.0,0.0,0.0,68.76,60900000,,,,D
7855,2011/12,,aj-auxerre,stade-rennais,0.0,0.0,0.0,0.0,0.0,0.0,0,0.0,0.0,0.0,0.0,0.0,73.39,253175000,,,,A
7856,2011/12,,losc-lille,olympique-lyonnais,0.0,0.0,0.0,0.0,0.0,72.18,86050000,0.0,0.0,0.0,0.0,0.0,72.74,89500000,,,,H
7857,2011/12,,stade-brestois-29,fc-lorient,0.0,0.0,0.0,0.0,0.0,70.61,86650000,0.0,0.0,0.0,0.0,0.0,70.23,70850000,,,,H
7858,2011/12,,toulouse-fc,stade-rennais,0.0,0.0,0.0,0.0,0.0,68.76,60900000,0.0,0.0,0.0,0.0,0.0,73.39,253175000,,,,H
7859,2011/12,,aj-auxerre,toulouse-fc,0.0,0.0,0.0,0.0,0.0,0.0,0,0.0,0.0,0.0,0.0,0.0,68.76,60900000,,,,H
7860,2011/12,,olympique-de-marseille,ogc-nice,0.0,0.0,0.0,0.0,0.0,73.85,58850000,0.0,0.0,0.0,0.0,0.0,73.28,89200000,,,,H
7861,2011/12,,olympique-lyonnais,stade-rennais,0.0,0.0,0.0,0.0,0.0,72.74,89500000,0.0,0.0,0.0,0.0,0.0,73.39,253175000,,,,A
7862,2011/12,,toulouse-fc,losc-lille,0.0,0.0,0.0,0.0,0.0,68.76,60900000,0.0,0.0,0.0,0.0,0.0,72.18,86050000,,,,D
7863,2011/12,,losc-lille,stade-brestois-29,0.0,0.0,0.0,0.0,0.0,72.18,86050000,0.0,0.0,0.0,0.0,0.0,70.61,86650000,,,,H
7864,2011/12,,aj-auxerre,olympique-lyonnais,0.0,0.0,0.0,0.0,0.0,0.0,0,0.0,0.0,0.0,0.0,0.0,72.74,89500000,,,,A
7865,2011/12,,fc-lorient,ogc-nice,0.0,0.0,0.0,0.0,0.0,70.23,70850000,0.0,0.0,0.0,0.0,0.0,73.28,89200000,,,,H
7866,2011/12,,olympique-de-marseille,paris-saint-germain,0.0,0.0,0.0,0.0,0.0,73.85,58850000,0.0,0.0,0.0,0.0,0.0,0.0,0,,,,H
7867,2011/12,,ogc-nice,stade-rennais,0.0,0.0,0.0,0.0,0.0,73.28,89200000,0.0,0.0,0.0,0.0,0.0,73.39,253175000,,,,H
7868,2011/12,,olympique-lyonnais,toulouse-fc,0.0,0.0,0.0,0.0,0.0,72.74,89500000,0.0,0.0,0.0,0.0,0.0,68.76,60900000,,,,H
7869,2011/12,,paris-saint-germain,aj-auxerre,0.0,0.0,0.0,0.0,0.0,0.0,0,0.0,0.0,0.0,0.0,0.0,0.0,0,,,,H
7870,2011/12,,stade-rennais,stade-brestois-29,0.0,0.0,0.0,0.0,0.0,73.39,253175000,0.0,0.0,0.0,0.0,0.0,70.61,86650000,,,,D
7871,2011/12,,aj-auxerre,ogc-nice,0.0,0.0,0.0,0.0,0.0,0.0,0,0.0,0.0,0.0,0.0,0.0,73.28,89200000,,,,H
7872,2011/12,,fc-lorient,olympique-lyonnais,0.0,0.0,0.0,0.0,0.0,70.23,70850000,0.0,0.0,0.0,0.0,0.0,72.74,89500000,,,,A
7873,2011/12,,stade-brestois-29,aj-auxerre,0.0,0.0,0.0,0.0,0.0,70.61,86650000,0.0,0.0,0.0,0.0,0.0,0.0,0,,,,H
7874,2011/12,,olympique-de-marseille,fc-lorient,0.0,0.0,0.0,0.0,0.0,73.85,58850000,0.0,0.0,0.0,0.0,0.0,70.23,70850000,,,,H
7875,2011/12,,paris-saint-germain,losc-lille,0.0,0.0,0.0,0.0,0.0,0.0,0,0.0,0.0,0.0,0.0,0.0,72.18,86050000,,,,D
7876,2011/12,,losc-lille,ogc-nice,0.0,0.0,0.0,0.0,0.0,72.18,86050000,0.0,0.0,0.0,0.0,0.0,73.28,89200000,,,,D
7877,2011/12,,toulouse-fc,stade-brestois-29,0.0,0.0,0.0,0.0,0.0,68.76,60900000,0.0,0.0,0.0,0.0,0.0,70.61,86650000,,,,D
7878,2011/12,,stade-brestois-29,ogc-nice,0.0,0.0,0.0,0.0,0.0,70.61,86650000,0.0,0.0,0.0,0.0,0.0,73.28,89200000,,,,H
7879,2011/12,,paris-saint-germain,toulouse-fc,0.0,0.0,0.0,0.0,0.0,0.0,0,0.0,0.0,0.0,0.0,0.0,68.76,60900000,,,,H
7880,2011/12,,olympique-de-marseille,losc-lille,0.0,0.0,0.0,0.0,0.0,73.85,58850000,0.0,0.0,0.0,0.0,0.0,72.18,86050000,,,,H
7881,2011/12,,stade-brestois-29,paris-saint-germain,0.0,0.0,0.0,0.0,0.0,70.61,86650000,0.0,0.0,0.0,0.0,0.0,0.0,0,,,,A
7882,2011/12,,stade-rennais,olympique-de-marseille,0.0,0.0,0.0,0.0,0.0,73.39,253175000,0.0,0.0,0.0,0.0,0.0,73.85,58850000,,,,A
7883,2011/12,,olympique-de-marseille,olympique-lyonnais,0.0,0.0,0.0,0.0,0.0,73.85,58850000,0.0,0.0,0.0,0.0,0.0,72.74,89500000,,,,D
7884,2011/12,,aj-auxerre,fc-lorient,0.0,0.0,0.0,0.0,0.0,0.0,0,0.0,0.0,0.0,0.0,0.0,70.23,70850000,,,,D
7885,2011/12,,ogc-nice,paris-saint-germain,0.0,0.0,0.0,0.0,0.0,73.28,89200000,0.0,0.0,0.0,0.0,0.0,0.0,0,,,,D
7886,2011/12,,fc-lorient,losc-lille,0.0,0.0,0.0,0.0,0.0,70.23,70850000,0.0,0.0,0.0,0.0,0.0,72.18,86050000,,,,A
7887,2011/12,,olympique-lyonnais,paris-saint-germain,0.0,0.0,0.0,0.0,0.0,72.74,89500000,0.0,0.0,0.0,0.0,0.0,0.0,0,,,,D
7888,2011/12,,stade-brestois-29,olympique-de-marseille,0.0,0.0,0.0,0.0,0.0,70.61,86650000,0.0,0.0,0.0,0.0,0.0,73.85,58850000,,,,H
7889,2011/12,,stade-rennais,losc-lille,0.0,0.0,0.0,0.0,0.0,73.39,253175000,0.0,0.0,0.0,0.0,0.0,72.18,86050000,,,,D
7890,2011/12,,losc-lille,aj-auxerre,0.0,0.0,0.0,0.0,0.0,72.18,86050000,0.0,0.0,0.0,0.0,0.0,0.0,0,,,,D
7891,2011/12,,olympique-de-marseille,toulouse-fc,0.0,0.0,0.0,0.0,0.0,73.85,58850000,0.0,0.0,0.0,0.0,0.0,68.76,60900000,,,,A
7892,2011/12,,fc-lorient,stade-rennais,0.0,0.0,0.0,0.0,0.0,70.23,70850000,0.0,0.0,0.0,0.0,0.0,73.39,253175000,,,,A
7893,2011/12,,olympique-lyonnais,losc-lille,0.0,0.0,0.0,0.0,0.0,72.74,89500000,0.0,0.0,0.0,0.0,0.0,72.18,86050000,,,,H
7894,2011/12,,toulouse-fc,fc-lorient,0.0,0.0,0.0,0.0,0.0,68.76,60900000,0.0,0.0,0.0,0.0,0.0,70.23,70850000,,,,D
7895,2011/12,,stade-rennais,aj-auxerre,0.0,0.0,0.0,0.0,0.0,73.39,253175000,0.0,0.0,0.0,0.0,0.0,0.0,0,,,,D
7896,2011/12,,fc-lorient,stade-brestois-29,0.0,0.0,0.0,0.0,0.0,70.23,70850000,0.0,0.0,0.0,0.0,0.0,70.61,86650000,,,,H
7897,2011/12,,stade-rennais,toulouse-fc,0.0,0.0,0.0,0.0,0.0,73.39,253175000,0.0,0.0,0.0,0.0,0.0,68.76,60900000,,,,A
7898,2011/12,,ogc-nice,olympique-de-marseille,0.0,0.0,0.0,0.0,0.0,73.28,89200000,0.0,0.0,0.0,0.0,0.0,73.85,58850000,,,,D
7899,2011/12,,toulouse-fc,aj-auxerre,0.0,0.0,0.0,0.0,0.0,68.76,60900000,0.0,0.0,0.0,0.0,0.0,0.0,0,,,,H
7900,2011/12,,losc-lille,toulouse-fc,0.0,0.0,0.0,0.0,0.0,72.18,86050000,0.0,0.0,0.0,0.0,0.0,68.76,60900000,,,,H
7901,2011/12,,stade-rennais,olympique-lyonnais,0.0,0.0,0.0,0.0,0.0,73.39,253175000,0.0,0.0,0.0,0.0,0.0,72.74,89500000,,,,D
7902,2011/12,,stade-brestois-29,losc-lille,0.0,0.0,0.0,0.0,0.0,70.61,86650000,0.0,0.0,0.0,0.0,0.0,72.18,86050000,,,,H
7903,2011/12,,olympique-lyonnais,aj-auxerre,0.0,0.0,0.0,0.0,0.0,72.74,89500000,0.0,0.0,0.0,0.0,0.0,0.0,0,,,,H
7904,2011/12,,ogc-nice,fc-lorient,0.0,0.0,0.0,0.0,0.0,73.28,89200000,0.0,0.0,0.0,0.0,0.0,70.23,70850000,,,,H
7905,2011/12,,paris-saint-germain,olympique-de-marseille,0.0,0.0,0.0,0.0,0.0,0.0,0,0.0,0.0,0.0,0.0,0.0,73.85,58850000,,,,H
7906,2011/12,,aj-auxerre,paris-saint-germain,0.0,0.0,0.0,0.0,0.0,0.0,0,0.0,0.0,0.0,0.0,0.0,0.0,0,,,,D
7907,2011/12,,stade-rennais,ogc-nice,0.0,0.0,0.0,0.0,0.0,73.39,253175000,0.0,0.0,0.0,0.0,0.0,73.28,89200000,,,,H
7908,2011/12,,toulouse-fc,olympique-lyonnais,0.0,0.0,0.0,0.0,0.0,68.76,60900000,0.0,0.0,0.0,0.0,0.0,72.74,89500000,,,,H
7909,2011/12,,stade-brestois-29,stade-rennais,0.0,0.0,0.0,0.0,0.0,70.61,86650000,0.0,0.0,0.0,0.0,0.0,73.39,253175000,,,,A
7910,2011/12,,ogc-nice,aj-auxerre,0.0,0.0,0.0,0.0,0.0,73.28,89200000,0.0,0.0,0.0,0.0,0.0,0.0,0,,,,H
7911,2011/12,,olympique-lyonnais,fc-lorient,0.0,0.0,0.0,0.0,0.0,72.74,89500000,0.0,0.0,0.0,0.0,0.0,70.23,70850000,,,,H
7912,2011/12,,fc-lorient,olympique-de-marseille,0.0,0.0,0.0,0.0,0.0,70.23,70850000,0.0,0.0,0.0,0.0,0.0,73.85,58850000,,,,H
7913,2011/12,,aj-auxerre,stade-brestois-29,0.0,0.0,0.0,0.0,0.0,0.0,0,0.0,0.0,0.0,0.0,0.0,70.61,86650000,,,,H
7914,2011/12,,losc-lille,paris-saint-germain,0.0,0.0,0.0,0.0,0.0,72.18,86050000,0.0,0.0,0.0,0.0,0.0,0.0,0,,,,H
7915,2011/12,,stade-brestois-29,toulouse-fc,0.0,0.0,0.0,0.0,0.0,70.61,86650000,0.0,0.0,0.0,0.0,0.0,68.76,60900000,,,,D
7916,2011/12,,ogc-nice,losc-lille,0.0,0.0,0.0,0.0,0.0,73.28,89200000,0.0,0.0,0.0,0.0,0.0,72.18,86050000,,,,A
7917,2011/12,,olympique-lyonnais,stade-brestois-29,0.0,0.0,0.0,0.0,0.0,72.74,89500000,0.0,0.0,0.0,0.0,0.0,70.61,86650000,,,,D
7918,2011/12,,toulouse-fc,ogc-nice,0.0,0.0,0.0,0.0,0.0,68.76,60900000,0.0,0.0,0.0,0.0,0.0,73.28,89200000,,,,D
7919,2011/12,,olympique-de-marseille,aj-auxerre,0.0,0.0,0.0,0.0,0.0,73.85,58850000,0.0,0.0,0.0,0.0,0.0,0.0,0,,,,H
7920,2011/12,,paris-saint-germain,stade-rennais,0.0,0.0,0.0,0.0,0.0,0.0,0,0.0,0.0,0.0,0.0,0.0,73.39,253175000,,,,H
7921,2011/12,,fc-lorient,paris-saint-germain,0.0,0.0,0.0,0.0,0.0,70.23,70850000,0.0,0.0,0.0,0.0,0.0,0.0,0,,,,A
7922,2011/12,,olympique-lyonnais,ogc-nice,0.0,0.0,0.0,0.0,0.0,72.74,89500000,0.0,0.0,0.0,0.0,0.0,73.28,89200000,,,,A
7923,2012/13,,paris-saint-germain,fc-lorient,0.0,0.0,0.0,0.0,0.0,0.0,0,0.0,0.0,0.0,0.0,0.0,70.23,70850000,,,,D
7924,2012/13,,stade-rennais,olympique-lyonnais,0.0,0.0,0.0,0.0,0.0,73.39,253175000,0.0,0.0,0.0,0.0,0.0,72.74,89500000,,,,A
7925,2012/13,,stade-de-reims,olympique-de-marseille,0.0,0.0,0.0,0.0,0.0,69.92,48600000,0.0,0.0,0.0,0.0,0.0,73.85,58850000,,,,A
7926,2012/13,,ogc-nice,losc-lille,0.0,0.0,0.0,0.0,0.0,73.28,89200000,0.0,0.0,0.0,0.0,0.0,72.18,86050000,,,,D
7927,2012/13,,toulouse-fc,stade-de-reims,0.0,0.0,0.0,0.0,0.0,68.76,60900000,0.0,0.0,0.0,0.0,0.0,69.92,48600000,,,,D
7928,2012/13,,losc-lille,paris-saint-germain,0.0,0.0,0.0,0.0,0.0,72.18,86050000,0.0,0.0,0.0,0.0,0.0,0.0,0,,,,A
7929,2012/13,,olympique-de-marseille,stade-rennais,0.0,0.0,0.0,0.0,0.0,73.85,58850000,0.0,0.0,0.0,0.0,0.0,73.39,253175000,,,,H
7930,2012/13,,paris-saint-germain,toulouse-fc,0.0,0.0,0.0,0.0,0.0,0.0,0,0.0,0.0,0.0,0.0,0.0,68.76,60900000,,,,H
7931,2012/13,,ogc-nice,stade-brestois-29,0.0,0.0,0.0,0.0,0.0,73.28,89200000,0.0,0.0,0.0,0.0,0.0,70.61,86650000,,,,H
7932,2012/13,,stade-rennais,fc-lorient,0.0,0.0,0.0,0.0,0.0,73.39,253175000,0.0,0.0,0.0,0.0,0.0,70.23,70850000,,,,A
7933,2012/13,,fc-lorient,ogc-nice,0.0,0.0,0.0,0.0,0.0,70.23,70850000,0.0,0.0,0.0,0.0,0.0,73.28,89200000,,,,D
7934,2012/13,,toulouse-fc,stade-rennais,0.0,0.0,0.0,0.0,0.0,68.76,60900000,0.0,0.0,0.0,0.0,0.0,73.39,253175000,,,,D
7935,2012/13,,losc-lille,olympique-lyonnais,0.0,0.0,0.0,0.0,0.0,72.18,86050000,0.0,0.0,0.0,0.0,0.0,72.74,89500000,,,,D
7936,2012/13,,stade-rennais,losc-lille,0.0,0.0,0.0,0.0,0.0,73.39,253175000,0.0,0.0,0.0,0.0,0.0,72.18,86050000,,,,H
7937,2012/13,,stade-de-reims,ogc-nice,0.0,0.0,0.0,0.0,0.0,69.92,48600000,0.0,0.0,0.0,0.0,0.0,73.28,89200000,,,,H
7938,2012/13,,fc-lorient,olympique-lyonnais,0.0,0.0,0.0,0.0,0.0,70.23,70850000,0.0,0.0,0.0,0.0,0.0,72.74,89500000,,,,D
7939,2012/13,,olympique-de-marseille,paris-saint-germain,0.0,0.0,0.0,0.0,0.0,73.85,58850000,0.0,0.0,0.0,0.0,0.0,0.0,0,,,,D
7940,2012/13,,paris-saint-germain,stade-de-reims,0.0,0.0,0.0,0.0,0.0,0.0,0,0.0,0.0,0.0,0.0,0.0,69.92,48600000,,,,H
7941,2012/13,,olympique-lyonnais,stade-brestois-29,0.0,0.0,0.0,0.0,0.0,72.74,89500000,0.0,0.0,0.0,0.0,0.0,70.61,86650000,,,,H
7942,2012/13,,toulouse-fc,stade-brestois-29,0.0,0.0,0.0,0.0,0.0,68.76,60900000,0.0,0.0,0.0,0.0,0.0,70.61,86650000,,,,H
7943,2012/13,,stade-brestois-29,fc-lorient,0.0,0.0,0.0,0.0,0.0,70.61,86650000,0.0,0.0,0.0,0.0,0.0,70.23,70850000,,,,H
7944,2012/13,,stade-rennais,stade-de-reims,0.0,0.0,0.0,0.0,0.0,73.39,253175000,0.0,0.0,0.0,0.0,0.0,69.92,48600000,,,,H
7945,2012/13,,losc-lille,stade-brestois-29,0.0,0.0,0.0,0.0,0.0,72.18,86050000,0.0,0.0,0.0,0.0,0.0,70.61,86650000,,,,H
7946,2012/13,,olympique-de-marseille,ogc-nice,0.0,0.0,0.0,0.0,0.0,73.85,58850000,0.0,0.0,0.0,0.0,0.0,73.28,89200000,,,,D
7947,2012/13,,fc-lorient,losc-lille,0.0,0.0,0.0,0.0,0.0,70.23,70850000,0.0,0.0,0.0,0.0,0.0,72.18,86050000,,,,H
7948,2012/13,,paris-saint-germain,stade-rennais,0.0,0.0,0.0,0.0,0.0,0.0,0,0.0,0.0,0.0,0.0,0.0,73.39,253175000,,,,A
7949,2012/13,,olympique-lyonnais,stade-de-reims,0.0,0.0,0.0,0.0,0.0,72.74,89500000,0.0,0.0,0.0,0.0,0.0,69.92,48600000,,,,H
7950,2012/13,,ogc-nice,toulouse-fc,0.0,0.0,0.0,0.0,0.0,73.28,89200000,0.0,0.0,0.0,0.0,0.0,68.76,60900000,,,,H
7951,2012/13,,stade-de-reims,stade-brestois-29,0.0,0.0,0.0,0.0,0.0,69.92,48600000,0.0,0.0,0.0,0.0,0.0,70.61,86650000,,,,D
7952,2012/13,,olympique-de-marseille,losc-lille,0.0,0.0,0.0,0.0,0.0,73.85,58850000,0.0,0.0,0.0,0.0,0.0,72.18,86050000,,,,H
7953,2012/13,,toulouse-fc,olympique-lyonnais,0.0,0.0,0.0,0.0,0.0,68.76,60900000,0.0,0.0,0.0,0.0,0.0,72.74,89500000,,,,H
7954,2012/13,,olympique-de-marseille,olympique-lyonnais,0.0,0.0,0.0,0.0,0.0,73.85,58850000,0.0,0.0,0.0,0.0,0.0,72.74,89500000,,,,A
7955,2012/13,,ogc-nice,paris-saint-germain,0.0,0.0,0.0,0.0,0.0,73.28,89200000,0.0,0.0,0.0,0.0,0.0,0.0,0,,,,H
7956,2012/13,,stade-brestois-29,olympique-de-marseille,0.0,0.0,0.0,0.0,0.0,70.61,86650000,0.0,0.0,0.0,0.0,0.0,73.85,58850000,,,,A
7957,2012/13,,fc-lorient,toulouse-fc,0.0,0.0,0.0,0.0,0.0,70.23,70850000,0.0,0.0,0.0,0.0,0.0,68.76,60900000,,,,H
7958,2012/13,,stade-rennais,stade-brestois-29,0.0,0.0,0.0,0.0,0.0,73.39,253175000,0.0,0.0,0.0,0.0,0.0,70.61,86650000,,,,D
7959,2012/13,,olympique-de-marseille,fc-lorient,0.0,0.0,0.0,0.0,0.0,73.85,58850000,0.0,0.0,0.0,0.0,0.0,70.23,70850000,,,,A
7960,2012/13,,losc-lille,toulouse-fc,0.0,0.0,0.0,0.0,0.0,72.18,86050000,0.0,0.0,0.0,0.0,0.0,68.76,60900000,,,,H
7961,2012/13,,ogc-nice,stade-rennais,0.0,0.0,0.0,0.0,0.0,73.28,89200000,0.0,0.0,0.0,0.0,0.0,73.39,253175000,,,,H
7962,2012/13,,stade-de-reims,losc-lille,0.0,0.0,0.0,0.0,0.0,69.92,48600000,0.0,0.0,0.0,0.0,0.0,72.18,86050000,,,,D
7963,2012/13,,toulouse-fc,olympique-de-marseille,0.0,0.0,0.0,0.0,0.0,68.76,60900000,0.0,0.0,0.0,0.0,0.0,73.85,58850000,,,,A
7964,2012/13,,paris-saint-germain,olympique-lyonnais,0.0,0.0,0.0,0.0,0.0,0.0,0,0.0,0.0,0.0,0.0,0.0,72.74,89500000,,,,H
7965,2012/13,,stade-brestois-29,paris-saint-germain,0.0,0.0,0.0,0.0,0.0,70.61,86650000,0.0,0.0,0.0,0.0,0.0,0.0,0,,,,A
7966,2012/13,,fc-lorient,stade-de-reims,0.0,0.0,0.0,0.0,0.0,70.23,70850000,0.0,0.0,0.0,0.0,0.0,69.92,48600000,,,,D
7967,2012/13,,olympique-lyonnais,ogc-nice,0.0,0.0,0.0,0.0,0.0,72.74,89500000,0.0,0.0,0.0,0.0,0.0,73.28,89200000,,,,H
7968,2012/13,,losc-lille,ogc-nice,0.0,0.0,0.0,0.0,0.0,72.18,86050000,0.0,0.0,0.0,0.0,0.0,73.28,89200000,,,,A
7969,2012/13,,stade-de-reims,toulouse-fc,0.0,0.0,0.0,0.0,0.0,69.92,48600000,0.0,0.0,0.0,0.0,0.0,68.76,60900000,,,,D
7970,2012/13,,stade-rennais,olympique-de-marseille,0.0,0.0,0.0,0.0,0.0,73.39,253175000,0.0,0.0,0.0,0.0,0.0,73.85,58850000,,,,D
7971,2012/13,,paris-saint-germain,losc-lille,0.0,0.0,0.0,0.0,0.0,0.0,0,0.0,0.0,0.0,0.0,0.0,72.18,86050000,,,,H
7972,2012/13,,toulouse-fc,paris-saint-germain,0.0,0.0,0.0,0.0,0.0,68.76,60900000,0.0,0.0,0.0,0.0,0.0,0.0,0,,,,A
7973,2012/13,,stade-brestois-29,ogc-nice,0.0,0.0,0.0,0.0,0.0,70.61,86650000,0.0,0.0,0.0,0.0,0.0,73.28,89200000,,,,A
7974,2012/13,,fc-lorient,stade-rennais,0.0,0.0,0.0,0.0,0.0,70.23,70850000,0.0,0.0,0.0,0.0,0.0,73.39,253175000,,,,D
7975,2012/13,,ogc-nice,fc-lorient,0.0,0.0,0.0,0.0,0.0,73.28,89200000,0.0,0.0,0.0,0.0,0.0,70.23,70850000,,,,D
7976,2012/13,,olympique-lyonnais,losc-lille,0.0,0.0,0.0,0.0,0.0,72.74,89500000,0.0,0.0,0.0,0.0,0.0,72.18,86050000,,,,A
7977,2012/13,,stade-rennais,toulouse-fc,0.0,0.0,0.0,0.0,0.0,73.39,253175000,0.0,0.0,0.0,0.0,0.0,68.76,60900000,,,,H
7978,2012/13,,losc-lille,stade-rennais,0.0,0.0,0.0,0.0,0.0,72.18,86050000,0.0,0.0,0.0,0.0,0.0,73.39,253175000,,,,H
7979,2012/13,,ogc-nice,stade-de-reims,0.0,0.0,0.0,0.0,0.0,73.28,89200000,0.0,0.0,0.0,0.0,0.0,69.92,48600000,,,,H
7980,2012/13,,olympique-lyonnais,fc-lorient,0.0,0.0,0.0,0.0,0.0,72.74,89500000,0.0,0.0,0.0,0.0,0.0,70.23,70850000,,,,H
7981,2012/13,,paris-saint-germain,olympique-de-marseille,0.0,0.0,0.0,0.0,0.0,0.0,0,0.0,0.0,0.0,0.0,0.0,73.85,58850000,,,,H
7982,2012/13,,stade-de-reims,paris-saint-germain,0.0,0.0,0.0,0.0,0.0,69.92,48600000,0.0,0.0,0.0,0.0,0.0,0.0,0,,,,H
7983,2012/13,,stade-brestois-29,olympique-lyonnais,0.0,0.0,0.0,0.0,0.0,70.61,86650000,0.0,0.0,0.0,0.0,0.0,72.74,89500000,,,,D
7984,2012/13,,stade-brestois-29,toulouse-fc,0.0,0.0,0.0,0.0,0.0,70.61,86650000,0.0,0.0,0.0,0.0,0.0,68.76,60900000,,,,A
7985,2012/13,,olympique-lyonnais,olympique-de-marseille,0.0,0.0,0.0,0.0,0.0,72.74,89500000,0.0,0.0,0.0,0.0,0.0,73.85,58850000,,,,D
7986,2012/13,,fc-lorient,stade-brestois-29,0.0,0.0,0.0,0.0,0.0,70.23,70850000,0.0,0.0,0.0,0.0,0.0,70.61,86650000,,,,H
7987,2012/13,,stade-de-reims,stade-rennais,0.0,0.0,0.0,0.0,0.0,69.92,48600000,0.0,0.0,0.0,0.0,0.0,73.39,253175000,,,,H
7988,2012/13,,stade-brestois-29,losc-lille,0.0,0.0,0.0,0.0,0.0,70.61,86650000,0.0,0.0,0.0,0.0,0.0,72.18,86050000,,,,A
7989,2012/13,,ogc-nice,olympique-de-marseille,0.0,0.0,0.0,0.0,0.0,73.28,89200000,0.0,0.0,0.0,0.0,0.0,73.85,58850000,,,,A
7990,2012/13,,stade-rennais,paris-saint-germain,0.0,0.0,0.0,0.0,0.0,73.39,253175000,0.0,0.0,0.0,0.0,0.0,0.0,0,,,,A
7991,2012/13,,toulouse-fc,ogc-nice,0.0,0.0,0.0,0.0,0.0,68.76,60900000,0.0,0.0,0.0,0.0,0.0,73.28,89200000,,,,A
7992,2012/13,,losc-lille,fc-lorient,0.0,0.0,0.0,0.0,0.0,72.18,86050000,0.0,0.0,0.0,0.0,0.0,70.23,70850000,,,,H
7993,2012/13,,stade-de-reims,olympique-lyonnais,0.0,0.0,0.0,0.0,0.0,69.92,48600000,0.0,0.0,0.0,0.0,0.0,72.74,89500000,,,,H
7994,2012/13,,stade-brestois-29,stade-de-reims,0.0,0.0,0.0,0.0,0.0,70.61,86650000,0.0,0.0,0.0,0.0,0.0,69.92,48600000,,,,A
7995,2012/13,,losc-lille,olympique-de-marseille,0.0,0.0,0.0,0.0,0.0,72.18,86050000,0.0,0.0,0.0,0.0,0.0,73.85,58850000,,,,D
7996,2012/13,,olympique-lyonnais,toulouse-fc,0.0,0.0,0.0,0.0,0.0,72.74,89500000,0.0,0.0,0.0,0.0,0.0,68.76,60900000,,,,H
7997,2012/13,,olympique-de-marseille,stade-brestois-29,0.0,0.0,0.0,0.0,0.0,73.85,58850000,0.0,0.0,0.0,0.0,0.0,70.61,86650000,,,,H
7998,2012/13,,paris-saint-germain,ogc-nice,0.0,0.0,0.0,0.0,0.0,0.0,0,0.0,0.0,0.0,0.0,0.0,73.28,89200000,,,,H
7999,2012/13,,toulouse-fc,fc-lorient,0.0,0.0,0.0,0.0,0.0,68.76,60900000,0.0,0.0,0.0,0.0,0.0,70.23,70850000,,,,A
8000,2012/13,,stade-brestois-29,stade-rennais,0.0,0.0,0.0,0.0,0.0,70.61,86650000,0.0,0.0,0.0,0.0,0.0,73.39,253175000,,,,A
8001,2012/13,,fc-lorient,olympique-de-marseille,0.0,0.0,0.0,0.0,0.0,70.23,70850000,0.0,0.0,0.0,0.0,0.0,73.85,58850000,,,,A
8002,2012/13,,toulouse-fc,losc-lille,0.0,0.0,0.0,0.0,0.0,68.76,60900000,0.0,0.0,0.0,0.0,0.0,72.18,86050000,,,,H
8003,2012/13,,stade-rennais,ogc-nice,0.0,0.0,0.0,0.0,0.0,73.39,253175000,0.0,0.0,0.0,0.0,0.0,73.28,89200000,,,,A
8004,2012/13,,losc-lille,stade-de-reims,0.0,0.0,0.0,0.0,0.0,72.18,86050000,0.0,0.0,0.0,0.0,0.0,69.92,48600000,,,,H
8005,2012/13,,olympique-de-marseille,toulouse-fc,0.0,0.0,0.0,0.0,0.0,73.85,58850000,0.0,0.0,0.0,0.0,0.0,68.76,60900000,,,,H
8006,2012/13,,olympique-lyonnais,paris-saint-germain,0.0,0.0,0.0,0.0,0.0,72.74,89500000,0.0,0.0,0.0,0.0,0.0,0.0,0,,,,A
8007,2012/13,,paris-saint-germain,stade-brestois-29,0.0,0.0,0.0,0.0,0.0,0.0,0,0.0,0.0,0.0,0.0,0.0,70.61,86650000,,,,H
8008,2012/13,,stade-de-reims,fc-lorient,0.0,0.0,0.0,0.0,0.0,69.92,48600000,0.0,0.0,0.0,0.0,0.0,70.23,70850000,,,,H
8009,2012/13,,ogc-nice,olympique-lyonnais,0.0,0.0,0.0,0.0,0.0,73.28,89200000,0.0,0.0,0.0,0.0,0.0,72.74,89500000,,,,D
8010,2012/13,,fc-lorient,paris-saint-germain,0.0,0.0,0.0,0.0,0.0,70.23,70850000,0.0,0.0,0.0,0.0,0.0,0.0,0,,,,A
8011,2012/13,,olympique-lyonnais,stade-rennais,0.0,0.0,0.0,0.0,0.0,72.74,89500000,0.0,0.0,0.0,0.0,0.0,73.39,253175000,,,,H
8012,2012/13,,olympique-de-marseille,stade-de-reims,0.0,0.0,0.0,0.0,0.0,73.85,58850000,0.0,0.0,0.0,0.0,0.0,69.92,48600000,,,,D
8013,2013/14,,losc-lille,fc-lorient,0.0,0.0,0.0,0.0,0.0,72.18,86050000,0.0,0.0,0.0,0.0,0.0,70.23,70850000,,,,H
8014,2013/14,,olympique-lyonnais,ogc-nice,0.0,0.0,0.0,0.0,0.0,72.74,89500000,0.0,0.0,0.0,0.0,0.0,73.28,89200000,,,,H
8015,2013/14,,stade-rennais,stade-de-reims,0.0,0.0,0.0,0.0,0.0,73.39,253175000,0.0,0.0,0.0,0.0,0.0,69.92,48600000,,,,H
8016,2013/14,,ogc-nice,stade-rennais,0.0,0.0,0.0,0.0,0.0,73.28,89200000,0.0,0.0,0.0,0.0,0.0,73.39,253175000,,,,H
8017,2013/14,,stade-de-reims,losc-lille,0.0,0.0,0.0,0.0,0.0,69.92,48600000,0.0,0.0,0.0,0.0,0.0,72.18,86050000,,,,H
8018,2013/14,,fc-lorient,fc-nantes,0.0,0.0,0.0,0.0,0.0,70.23,70850000,0.0,0.0,0.0,0.0,0.0,69.58,54600000,,,,H
8019,2013/14,,as-monaco,toulouse-fc,0.0,0.0,0.0,0.0,0.0,73.63,257100000,0.0,0.0,0.0,0.0,0.0,68.76,60900000,,,,D
8020,2013/14,,olympique-lyonnais,stade-de-reims,0.0,0.0,0.0,0.0,0.0,72.74,89500000,0.0,0.0,0.0,0.0,0.0,69.92,48600000,,,,A
8021,2013/14,,fc-nantes,paris-saint-germain,0.0,0.0,0.0,0.0,0.0,69.58,54600000,0.0,0.0,0.0,0.0,0.0,0.0,0,,,,A
8022,2013/14,,stade-de-reims,fc-nantes,0.0,0.0,0.0,0.0,0.0,69.92,48600000,0.0,0.0,0.0,0.0,0.0,69.58,54600000,,,,D
8023,2013/14,,stade-rennais,losc-lille,0.0,0.0,0.0,0.0,0.0,73.39,253175000,0.0,0.0,0.0,0.0,0.0,72.18,86050000,,,,D
8024,2013/14,,olympique-de-marseille,as-monaco,0.0,0.0,0.0,0.0,0.0,73.85,58850000,0.0,0.0,0.0,0.0,0.0,73.63,257100000,,,,A
8025,2013/14,,toulouse-fc,olympique-de-marseille,0.0,0.0,0.0,0.0,0.0,68.76,60900000,0.0,0.0,0.0,0.0,0.0,73.85,58850000,,,,D
8026,2013/14,,losc-lille,ogc-nice,0.0,0.0,0.0,0.0,0.0,72.18,86050000,0.0,0.0,0.0,0.0,0.0,73.28,89200000,,,,A
8027,2013/14,,olympique-lyonnais,stade-rennais,0.0,0.0,0.0,0.0,0.0,72.74,89500000,0.0,0.0,0.0,0.0,0.0,73.39,253175000,,,,D
8028,2013/14,,as-monaco,fc-lorient,0.0,0.0,0.0,0.0,0.0,73.63,257100000,0.0,0.0,0.0,0.0,0.0,70.23,70850000,,,,H
8029,2013/14,,olympique-lyonnais,fc-nantes,0.0,0.0,0.0,0.0,0.0,72.74,89500000,0.0,0.0,0.0,0.0,0.0,69.58,54600000,,,,H
8030,2013/14,,paris-saint-germain,as-monaco,0.0,0.0,0.0,0.0,0.0,0.0,0,0.0,0.0,0.0,0.0,0.0,73.63,257100000,,,,D
8031,2013/14,,fc-nantes,ogc-nice,0.0,0.0,0.0,0.0,0.0,69.58,54600000,0.0,0.0,0.0,0.0,0.0,73.28,89200000,,,,H
8032,2013/14,,toulouse-fc,fc-lorient,0.0,0.0,0.0,0.0,0.0,68.76,60900000,0.0,0.0,0.0,0.0,0.0,70.23,70850000,,,,H
8033,2013/14,,fc-lorient,olympique-de-marseille,0.0,0.0,0.0,0.0,0.0,70.23,70850000,0.0,0.0,0.0,0.0,0.0,73.85,58850000,,,,A
8034,2013/14,,olympique-lyonnais,losc-lille,0.0,0.0,0.0,0.0,0.0,72.74,89500000,0.0,0.0,0.0,0.0,0.0,72.18,86050000,,,,D
8035,2013/14,,paris-saint-germain,toulouse-fc,0.0,0.0,0.0,0.0,0.0,0.0,0,0.0,0.0,0.0,0.0,0.0,68.76,60900000,,,,H
8036,2013/14,,stade-de-reims,as-monaco,0.0,0.0,0.0,0.0,0.0,69.92,48600000,0.0,0.0,0.0,0.0,0.0,73.63,257100000,,,,D
8037,2013/14,,stade-rennais,fc-nantes,0.0,0.0,0.0,0.0,0.0,73.39,253175000,0.0,0.0,0.0,0.0,0.0,69.58,54600000,,,,A
8038,2013/14,,toulouse-fc,ogc-nice,0.0,0.0,0.0,0.0,0.0,68.76,60900000,0.0,0.0,0.0,0.0,0.0,73.28,89200000,,,,H
8039,2013/14,,olympique-de-marseille,paris-saint-germain,0.0,0.0,0.0,0.0,0.0,73.85,58850000,0.0,0.0,0.0,0.0,0.0,0.0,0,,,,A
8040,2013/14,,ogc-nice,olympique-de-marseille,0.0,0.0,0.0,0.0,0.0,73.28,89200000,0.0,0.0,0.0,0.0,0.0,73.85,58850000,,,,H
8041,2013/14,,stade-de-reims,toulouse-fc,0.0,0.0,0.0,0.0,0.0,69.92,48600000,0.0,0.0,0.0,0.0,0.0,68.76,60900000,,,,A
8042,2013/14,,fc-nantes,losc-lille,0.0,0.0,0.0,0.0,0.0,69.58,54600000,0.0,0.0,0.0,0.0,0.0,72.18,86050000,,,,A
8043,2013/14,,olympique-de-marseille,stade-de-reims,0.0,0.0,0.0,0.0,0.0,73.85,58850000,0.0,0.0,0.0,0.0,0.0,69.92,48600000,,,,A
8044,2013/14,,toulouse-fc,stade-rennais,0.0,0.0,0.0,0.0,0.0,68.76,60900000,0.0,0.0,0.0,0.0,0.0,73.39,253175000,,,,A
8045,2013/14,,as-monaco,olympique-lyonnais,0.0,0.0,0.0,0.0,0.0,73.63,257100000,0.0,0.0,0.0,0.0,0.0,72.74,89500000,,,,H
8046,2013/14,,paris-saint-germain,fc-lorient,0.0,0.0,0.0,0.0,0.0,0.0,0,0.0,0.0,0.0,0.0,0.0,70.23,70850000,,,,H
8047,2013/14,,stade-rennais,olympique-de-marseille,0.0,0.0,0.0,0.0,0.0,73.39,253175000,0.0,0.0,0.0,0.0,0.0,73.85,58850000,,,,D
8048,2013/14,,losc-lille,as-monaco,0.0,0.0,0.0,0.0,0.0,72.18,86050000,0.0,0.0,0.0,0.0,0.0,73.63,257100000,,,,H
8049,2013/14,,fc-lorient,stade-de-reims,0.0,0.0,0.0,0.0,0.0,70.23,70850000,0.0,0.0,0.0,0.0,0.0,69.92,48600000,,,,D
8050,2013/14,,paris-saint-germain,ogc-nice,0.0,0.0,0.0,0.0,0.0,0.0,0,0.0,0.0,0.0,0.0,0.0,73.28,89200000,,,,H
8051,2013/14,,stade-de-reims,paris-saint-germain,0.0,0.0,0.0,0.0,0.0,69.92,48600000,0.0,0.0,0.0,0.0,0.0,0.0,0,,,,A
8052,2013/14,,losc-lille,toulouse-fc,0.0,0.0,0.0,0.0,0.0,72.18,86050000,0.0,0.0,0.0,0.0,0.0,68.76,60900000,,,,H
8053,2013/14,,fc-nantes,as-monaco,0.0,0.0,0.0,0.0,0.0,69.58,54600000,0.0,0.0,0.0,0.0,0.0,73.63,257100000,,,,A
8054,2013/14,,fc-lorient,ogc-nice,0.0,0.0,0.0,0.0,0.0,70.23,70850000,0.0,0.0,0.0,0.0,0.0,73.28,89200000,,,,H
8055,2013/14,,as-monaco,stade-rennais,0.0,0.0,0.0,0.0,0.0,73.63,257100000,0.0,0.0,0.0,0.0,0.0,73.39,253175000,,,,H
8056,2013/14,,paris-saint-germain,olympique-lyonnais,0.0,0.0,0.0,0.0,0.0,0.0,0,0.0,0.0,0.0,0.0,0.0,72.74,89500000,,,,H
8057,2013/14,,losc-lille,olympique-de-marseille,0.0,0.0,0.0,0.0,0.0,72.18,86050000,0.0,0.0,0.0,0.0,0.0,73.85,58850000,,,,H
8058,2013/14,,ogc-nice,as-monaco,0.0,0.0,0.0,0.0,0.0,73.28,89200000,0.0,0.0,0.0,0.0,0.0,73.63,257100000,,,,A
8059,2013/14,,olympique-lyonnais,toulouse-fc,0.0,0.0,0.0,0.0,0.0,72.74,89500000,0.0,0.0,0.0,0.0,0.0,68.76,60900000,,,,D
8060,2013/14,,olympique-de-marseille,fc-nantes,0.0,0.0,0.0,0.0,0.0,73.85,58850000,0.0,0.0,0.0,0.0,0.0,69.58,54600000,,,,A
8061,2013/14,,fc-lorient,stade-rennais,0.0,0.0,0.0,0.0,0.0,70.23,70850000,0.0,0.0,0.0,0.0,0.0,73.39,253175000,,,,H
8062,2013/14,,stade-de-reims,ogc-nice,0.0,0.0,0.0,0.0,0.0,69.92,48600000,0.0,0.0,0.0,0.0,0.0,73.28,89200000,,,,H
8063,2013/14,,fc-nantes,toulouse-fc,0.0,0.0,0.0,0.0,0.0,69.58,54600000,0.0,0.0,0.0,0.0,0.0,68.76,60900000,,,,A
8064,2013/14,,stade-rennais,paris-saint-germain,0.0,0.0,0.0,0.0,0.0,73.39,253175000,0.0,0.0,0.0,0.0,0.0,0.0,0,,,,A
8065,2013/14,,olympique-lyonnais,olympique-de-marseille,0.0,0.0,0.0,0.0,0.0,72.74,89500000,0.0,0.0,0.0,0.0,0.0,73.85,58850000,,,,D
8066,2013/14,,fc-lorient,olympique-lyonnais,0.0,0.0,0.0,0.0,0.0,70.23,70850000,0.0,0.0,0.0,0.0,0.0,72.74,89500000,,,,D
8067,2013/14,,paris-saint-germain,losc-lille,0.0,0.0,0.0,0.0,0.0,0.0,0,0.0,0.0,0.0,0.0,0.0,72.18,86050000,,,,D
8068,2013/14,,stade-rennais,ogc-nice,0.0,0.0,0.0,0.0,0.0,73.39,253175000,0.0,0.0,0.0,0.0,0.0,73.28,89200000,,,,D
8069,2013/14,,losc-lille,stade-de-reims,0.0,0.0,0.0,0.0,0.0,72.18,86050000,0.0,0.0,0.0,0.0,0.0,69.92,48600000,,,,A
8070,2013/14,,fc-nantes,fc-lorient,0.0,0.0,0.0,0.0,0.0,69.58,54600000,0.0,0.0,0.0,0.0,0.0,70.23,70850000,,,,H
8071,2013/14,,paris-saint-germain,fc-nantes,0.0,0.0,0.0,0.0,0.0,0.0,0,0.0,0.0,0.0,0.0,0.0,69.58,54600000,,,,H
8072,2013/14,,stade-de-reims,olympique-lyonnais,0.0,0.0,0.0,0.0,0.0,69.92,48600000,0.0,0.0,0.0,0.0,0.0,72.74,89500000,,,,A
8073,2013/14,,toulouse-fc,as-monaco,0.0,0.0,0.0,0.0,0.0,68.76,60900000,0.0,0.0,0.0,0.0,0.0,73.63,257100000,,,,A
8074,2013/14,,losc-lille,stade-rennais,0.0,0.0,0.0,0.0,0.0,72.18,86050000,0.0,0.0,0.0,0.0,0.0,73.39,253175000,,,,D
8075,2013/14,,fc-nantes,stade-de-reims,0.0,0.0,0.0,0.0,0.0,69.58,54600000,0.0,0.0,0.0,0.0,0.0,69.92,48600000,,,,D
8076,2013/14,,as-monaco,olympique-de-marseille,0.0,0.0,0.0,0.0,0.0,73.63,257100000,0.0,0.0,0.0,0.0,0.0,73.85,58850000,,,,H
8077,2013/14,,fc-lorient,as-monaco,0.0,0.0,0.0,0.0,0.0,70.23,70850000,0.0,0.0,0.0,0.0,0.0,73.63,257100000,,,,D
8078,2013/14,,olympique-de-marseille,toulouse-fc,0.0,0.0,0.0,0.0,0.0,73.85,58850000,0.0,0.0,0.0,0.0,0.0,68.76,60900000,,,,D
8079,2013/14,,ogc-nice,losc-lille,0.0,0.0,0.0,0.0,0.0,73.28,89200000,0.0,0.0,0.0,0.0,0.0,72.18,86050000,,,,H
8080,2013/14,,stade-rennais,olympique-lyonnais,0.0,0.0,0.0,0.0,0.0,73.39,253175000,0.0,0.0,0.0,0.0,0.0,72.74,89500000,,,,H
8081,2013/14,,as-monaco,paris-saint-germain,0.0,0.0,0.0,0.0,0.0,73.63,257100000,0.0,0.0,0.0,0.0,0.0,0.0,0,,,,D
8082,2013/14,,fc-nantes,olympique-lyonnais,0.0,0.0,0.0,0.0,0.0,69.58,54600000,0.0,0.0,0.0,0.0,0.0,72.74,89500000,,,,A
8083,2013/14,,fc-lorient,toulouse-fc,0.0,0.0,0.0,0.0,0.0,70.23,70850000,0.0,0.0,0.0,0.0,0.0,68.76,60900000,,,,A
8084,2013/14,,ogc-nice,fc-nantes,0.0,0.0,0.0,0.0,0.0,73.28,89200000,0.0,0.0,0.0,0.0,0.0,69.58,54600000,,,,D
8085,2013/14,,as-monaco,stade-de-reims,0.0,0.0,0.0,0.0,0.0,73.63,257100000,0.0,0.0,0.0,0.0,0.0,69.92,48600000,,,,H
8086,2013/14,,olympique-de-marseille,fc-lorient,0.0,0.0,0.0,0.0,0.0,73.85,58850000,0.0,0.0,0.0,0.0,0.0,70.23,70850000,,,,H
8087,2013/14,,losc-lille,olympique-lyonnais,0.0,0.0,0.0,0.0,0.0,72.18,86050000,0.0,0.0,0.0,0.0,0.0,72.74,89500000,,,,D
8088,2013/14,,fc-nantes,stade-rennais,0.0,0.0,0.0,0.0,0.0,69.58,54600000,0.0,0.0,0.0,0.0,0.0,73.39,253175000,,,,A
8089,2013/14,,toulouse-fc,paris-saint-germain,0.0,0.0,0.0,0.0,0.0,68.76,60900000,0.0,0.0,0.0,0.0,0.0,0.0,0,,,,A
8090,2013/14,,ogc-nice,toulouse-fc,0.0,0.0,0.0,0.0,0.0,73.28,89200000,0.0,0.0,0.0,0.0,0.0,68.76,60900000,,,,A
8091,2013/14,,paris-saint-germain,olympique-de-marseille,0.0,0.0,0.0,0.0,0.0,0.0,0,0.0,0.0,0.0,0.0,0.0,73.85,58850000,,,,H
8092,2013/14,,olympique-de-marseille,ogc-nice,0.0,0.0,0.0,0.0,0.0,73.85,58850000,0.0,0.0,0.0,0.0,0.0,73.28,89200000,,,,A
8093,2013/14,,toulouse-fc,stade-de-reims,0.0,0.0,0.0,0.0,0.0,68.76,60900000,0.0,0.0,0.0,0.0,0.0,69.92,48600000,,,,H
8094,2013/14,,stade-de-reims,olympique-de-marseille,0.0,0.0,0.0,0.0,0.0,69.92,48600000,0.0,0.0,0.0,0.0,0.0,73.85,58850000,,,,D
8095,2013/14,,losc-lille,fc-nantes,0.0,0.0,0.0,0.0,0.0,72.18,86050000,0.0,0.0,0.0,0.0,0.0,69.58,54600000,,,,D
8096,2013/14,,stade-rennais,toulouse-fc,0.0,0.0,0.0,0.0,0.0,73.39,253175000,0.0,0.0,0.0,0.0,0.0,68.76,60900000,,,,A
8097,2013/14,,olympique-lyonnais,as-monaco,0.0,0.0,0.0,0.0,0.0,72.74,89500000,0.0,0.0,0.0,0.0,0.0,73.63,257100000,,,,A
8098,2013/14,,fc-lorient,paris-saint-germain,0.0,0.0,0.0,0.0,0.0,70.23,70850000,0.0,0.0,0.0,0.0,0.0,0.0,0,,,,A
8099,2013/14,,olympique-de-marseille,stade-rennais,0.0,0.0,0.0,0.0,0.0,73.85,58850000,0.0,0.0,0.0,0.0,0.0,73.39,253175000,,,,A
8100,2013/14,,as-monaco,losc-lille,0.0,0.0,0.0,0.0,0.0,73.63,257100000,0.0,0.0,0.0,0.0,0.0,72.18,86050000,,,,D
8101,2013/14,,ogc-nice,paris-saint-germain,0.0,0.0,0.0,0.0,0.0,73.28,89200000,0.0,0.0,0.0,0.0,0.0,0.0,0,,,,A
8102,2013/14,,stade-de-reims,fc-lorient,0.0,0.0,0.0,0.0,0.0,69.92,48600000,0.0,0.0,0.0,0.0,0.0,70.23,70850000,,,,D
8103,2013/14,,paris-saint-germain,stade-de-reims,0.0,0.0,0.0,0.0,0.0,0.0,0,0.0,0.0,0.0,0.0,0.0,69.92,48600000,,,,H
8104,2013/14,,toulouse-fc,losc-lille,0.0,0.0,0.0,0.0,0.0,68.76,60900000,0.0,0.0,0.0,0.0,0.0,72.18,86050000,,,,A
8105,2013/14,,as-monaco,fc-nantes,0.0,0.0,0.0,0.0,0.0,73.63,257100000,0.0,0.0,0.0,0.0,0.0,69.58,54600000,,,,H
8106,2013/14,,ogc-nice,fc-lorient,0.0,0.0,0.0,0.0,0.0,73.28,89200000,0.0,0.0,0.0,0.0,0.0,70.23,70850000,,,,A
8107,2013/14,,stade-rennais,as-monaco,0.0,0.0,0.0,0.0,0.0,73.39,253175000,0.0,0.0,0.0,0.0,0.0,73.63,257100000,,,,A
8108,2013/14,,olympique-lyonnais,paris-saint-germain,0.0,0.0,0.0,0.0,0.0,72.74,89500000,0.0,0.0,0.0,0.0,0.0,0.0,0,,,,H
8109,2013/14,,olympique-de-marseille,losc-lille,0.0,0.0,0.0,0.0,0.0,73.85,58850000,0.0,0.0,0.0,0.0,0.0,72.18,86050000,,,,D
8110,2013/14,,as-monaco,ogc-nice,0.0,0.0,0.0,0.0,0.0,73.63,257100000,0.0,0.0,0.0,0.0,0.0,73.28,89200000,,,,H
8111,2013/14,,toulouse-fc,olympique-lyonnais,0.0,0.0,0.0,0.0,0.0,68.76,60900000,0.0,0.0,0.0,0.0,0.0,72.74,89500000,,,,D
8112,2013/14,,fc-nantes,olympique-de-marseille,0.0,0.0,0.0,0.0,0.0,69.58,54600000,0.0,0.0,0.0,0.0,0.0,73.85,58850000,,,,D
8113,2013/14,,ogc-nice,stade-de-reims,0.0,0.0,0.0,0.0,0.0,73.28,89200000,0.0,0.0,0.0,0.0,0.0,69.92,48600000,,,,H
8114,2013/14,,stade-rennais,fc-lorient,0.0,0.0,0.0,0.0,0.0,73.39,253175000,0.0,0.0,0.0,0.0,0.0,70.23,70850000,,,,D
8115,2013/14,,olympique-de-marseille,olympique-lyonnais,0.0,0.0,0.0,0.0,0.0,73.85,58850000,0.0,0.0,0.0,0.0,0.0,72.74,89500000,,,,H
8116,2013/14,,toulouse-fc,fc-nantes,0.0,0.0,0.0,0.0,0.0,68.76,60900000,0.0,0.0,0.0,0.0,0.0,69.58,54600000,,,,D
8117,2013/14,,paris-saint-germain,stade-rennais,0.0,0.0,0.0,0.0,0.0,0.0,0,0.0,0.0,0.0,0.0,0.0,73.39,253175000,,,,A
8118,2013/14,,losc-lille,paris-saint-germain,0.0,0.0,0.0,0.0,0.0,72.18,86050000,0.0,0.0,0.0,0.0,0.0,0.0,0,,,,A
8119,2013/14,,olympique-lyonnais,fc-lorient,0.0,0.0,0.0,0.0,0.0,72.74,89500000,0.0,0.0,0.0,0.0,0.0,70.23,70850000,,,,A
8120,2013/14,,fc-lorient,losc-lille,0.0,0.0,0.0,0.0,0.0,70.23,70850000,0.0,0.0,0.0,0.0,0.0,72.18,86050000,,,,A
8121,2013/14,,ogc-nice,olympique-lyonnais,0.0,0.0,0.0,0.0,0.0,73.28,89200000,0.0,0.0,0.0,0.0,0.0,72.74,89500000,,,,A
8122,2013/14,,stade-de-reims,stade-rennais,0.0,0.0,0.0,0.0,0.0,69.92,48600000,0.0,0.0,0.0,0.0,0.0,73.39,253175000,,,,A
8123,2014/15,,stade-de-reims,paris-saint-germain,0.0,0.0,0.0,0.0,0.0,69.92,48600000,0.0,0.0,0.0,0.0,0.0,0.0,0,,,,D
8124,2014/15,,losc-lille,fc-metz,0.0,0.0,0.0,0.0,0.0,72.18,86050000,0.0,0.0,0.0,0.0,0.0,67.29,41450000,,,,D
8125,2014/15,,fc-nantes,rc-lens,0.0,0.0,0.0,0.0,0.0,69.58,54600000,0.0,0.0,0.0,0.0,0.0,72.84,82750000,,,,H
8126,2014/15,,ogc-nice,toulouse-fc,0.0,0.0,0.0,0.0,0.0,73.28,89200000,0.0,0.0,0.0,0.0,0.0,68.76,60900000,,,,H
8127,2014/15,,olympique-lyonnais,stade-rennais,0.0,0.0,0.0,0.0,0.0,72.74,89500000,0.0,0.0,0.0,0.0,0.0,73.39,253175000,,,,H
8128,2014/15,,as-monaco,fc-lorient,0.0,0.0,0.0,0.0,0.0,73.63,257100000,0.0,0.0,0.0,0.0,0.0,70.23,70850000,,,,A
8129,2014/15,,fc-lorient,ogc-nice,0.0,0.0,0.0,0.0,0.0,70.23,70850000,0.0,0.0,0.0,0.0,0.0,73.28,89200000,,,,D
8130,2014/15,,fc-metz,fc-nantes,0.0,0.0,0.0,0.0,0.0,67.29,41450000,0.0,0.0,0.0,0.0,0.0,69.58,54600000,,,,D
8131,2014/15,,toulouse-fc,olympique-lyonnais,0.0,0.0,0.0,0.0,0.0,68.76,60900000,0.0,0.0,0.0,0.0,0.0,72.74,89500000,,,,H
8132,2014/15,,losc-lille,fc-lorient,0.0,0.0,0.0,0.0,0.0,72.18,86050000,0.0,0.0,0.0,0.0,0.0,70.23,70850000,,,,H
8133,2014/15,,olympique-lyonnais,rc-lens,0.0,0.0,0.0,0.0,0.0,72.74,89500000,0.0,0.0,0.0,0.0,0.0,72.84,82750000,,,,A
8134,2014/15,,fc-nantes,as-monaco,0.0,0.0,0.0,0.0,0.0,69.58,54600000,0.0,0.0,0.0,0.0,0.0,73.63,257100000,,,,A
8135,2014/15,,olympique-de-marseille,ogc-nice,0.0,0.0,0.0,0.0,0.0,73.85,58850000,0.0,0.0,0.0,0.0,0.0,73.28,89200000,,,,H
8136,2014/15,,rc-lens,stade-de-reims,0.0,0.0,0.0,0.0,0.0,72.84,82750000,0.0,0.0,0.0,0.0,0.0,69.92,48600000,,,,H
8137,2014/15,,as-monaco,losc-lille,0.0,0.0,0.0,0.0,0.0,73.63,257100000,0.0,0.0,0.0,0.0,0.0,72.18,86050000,,,,D
8138,2014/15,,fc-metz,olympique-lyonnais,0.0,0.0,0.0,0.0,0.0,67.29,41450000,0.0,0.0,0.0,0.0,0.0,72.74,89500000,,,,H
8139,2014/15,,olympique-lyonnais,as-monaco,0.0,0.0,0.0,0.0,0.0,72.74,89500000,0.0,0.0,0.0,0.0,0.0,73.63,257100000,,,,H
8140,2014/15,,ogc-nice,fc-metz,0.0,0.0,0.0,0.0,0.0,73.28,89200000,0.0,0.0,0.0,0.0,0.0,67.29,41450000,,,,H
8141,2014/15,,stade-de-reims,toulouse-fc,0.0,0.0,0.0,0.0,0.0,69.92,48600000,0.0,0.0,0.0,0.0,0.0,68.76,60900000,,,,H
8142,2014/15,,stade-rennais,paris-saint-germain,0.0,0.0,0.0,0.0,0.0,73.39,253175000,0.0,0.0,0.0,0.0,0.0,0.0,0,,,,D
8143,2014/15,,losc-lille,fc-nantes,0.0,0.0,0.0,0.0,0.0,72.18,86050000,0.0,0.0,0.0,0.0,0.0,69.58,54600000,,,,H
8144,2014/15,,fc-lorient,stade-de-reims,0.0,0.0,0.0,0.0,0.0,70.23,70850000,0.0,0.0,0.0,0.0,0.0,69.92,48600000,,,,A
8145,2014/15,,olympique-de-marseille,stade-rennais,0.0,0.0,0.0,0.0,0.0,73.85,58850000,0.0,0.0,0.0,0.0,0.0,73.39,253175000,,,,H
8146,2014/15,,fc-nantes,ogc-nice,0.0,0.0,0.0,0.0,0.0,69.58,54600000,0.0,0.0,0.0,0.0,0.0,73.28,89200000,,,,H
8147,2014/15,,paris-saint-germain,olympique-lyonnais,0.0,0.0,0.0,0.0,0.0,0.0,0,0.0,0.0,0.0,0.0,0.0,72.74,89500000,,,,D
8148,2014/15,,stade-de-reims,olympique-de-marseille,0.0,0.0,0.0,0.0,0.0,69.92,48600000,0.0,0.0,0.0,0.0,0.0,73.85,58850000,,,,A
8149,2014/15,,stade-rennais,toulouse-fc,0.0,0.0,0.0,0.0,0.0,73.39,253175000,0.0,0.0,0.0,0.0,0.0,68.76,60900000,,,,A
8150,2014/15,,olympique-lyonnais,fc-lorient,0.0,0.0,0.0,0.0,0.0,72.74,89500000,0.0,0.0,0.0,0.0,0.0,70.23,70850000,,,,H
8151,2014/15,,ogc-nice,losc-lille,0.0,0.0,0.0,0.0,0.0,73.28,89200000,0.0,0.0,0.0,0.0,0.0,72.18,86050000,,,,H
8152,2014/15,,fc-metz,stade-de-reims,0.0,0.0,0.0,0.0,0.0,67.29,41450000,0.0,0.0,0.0,0.0,0.0,69.92,48600000,,,,H
8153,2014/15,,as-monaco,ogc-nice,0.0,0.0,0.0,0.0,0.0,73.63,257100000,0.0,0.0,0.0,0.0,0.0,73.28,89200000,,,,A
8154,2014/15,,toulouse-fc,paris-saint-germain,0.0,0.0,0.0,0.0,0.0,68.76,60900000,0.0,0.0,0.0,0.0,0.0,0.0,0,,,,D
8155,2014/15,,fc-nantes,olympique-lyonnais,0.0,0.0,0.0,0.0,0.0,69.58,54600000,0.0,0.0,0.0,0.0,0.0,72.74,89500000,,,,D
8156,2014/15,,stade-rennais,rc-lens,0.0,0.0,0.0,0.0,0.0,73.39,253175000,0.0,0.0,0.0,0.0,0.0,72.84,82750000,,,,H
8157,2014/15,,olympique-lyonnais,losc-lille,0.0,0.0,0.0,0.0,0.0,72.74,89500000,0.0,0.0,0.0,0.0,0.0,72.18,86050000,,,,H
8158,2014/15,,paris-saint-germain,as-monaco,0.0,0.0,0.0,0.0,0.0,0.0,0,0.0,0.0,0.0,0.0,0.0,73.63,257100000,,,,D
8159,2014/15,,rc-lens,paris-saint-germain,0.0,0.0,0.0,0.0,0.0,72.84,82750000,0.0,0.0,0.0,0.0,0.0,0.0,0,,,,A
8160,2014/15,,fc-metz,stade-rennais,0.0,0.0,0.0,0.0,0.0,67.29,41450000,0.0,0.0,0.0,0.0,0.0,73.39,253175000,,,,D
8161,2014/15,,fc-nantes,stade-de-reims,0.0,0.0,0.0,0.0,0.0,69.58,54600000,0.0,0.0,0.0,0.0,0.0,69.92,48600000,,,,D
8162,2014/15,,olympique-de-marseille,toulouse-fc,0.0,0.0,0.0,0.0,0.0,73.85,58850000,0.0,0.0,0.0,0.0,0.0,68.76,60900000,,,,H
8163,2014/15,,toulouse-fc,rc-lens,0.0,0.0,0.0,0.0,0.0,68.76,60900000,0.0,0.0,0.0,0.0,0.0,72.84,82750000,,,,A
8164,2014/15,,olympique-lyonnais,olympique-de-marseille,0.0,0.0,0.0,0.0,0.0,72.74,89500000,0.0,0.0,0.0,0.0,0.0,73.85,58850000,,,,H
8165,2014/15,,stade-rennais,losc-lille,0.0,0.0,0.0,0.0,0.0,73.39,253175000,0.0,0.0,0.0,0.0,0.0,72.18,86050000,,,,H
8166,2014/15,,as-monaco,stade-de-reims,0.0,0.0,0.0,0.0,0.0,73.63,257100000,0.0,0.0,0.0,0.0,0.0,69.92,48600000,,,,D
8167,2014/15,,fc-lorient,paris-saint-germain,0.0,0.0,0.0,0.0,0.0,70.23,70850000,0.0,0.0,0.0,0.0,0.0,0.0,0,,,,A
8168,2014/15,,ogc-nice,olympique-lyonnais,0.0,0.0,0.0,0.0,0.0,73.28,89200000,0.0,0.0,0.0,0.0,0.0,72.74,89500000,,,,A
8169,2014/15,,olympique-de-marseille,rc-lens,0.0,0.0,0.0,0.0,0.0,73.85,58850000,0.0,0.0,0.0,0.0,0.0,72.84,82750000,,,,H
8170,2014/15,,fc-nantes,stade-rennais,0.0,0.0,0.0,0.0,0.0,69.58,54600000,0.0,0.0,0.0,0.0,0.0,73.39,253175000,,,,D
8171,2014/15,,stade-rennais,fc-lorient,0.0,0.0,0.0,0.0,0.0,73.39,253175000,0.0,0.0,0.0,0.0,0.0,70.23,70850000,,,,H
8172,2014/15,,toulouse-fc,fc-metz,0.0,0.0,0.0,0.0,0.0,68.76,60900000,0.0,0.0,0.0,0.0,0.0,67.29,41450000,,,,H
8173,2014/15,,paris-saint-germain,olympique-de-marseille,0.0,0.0,0.0,0.0,0.0,0.0,0,0.0,0.0,0.0,0.0,0.0,73.85,58850000,,,,H
8174,2014/15,,stade-de-reims,losc-lille,0.0,0.0,0.0,0.0,0.0,69.92,48600000,0.0,0.0,0.0,0.0,0.0,72.18,86050000,,,,H
8175,2014/15,,fc-metz,paris-saint-germain,0.0,0.0,0.0,0.0,0.0,67.29,41450000,0.0,0.0,0.0,0.0,0.0,0.0,0,,,,A
8176,2014/15,,fc-lorient,rc-lens,0.0,0.0,0.0,0.0,0.0,70.23,70850000,0.0,0.0,0.0,0.0,0.0,72.84,82750000,,,,H
8177,2014/15,,ogc-nice,stade-de-reims,0.0,0.0,0.0,0.0,0.0,73.28,89200000,0.0,0.0,0.0,0.0,0.0,69.92,48600000,,,,D
8178,2014/15,,olympique-de-marseille,fc-nantes,0.0,0.0,0.0,0.0,0.0,73.85,58850000,0.0,0.0,0.0,0.0,0.0,69.58,54600000,,,,H
8179,2014/15,,rc-lens,fc-metz,0.0,0.0,0.0,0.0,0.0,72.84,82750000,0.0,0.0,0.0,0.0,0.0,67.29,41450000,,,,H
8180,2014/15,,paris-saint-germain,ogc-nice,0.0,0.0,0.0,0.0,0.0,0.0,0,0.0,0.0,0.0,0.0,0.0,73.28,89200000,,,,H
8181,2014/15,,stade-rennais,as-monaco,0.0,0.0,0.0,0.0,0.0,73.39,253175000,0.0,0.0,0.0,0.0,0.0,73.63,257100000,,,,H
8182,2014/15,,toulouse-fc,fc-lorient,0.0,0.0,0.0,0.0,0.0,68.76,60900000,0.0,0.0,0.0,0.0,0.0,70.23,70850000,,,,A
8183,2014/15,,fc-lorient,olympique-de-marseille,0.0,0.0,0.0,0.0,0.0,70.23,70850000,0.0,0.0,0.0,0.0,0.0,73.85,58850000,,,,D
8184,2014/15,,as-monaco,rc-lens,0.0,0.0,0.0,0.0,0.0,73.63,257100000,0.0,0.0,0.0,0.0,0.0,72.84,82750000,,,,H
8185,2014/15,,fc-nantes,toulouse-fc,0.0,0.0,0.0,0.0,0.0,69.58,54600000,0.0,0.0,0.0,0.0,0.0,68.76,60900000,,,,A
8186,2014/15,,losc-lille,paris-saint-germain,0.0,0.0,0.0,0.0,0.0,72.18,86050000,0.0,0.0,0.0,0.0,0.0,0.0,0,,,,D
8187,2014/15,,ogc-nice,stade-rennais,0.0,0.0,0.0,0.0,0.0,73.28,89200000,0.0,0.0,0.0,0.0,0.0,73.39,253175000,,,,A
8188,2014/15,,olympique-lyonnais,stade-de-reims,0.0,0.0,0.0,0.0,0.0,72.74,89500000,0.0,0.0,0.0,0.0,0.0,69.92,48600000,,,,H
8189,2014/15,,toulouse-fc,as-monaco,0.0,0.0,0.0,0.0,0.0,68.76,60900000,0.0,0.0,0.0,0.0,0.0,73.63,257100000,,,,A
8190,2014/15,,paris-saint-germain,fc-nantes,0.0,0.0,0.0,0.0,0.0,0.0,0,0.0,0.0,0.0,0.0,0.0,69.58,54600000,,,,H
8191,2014/15,,rc-lens,losc-lille,0.0,0.0,0.0,0.0,0.0,72.84,82750000,0.0,0.0,0.0,0.0,0.0,72.18,86050000,,,,D
8192,2014/15,,olympique-de-marseille,fc-metz,0.0,0.0,0.0,0.0,0.0,73.85,58850000,0.0,0.0,0.0,0.0,0.0,67.29,41450000,,,,H
8193,2014/15,,fc-lorient,fc-metz,0.0,0.0,0.0,0.0,0.0,70.23,70850000,0.0,0.0,0.0,0.0,0.0,67.29,41450000,,,,H
8194,2014/15,,losc-lille,toulouse-fc,0.0,0.0,0.0,0.0,0.0,72.18,86050000,0.0,0.0,0.0,0.0,0.0,68.76,60900000,,,,H
8195,2014/15,,as-monaco,olympique-de-marseille,0.0,0.0,0.0,0.0,0.0,73.63,257100000,0.0,0.0,0.0,0.0,0.0,73.85,58850000,,,,H
8196,2014/15,,rc-lens,ogc-nice,0.0,0.0,0.0,0.0,0.0,72.84,82750000,0.0,0.0,0.0,0.0,0.0,73.28,89200000,,,,H
8197,2014/15,,fc-lorient,fc-nantes,0.0,0.0,0.0,0.0,0.0,70.23,70850000,0.0,0.0,0.0,0.0,0.0,69.58,54600000,,,,A
8198,2014/15,,fc-metz,as-monaco,0.0,0.0,0.0,0.0,0.0,67.29,41450000,0.0,0.0,0.0,0.0,0.0,73.63,257100000,,,,A
8199,2014/15,,stade-rennais,stade-de-reims,0.0,0.0,0.0,0.0,0.0,73.39,253175000,0.0,0.0,0.0,0.0,0.0,69.92,48600000,,,,A
8200,2014/15,,olympique-de-marseille,losc-lille,0.0,0.0,0.0,0.0,0.0,73.85,58850000,0.0,0.0,0.0,0.0,0.0,72.18,86050000,,,,H
8201,2014/15,,ogc-nice,fc-lorient,0.0,0.0,0.0,0.0,0.0,73.28,89200000,0.0,0.0,0.0,0.0,0.0,70.23,70850000,,,,H
8202,2014/15,,olympique-lyonnais,toulouse-fc,0.0,0.0,0.0,0.0,0.0,72.74,89500000,0.0,0.0,0.0,0.0,0.0,68.76,60900000,,,,H
8203,2014/15,,fc-nantes,fc-metz,0.0,0.0,0.0,0.0,0.0,69.58,54600000,0.0,0.0,0.0,0.0,0.0,67.29,41450000,,,,D
8204,2014/15,,rc-lens,olympique-lyonnais,0.0,0.0,0.0,0.0,0.0,72.84,82750000,0.0,0.0,0.0,0.0,0.0,72.74,89500000,,,,A
8205,2014/15,,fc-lorient,losc-lille,0.0,0.0,0.0,0.0,0.0,70.23,70850000,0.0,0.0,0.0,0.0,0.0,72.18,86050000,,,,H
8206,2014/15,,as-monaco,fc-nantes,0.0,0.0,0.0,0.0,0.0,73.63,257100000,0.0,0.0,0.0,0.0,0.0,69.58,54600000,,,,H
8207,2014/15,,ogc-nice,olympique-de-marseille,0.0,0.0,0.0,0.0,0.0,73.28,89200000,0.0,0.0,0.0,0.0,0.0,73.85,58850000,,,,H
8208,2014/15,,losc-lille,as-monaco,0.0,0.0,0.0,0.0,0.0,72.18,86050000,0.0,0.0,0.0,0.0,0.0,73.63,257100000,,,,A
8209,2014/15,,olympique-lyonnais,fc-metz,0.0,0.0,0.0,0.0,0.0,72.74,89500000,0.0,0.0,0.0,0.0,0.0,67.29,41450000,,,,H
8210,2014/15,,stade-de-reims,rc-lens,0.0,0.0,0.0,0.0,0.0,69.92,48600000,0.0,0.0,0.0,0.0,0.0,72.84,82750000,,,,D
8211,2014/15,,paris-saint-germain,stade-rennais,0.0,0.0,0.0,0.0,0.0,0.0,0,0.0,0.0,0.0,0.0,0.0,73.39,253175000,,,,H
8212,2014/15,,fc-metz,ogc-nice,0.0,0.0,0.0,0.0,0.0,67.29,41450000,0.0,0.0,0.0,0.0,0.0,73.28,89200000,,,,D
8213,2014/15,,fc-nantes,losc-lille,0.0,0.0,0.0,0.0,0.0,69.58,54600000,0.0,0.0,0.0,0.0,0.0,72.18,86050000,,,,D
8214,2014/15,,toulouse-fc,stade-de-reims,0.0,0.0,0.0,0.0,0.0,68.76,60900000,0.0,0.0,0.0,0.0,0.0,69.92,48600000,,,,H
8215,2014/15,,as-monaco,olympique-lyonnais,0.0,0.0,0.0,0.0,0.0,73.63,257100000,0.0,0.0,0.0,0.0,0.0,72.74,89500000,,,,D
8216,2014/15,,stade-de-reims,fc-lorient,0.0,0.0,0.0,0.0,0.0,69.92,48600000,0.0,0.0,0.0,0.0,0.0,70.23,70850000,,,,A
8217,2014/15,,stade-rennais,olympique-de-marseille,0.0,0.0,0.0,0.0,0.0,73.39,253175000,0.0,0.0,0.0,0.0,0.0,73.85,58850000,,,,D
8218,2014/15,,olympique-lyonnais,paris-saint-germain,0.0,0.0,0.0,0.0,0.0,72.74,89500000,0.0,0.0,0.0,0.0,0.0,0.0,0,,,,D
8219,2014/15,,ogc-nice,fc-nantes,0.0,0.0,0.0,0.0,0.0,73.28,89200000,0.0,0.0,0.0,0.0,0.0,69.58,54600000,,,,D
8220,2014/15,,olympique-de-marseille,stade-de-reims,0.0,0.0,0.0,0.0,0.0,73.85,58850000,0.0,0.0,0.0,0.0,0.0,69.92,48600000,,,,D
8221,2014/15,,losc-lille,ogc-nice,0.0,0.0,0.0,0.0,0.0,72.18,86050000,0.0,0.0,0.0,0.0,0.0,73.28,89200000,,,,D
8222,2014/15,,toulouse-fc,stade-rennais,0.0,0.0,0.0,0.0,0.0,68.76,60900000,0.0,0.0,0.0,0.0,0.0,73.39,253175000,,,,H
8223,2014/15,,fc-lorient,olympique-lyonnais,0.0,0.0,0.0,0.0,0.0,70.23,70850000,0.0,0.0,0.0,0.0,0.0,72.74,89500000,,,,D
8224,2014/15,,ogc-nice,as-monaco,0.0,0.0,0.0,0.0,0.0,73.28,89200000,0.0,0.0,0.0,0.0,0.0,73.63,257100000,,,,A
8225,2014/15,,paris-saint-germain,toulouse-fc,0.0,0.0,0.0,0.0,0.0,0.0,0,0.0,0.0,0.0,0.0,0.0,68.76,60900000,,,,H
8226,2014/15,,olympique-lyonnais,fc-nantes,0.0,0.0,0.0,0.0,0.0,72.74,89500000,0.0,0.0,0.0,0.0,0.0,69.58,54600000,,,,H
8227,2014/15,,stade-de-reims,fc-metz,0.0,0.0,0.0,0.0,0.0,69.92,48600000,0.0,0.0,0.0,0.0,0.0,67.29,41450000,,,,D
8228,2014/15,,rc-lens,stade-rennais,0.0,0.0,0.0,0.0,0.0,72.84,82750000,0.0,0.0,0.0,0.0,0.0,73.39,253175000,,,,A
8229,2014/15,,losc-lille,olympique-lyonnais,0.0,0.0,0.0,0.0,0.0,72.18,86050000,0.0,0.0,0.0,0.0,0.0,72.74,89500000,,,,H
8230,2014/15,,as-monaco,paris-saint-germain,0.0,0.0,0.0,0.0,0.0,73.63,257100000,0.0,0.0,0.0,0.0,0.0,0.0,0,,,,D
8231,2014/15,,toulouse-fc,olympique-de-marseille,0.0,0.0,0.0,0.0,0.0,68.76,60900000,0.0,0.0,0.0,0.0,0.0,73.85,58850000,,,,A
8232,2014/15,,paris-saint-germain,rc-lens,0.0,0.0,0.0,0.0,0.0,0.0,0,0.0,0.0,0.0,0.0,0.0,72.84,82750000,,,,H
8233,2014/15,,stade-de-reims,fc-nantes,0.0,0.0,0.0,0.0,0.0,69.92,48600000,0.0,0.0,0.0,0.0,0.0,69.58,54600000,,,,H
8234,2014/15,,stade-rennais,fc-metz,0.0,0.0,0.0,0.0,0.0,73.39,253175000,0.0,0.0,0.0,0.0,0.0,67.29,41450000,,,,H
8235,2014/15,,rc-lens,toulouse-fc,0.0,0.0,0.0,0.0,0.0,72.84,82750000,0.0,0.0,0.0,0.0,0.0,68.76,60900000,,,,H
8236,2014/15,,losc-lille,stade-rennais,0.0,0.0,0.0,0.0,0.0,72.18,86050000,0.0,0.0,0.0,0.0,0.0,73.39,253175000,,,,H
8237,2014/15,,olympique-de-marseille,olympique-lyonnais,0.0,0.0,0.0,0.0,0.0,73.85,58850000,0.0,0.0,0.0,0.0,0.0,72.74,89500000,,,,D
8238,2014/15,,paris-saint-germain,fc-lorient,0.0,0.0,0.0,0.0,0.0,0.0,0,0.0,0.0,0.0,0.0,0.0,70.23,70850000,,,,H
8239,2014/15,,olympique-lyonnais,ogc-nice,0.0,0.0,0.0,0.0,0.0,72.74,89500000,0.0,0.0,0.0,0.0,0.0,73.28,89200000,,,,A
8240,2014/15,,stade-rennais,fc-nantes,0.0,0.0,0.0,0.0,0.0,73.39,253175000,0.0,0.0,0.0,0.0,0.0,69.58,54600000,,,,D
8241,2014/15,,rc-lens,olympique-de-marseille,0.0,0.0,0.0,0.0,0.0,72.84,82750000,0.0,0.0,0.0,0.0,0.0,73.85,58850000,,,,A
8242,2014/15,,stade-de-reims,as-monaco,0.0,0.0,0.0,0.0,0.0,69.92,48600000,0.0,0.0,0.0,0.0,0.0,73.63,257100000,,,,A
8243,2014/15,,losc-lille,stade-de-reims,0.0,0.0,0.0,0.0,0.0,72.18,86050000,0.0,0.0,0.0,0.0,0.0,69.92,48600000,,,,H
8244,2014/15,,fc-lorient,stade-rennais,0.0,0.0,0.0,0.0,0.0,70.23,70850000,0.0,0.0,0.0,0.0,0.0,73.39,253175000,,,,A
8245,2014/15,,fc-metz,toulouse-fc,0.0,0.0,0.0,0.0,0.0,67.29,41450000,0.0,0.0,0.0,0.0,0.0,68.76,60900000,,,,H
8246,2014/15,,olympique-de-marseille,paris-saint-germain,0.0,0.0,0.0,0.0,0.0,73.85,58850000,0.0,0.0,0.0,0.0,0.0,0.0,0,,,,A
8247,2014/15,,rc-lens,fc-lorient,0.0,0.0,0.0,0.0,0.0,72.84,82750000,0.0,0.0,0.0,0.0,0.0,70.23,70850000,,,,D
8248,2014/15,,stade-de-reims,ogc-nice,0.0,0.0,0.0,0.0,0.0,69.92,48600000,0.0,0.0,0.0,0.0,0.0,73.28,89200000,,,,A
8249,2014/15,,fc-nantes,olympique-de-marseille,0.0,0.0,0.0,0.0,0.0,69.58,54600000,0.0,0.0,0.0,0.0,0.0,73.85,58850000,,,,H
8250,2014/15,,fc-lorient,toulouse-fc,0.0,0.0,0.0,0.0,0.0,70.23,70850000,0.0,0.0,0.0,0.0,0.0,68.76,60900000,,,,A
8251,2014/15,,fc-metz,rc-lens,0.0,0.0,0.0,0.0,0.0,67.29,41450000,0.0,0.0,0.0,0.0,0.0,72.84,82750000,,,,H
8252,2014/15,,as-monaco,stade-rennais,0.0,0.0,0.0,0.0,0.0,73.63,257100000,0.0,0.0,0.0,0.0,0.0,73.39,253175000,,,,D
8253,2014/15,,ogc-nice,paris-saint-germain,0.0,0.0,0.0,0.0,0.0,73.28,89200000,0.0,0.0,0.0,0.0,0.0,0.0,0,,,,A
8254,2014/15,,olympique-de-marseille,fc-lorient,0.0,0.0,0.0,0.0,0.0,73.85,58850000,0.0,0.0,0.0,0.0,0.0,70.23,70850000,,,,A
8255,2014/15,,paris-saint-germain,losc-lille,0.0,0.0,0.0,0.0,0.0,0.0,0,0.0,0.0,0.0,0.0,0.0,72.18,86050000,,,,H
8256,2014/15,,stade-rennais,ogc-nice,0.0,0.0,0.0,0.0,0.0,73.39,253175000,0.0,0.0,0.0,0.0,0.0,73.28,89200000,,,,H
8257,2014/15,,toulouse-fc,fc-nantes,0.0,0.0,0.0,0.0,0.0,68.76,60900000,0.0,0.0,0.0,0.0,0.0,69.58,54600000,,,,D
8258,2014/15,,rc-lens,as-monaco,0.0,0.0,0.0,0.0,0.0,72.84,82750000,0.0,0.0,0.0,0.0,0.0,73.63,257100000,,,,A
8259,2014/15,,stade-de-reims,olympique-lyonnais,0.0,0.0,0.0,0.0,0.0,69.92,48600000,0.0,0.0,0.0,0.0,0.0,72.74,89500000,,,,A
8260,2014/15,,paris-saint-germain,fc-metz,0.0,0.0,0.0,0.0,0.0,0.0,0,0.0,0.0,0.0,0.0,0.0,67.29,41450000,,,,H
8261,2014/15,,fc-metz,olympique-de-marseille,0.0,0.0,0.0,0.0,0.0,67.29,41450000,0.0,0.0,0.0,0.0,0.0,73.85,58850000,,,,A
8262,2014/15,,losc-lille,rc-lens,0.0,0.0,0.0,0.0,0.0,72.18,86050000,0.0,0.0,0.0,0.0,0.0,72.84,82750000,,,,H
8263,2014/15,,as-monaco,toulouse-fc,0.0,0.0,0.0,0.0,0.0,73.63,257100000,0.0,0.0,0.0,0.0,0.0,68.76,60900000,,,,H
8264,2014/15,,fc-nantes,paris-saint-germain,0.0,0.0,0.0,0.0,0.0,69.58,54600000,0.0,0.0,0.0,0.0,0.0,0.0,0,,,,A
8265,2014/15,,fc-metz,fc-lorient,0.0,0.0,0.0,0.0,0.0,67.29,41450000,0.0,0.0,0.0,0.0,0.0,70.23,70850000,,,,A
8266,2014/15,,toulouse-fc,losc-lille,0.0,0.0,0.0,0.0,0.0,68.76,60900000,0.0,0.0,0.0,0.0,0.0,72.18,86050000,,,,H
8267,2014/15,,olympique-de-marseille,as-monaco,0.0,0.0,0.0,0.0,0.0,73.85,58850000,0.0,0.0,0.0,0.0,0.0,73.63,257100000,,,,H
8268,2014/15,,losc-lille,olympique-de-marseille,0.0,0.0,0.0,0.0,0.0,72.18,86050000,0.0,0.0,0.0,0.0,0.0,73.85,58850000,,,,A
8269,2014/15,,as-monaco,fc-metz,0.0,0.0,0.0,0.0,0.0,73.63,257100000,0.0,0.0,0.0,0.0,0.0,67.29,41450000,,,,H
8270,2014/15,,fc-nantes,fc-lorient,0.0,0.0,0.0,0.0,0.0,69.58,54600000,0.0,0.0,0.0,0.0,0.0,70.23,70850000,,,,D
8271,2014/15,,ogc-nice,rc-lens,0.0,0.0,0.0,0.0,0.0,73.28,89200000,0.0,0.0,0.0,0.0,0.0,72.84,82750000,,,,H
8272,2014/15,,stade-de-reims,stade-rennais,0.0,0.0,0.0,0.0,0.0,69.92,48600000,0.0,0.0,0.0,0.0,0.0,73.39,253175000,,,,H
8273,2014/15,,rc-lens,fc-nantes,0.0,0.0,0.0,0.0,0.0,72.84,82750000,0.0,0.0,0.0,0.0,0.0,69.58,54600000,,,,H
8274,2014/15,,fc-lorient,as-monaco,0.0,0.0,0.0,0.0,0.0,70.23,70850000,0.0,0.0,0.0,0.0,0.0,73.63,257100000,,,,A
8275,2014/15,,fc-metz,losc-lille,0.0,0.0,0.0,0.0,0.0,67.29,41450000,0.0,0.0,0.0,0.0,0.0,72.18,86050000,,,,A
8276,2014/15,,paris-saint-germain,stade-de-reims,0.0,0.0,0.0,0.0,0.0,0.0,0,0.0,0.0,0.0,0.0,0.0,69.92,48600000,,,,H
8277,2014/15,,stade-rennais,olympique-lyonnais,0.0,0.0,0.0,0.0,0.0,73.39,253175000,0.0,0.0,0.0,0.0,0.0,72.74,89500000,,,,A
8278,2014/15,,toulouse-fc,ogc-nice,0.0,0.0,0.0,0.0,0.0,68.76,60900000,0.0,0.0,0.0,0.0,0.0,73.28,89200000,,,,A
8279,2015/16,,losc-lille,paris-saint-germain,0.0,0.0,0.0,0.0,0.0,72.18,86050000,0.0,0.0,0.0,0.0,0.0,0.0,0,,,,A
8280,2015/16,,ogc-nice,as-monaco,0.0,0.0,0.0,0.0,0.0,73.28,89200000,0.0,0.0,0.0,0.0,0.0,73.63,257100000,,,,A
8281,2015/16,,olympique-lyonnais,fc-lorient,0.0,0.0,0.0,0.0,0.0,72.74,89500000,0.0,0.0,0.0,0.0,0.0,70.23,70850000,,,,D
8282,2015/16,,as-monaco,losc-lille,0.0,0.0,0.0,0.0,0.0,73.63,257100000,0.0,0.0,0.0,0.0,0.0,72.18,86050000,,,,D
8283,2015/16,,angers-sco,fc-nantes,0.0,0.0,0.0,0.0,0.0,0.0,0,0.0,0.0,0.0,0.0,0.0,69.58,54600000,,,,D
8284,2015/16,,stade-de-reims,olympique-de-marseille,0.0,0.0,0.0,0.0,0.0,69.92,48600000,0.0,0.0,0.0,0.0,0.0,73.85,58850000,,,,H
8285,2015/16,,olympique-lyonnais,stade-rennais,0.0,0.0,0.0,0.0,0.0,72.74,89500000,0.0,0.0,0.0,0.0,0.0,73.39,253175000,,,,A
8286,2015/16,,fc-nantes,stade-de-reims,0.0,0.0,0.0,0.0,0.0,69.58,54600000,0.0,0.0,0.0,0.0,0.0,69.92,48600000,,,,H
8287,2015/16,,toulouse-fc,as-monaco,0.0,0.0,0.0,0.0,0.0,68.76,60900000,0.0,0.0,0.0,0.0,0.0,73.63,257100000,,,,D
8288,2015/16,,angers-sco,ogc-nice,0.0,0.0,0.0,0.0,0.0,0.0,0,0.0,0.0,0.0,0.0,0.0,73.28,89200000,,,,D
8289,2015/16,,stade-de-reims,fc-lorient,0.0,0.0,0.0,0.0,0.0,69.92,48600000,0.0,0.0,0.0,0.0,0.0,70.23,70850000,,,,H
8290,2015/16,,stade-rennais,toulouse-fc,0.0,0.0,0.0,0.0,0.0,73.39,253175000,0.0,0.0,0.0,0.0,0.0,68.76,60900000,,,,H
8291,2015/16,,as-monaco,paris-saint-germain,0.0,0.0,0.0,0.0,0.0,73.63,257100000,0.0,0.0,0.0,0.0,0.0,0.0,0,,,,A
8292,2015/16,,fc-lorient,angers-sco,0.0,0.0,0.0,0.0,0.0,70.23,70850000,0.0,0.0,0.0,0.0,0.0,0.0,0,,,,H
8293,2015/16,,olympique-lyonnais,losc-lille,0.0,0.0,0.0,0.0,0.0,72.74,89500000,0.0,0.0,0.0,0.0,0.0,72.18,86050000,,,,D
8294,2015/16,,toulouse-fc,stade-de-reims,0.0,0.0,0.0,0.0,0.0,68.76,60900000,0.0,0.0,0.0,0.0,0.0,69.92,48600000,,,,D
8295,2015/16,,fc-nantes,stade-rennais,0.0,0.0,0.0,0.0,0.0,69.58,54600000,0.0,0.0,0.0,0.0,0.0,73.39,253175000,,,,A
8296,2015/16,,stade-rennais,losc-lille,0.0,0.0,0.0,0.0,0.0,73.39,253175000,0.0,0.0,0.0,0.0,0.0,72.18,86050000,,,,D
8297,2015/16,,stade-de-reims,paris-saint-germain,0.0,0.0,0.0,0.0,0.0,69.92,48600000,0.0,0.0,0.0,0.0,0.0,0.0,0,,,,D
8298,2015/16,,olympique-de-marseille,olympique-lyonnais,0.0,0.0,0.0,0.0,0.0,73.85,58850000,0.0,0.0,0.0,0.0,0.0,72.74,89500000,,,,D
8299,2015/16,,as-monaco,fc-lorient,0.0,0.0,0.0,0.0,0.0,73.63,257100000,0.0,0.0,0.0,0.0,0.0,70.23,70850000,,,,A
8300,2015/16,,angers-sco,stade-de-reims,0.0,0.0,0.0,0.0,0.0,0.0,0,0.0,0.0,0.0,0.0,0.0,69.92,48600000,,,,D
8301,2015/16,,toulouse-fc,olympique-de-marseille,0.0,0.0,0.0,0.0,0.0,68.76,60900000,0.0,0.0,0.0,0.0,0.0,73.85,58850000,,,,D
8302,2015/16,,stade-de-reims,losc-lille,0.0,0.0,0.0,0.0,0.0,69.92,48600000,0.0,0.0,0.0,0.0,0.0,72.18,86050000,,,,H
8303,2015/16,,fc-nantes,paris-saint-germain,0.0,0.0,0.0,0.0,0.0,69.58,54600000,0.0,0.0,0.0,0.0,0.0,0.0,0,,,,A
8304,2015/16,,olympique-de-marseille,angers-sco,0.0,0.0,0.0,0.0,0.0,73.85,58850000,0.0,0.0,0.0,0.0,0.0,0.0,0,,,,A
8305,2015/16,,losc-lille,fc-nantes,0.0,0.0,0.0,0.0,0.0,72.18,86050000,0.0,0.0,0.0,0.0,0.0,69.58,54600000,,,,A
8306,2015/16,,olympique-lyonnais,stade-de-reims,0.0,0.0,0.0,0.0,0.0,72.74,89500000,0.0,0.0,0.0,0.0,0.0,69.92,48600000,,,,H
8307,2015/16,,as-monaco,stade-rennais,0.0,0.0,0.0,0.0,0.0,73.63,257100000,0.0,0.0,0.0,0.0,0.0,73.39,253175000,,,,D
8308,2015/16,,paris-saint-germain,olympique-de-marseille,0.0,0.0,0.0,0.0,0.0,0.0,0,0.0,0.0,0.0,0.0,0.0,73.85,58850000,,,,H
8309,2015/16,,as-monaco,olympique-lyonnais,0.0,0.0,0.0,0.0,0.0,73.63,257100000,0.0,0.0,0.0,0.0,0.0,72.74,89500000,,,,D
8310,2015/16,,toulouse-fc,angers-sco,0.0,0.0,0.0,0.0,0.0,68.76,60900000,0.0,0.0,0.0,0.0,0.0,0.0,0,,,,A
8311,2015/16,,olympique-de-marseille,fc-lorient,0.0,0.0,0.0,0.0,0.0,73.85,58850000,0.0,0.0,0.0,0.0,0.0,70.23,70850000,,,,D
8312,2015/16,,stade-rennais,ogc-nice,0.0,0.0,0.0,0.0,0.0,73.39,253175000,0.0,0.0,0.0,0.0,0.0,73.28,89200000,,,,A
8313,2015/16,,olympique-lyonnais,toulouse-fc,0.0,0.0,0.0,0.0,0.0,72.74,89500000,0.0,0.0,0.0,0.0,0.0,68.76,60900000,,,,H
8314,2015/16,,fc-lorient,stade-rennais,0.0,0.0,0.0,0.0,0.0,70.23,70850000,0.0,0.0,0.0,0.0,0.0,73.39,253175000,,,,D
8315,2015/16,,losc-lille,olympique-de-marseille,0.0,0.0,0.0,0.0,0.0,72.18,86050000,0.0,0.0,0.0,0.0,0.0,73.85,58850000,,,,A
8316,2015/16,,stade-de-reims,as-monaco,0.0,0.0,0.0,0.0,0.0,69.92,48600000,0.0,0.0,0.0,0.0,0.0,73.63,257100000,,,,A
8317,2015/16,,stade-rennais,paris-saint-germain,0.0,0.0,0.0,0.0,0.0,73.39,253175000,0.0,0.0,0.0,0.0,0.0,0.0,0,,,,A
8318,2015/16,,as-monaco,angers-sco,0.0,0.0,0.0,0.0,0.0,73.63,257100000,0.0,0.0,0.0,0.0,0.0,0.0,0,,,,H
8319,2015/16,,fc-nantes,olympique-de-marseille,0.0,0.0,0.0,0.0,0.0,69.58,54600000,0.0,0.0,0.0,0.0,0.0,73.85,58850000,,,,A
8320,2015/16,,ogc-nice,losc-lille,0.0,0.0,0.0,0.0,0.0,73.28,89200000,0.0,0.0,0.0,0.0,0.0,72.18,86050000,,,,D
8321,2015/16,,ogc-nice,fc-nantes,0.0,0.0,0.0,0.0,0.0,73.28,89200000,0.0,0.0,0.0,0.0,0.0,69.58,54600000,,,,A
8322,2015/16,,angers-sco,stade-rennais,0.0,0.0,0.0,0.0,0.0,0.0,0,0.0,0.0,0.0,0.0,0.0,73.39,253175000,,,,A
8323,2015/16,,paris-saint-germain,toulouse-fc,0.0,0.0,0.0,0.0,0.0,0.0,0,0.0,0.0,0.0,0.0,0.0,68.76,60900000,,,,H
8324,2015/16,,olympique-de-marseille,ogc-nice,0.0,0.0,0.0,0.0,0.0,73.85,58850000,0.0,0.0,0.0,0.0,0.0,73.28,89200000,,,,A
8325,2015/16,,ogc-nice,olympique-lyonnais,0.0,0.0,0.0,0.0,0.0,73.28,89200000,0.0,0.0,0.0,0.0,0.0,72.74,89500000,,,,H
8326,2015/16,,fc-lorient,paris-saint-germain,0.0,0.0,0.0,0.0,0.0,70.23,70850000,0.0,0.0,0.0,0.0,0.0,0.0,0,,,,A
8327,2015/16,,as-monaco,fc-nantes,0.0,0.0,0.0,0.0,0.0,73.63,257100000,0.0,0.0,0.0,0.0,0.0,69.58,54600000,,,,H
8328,2015/16,,angers-sco,losc-lille,0.0,0.0,0.0,0.0,0.0,0.0,0,0.0,0.0,0.0,0.0,0.0,72.18,86050000,,,,H
8329,2015/16,,stade-de-reims,stade-rennais,0.0,0.0,0.0,0.0,0.0,69.92,48600000,0.0,0.0,0.0,0.0,0.0,73.39,253175000,,,,D
8330,2015/16,,toulouse-fc,ogc-nice,0.0,0.0,0.0,0.0,0.0,68.76,60900000,0.0,0.0,0.0,0.0,0.0,73.28,89200000,,,,H
8331,2015/16,,olympique-de-marseille,as-monaco,0.0,0.0,0.0,0.0,0.0,73.85,58850000,0.0,0.0,0.0,0.0,0.0,73.63,257100000,,,,D
8332,2015/16,,angers-sco,paris-saint-germain,0.0,0.0,0.0,0.0,0.0,0.0,0,0.0,0.0,0.0,0.0,0.0,0.0,0,,,,D
8333,2015/16,,fc-lorient,ogc-nice,0.0,0.0,0.0,0.0,0.0,70.23,70850000,0.0,0.0,0.0,0.0,0.0,73.28,89200000,,,,D
8334,2015/16,,fc-nantes,olympique-lyonnais,0.0,0.0,0.0,0.0,0.0,69.58,54600000,0.0,0.0,0.0,0.0,0.0,72.74,89500000,,,,D
8335,2015/16,,stade-rennais,olympique-de-marseille,0.0,0.0,0.0,0.0,0.0,73.39,253175000,0.0,0.0,0.0,0.0,0.0,73.85,58850000,,,,A
8336,2015/16,,ogc-nice,paris-saint-germain,0.0,0.0,0.0,0.0,0.0,73.28,89200000,0.0,0.0,0.0,0.0,0.0,0.0,0,,,,A
8337,2015/16,,olympique-lyonnais,angers-sco,0.0,0.0,0.0,0.0,0.0,72.74,89500000,0.0,0.0,0.0,0.0,0.0,0.0,0,,,,A
8338,2015/16,,toulouse-fc,fc-lorient,0.0,0.0,0.0,0.0,0.0,68.76,60900000,0.0,0.0,0.0,0.0,0.0,70.23,70850000,,,,A
8339,2015/16,,losc-lille,fc-lorient,0.0,0.0,0.0,0.0,0.0,72.18,86050000,0.0,0.0,0.0,0.0,0.0,70.23,70850000,,,,H
8340,2015/16,,fc-nantes,toulouse-fc,0.0,0.0,0.0,0.0,0.0,69.58,54600000,0.0,0.0,0.0,0.0,0.0,68.76,60900000,,,,D
8341,2015/16,,stade-de-reims,ogc-nice,0.0,0.0,0.0,0.0,0.0,69.92,48600000,0.0,0.0,0.0,0.0,0.0,73.28,89200000,,,,D
8342,2015/16,,paris-saint-germain,olympique-lyonnais,0.0,0.0,0.0,0.0,0.0,0.0,0,0.0,0.0,0.0,0.0,0.0,72.74,89500000,,,,H
8343,2015/16,,fc-lorient,fc-nantes,0.0,0.0,0.0,0.0,0.0,70.23,70850000,0.0,0.0,0.0,0.0,0.0,69.58,54600000,,,,D
8344,2015/16,,toulouse-fc,losc-lille,0.0,0.0,0.0,0.0,0.0,68.76,60900000,0.0,0.0,0.0,0.0,0.0,72.18,86050000,,,,D
8345,2015/16,,stade-de-reims,toulouse-fc,0.0,0.0,0.0,0.0,0.0,69.92,48600000,0.0,0.0,0.0,0.0,0.0,68.76,60900000,,,,A
8346,2015/16,,stade-rennais,fc-lorient,0.0,0.0,0.0,0.0,0.0,73.39,253175000,0.0,0.0,0.0,0.0,0.0,70.23,70850000,,,,D
8347,2015/16,,losc-lille,ogc-nice,0.0,0.0,0.0,0.0,0.0,72.18,86050000,0.0,0.0,0.0,0.0,0.0,73.28,89200000,,,,D
8348,2015/16,,ogc-nice,angers-sco,0.0,0.0,0.0,0.0,0.0,73.28,89200000,0.0,0.0,0.0,0.0,0.0,0.0,0,,,,H
8349,2015/16,,toulouse-fc,paris-saint-germain,0.0,0.0,0.0,0.0,0.0,68.76,60900000,0.0,0.0,0.0,0.0,0.0,0.0,0,,,,A
8350,2015/16,,fc-lorient,as-monaco,0.0,0.0,0.0,0.0,0.0,70.23,70850000,0.0,0.0,0.0,0.0,0.0,73.63,257100000,,,,A
8351,2015/16,,ogc-nice,fc-lorient,0.0,0.0,0.0,0.0,0.0,73.28,89200000,0.0,0.0,0.0,0.0,0.0,70.23,70850000,,,,H
8352,2015/16,,paris-saint-germain,angers-sco,0.0,0.0,0.0,0.0,0.0,0.0,0,0.0,0.0,0.0,0.0,0.0,0.0,0,,,,H
8353,2015/16,,olympique-lyonnais,olympique-de-marseille,0.0,0.0,0.0,0.0,0.0,72.74,89500000,0.0,0.0,0.0,0.0,0.0,73.85,58850000,,,,D
8354,2015/16,,as-monaco,toulouse-fc,0.0,0.0,0.0,0.0,0.0,73.63,257100000,0.0,0.0,0.0,0.0,0.0,68.76,60900000,,,,H
8355,2015/16,,olympique-de-marseille,losc-lille,0.0,0.0,0.0,0.0,0.0,73.85,58850000,0.0,0.0,0.0,0.0,0.0,72.18,86050000,,,,D
8356,2015/16,,angers-sco,as-monaco,0.0,0.0,0.0,0.0,0.0,0.0,0,0.0,0.0,0.0,0.0,0.0,73.63,257100000,,,,H
8357,2015/16,,fc-lorient,stade-de-reims,0.0,0.0,0.0,0.0,0.0,70.23,70850000,0.0,0.0,0.0,0.0,0.0,69.92,48600000,,,,H
8358,2015/16,,ogc-nice,toulouse-fc,0.0,0.0,0.0,0.0,0.0,73.28,89200000,0.0,0.0,0.0,0.0,0.0,68.76,60900000,,,,H
8359,2015/16,,paris-saint-germain,fc-lorient,0.0,0.0,0.0,0.0,0.0,0.0,0,0.0,0.0,0.0,0.0,0.0,70.23,70850000,,,,H
8360,2015/16,,stade-de-reims,angers-sco,0.0,0.0,0.0,0.0,0.0,69.92,48600000,0.0,0.0,0.0,0.0,0.0,0.0,0,,,,H
8361,2015/16,,angers-sco,olympique-lyonnais,0.0,0.0,0.0,0.0,0.0,0.0,0,0.0,0.0,0.0,0.0,0.0,72.74,89500000,,,,A
8362,2015/16,,as-monaco,ogc-nice,0.0,0.0,0.0,0.0,0.0,73.63,257100000,0.0,0.0,0.0,0.0,0.0,73.28,89200000,,,,H
8363,2015/16,,toulouse-fc,fc-nantes,0.0,0.0,0.0,0.0,0.0,68.76,60900000,0.0,0.0,0.0,0.0,0.0,69.58,54600000,,,,D
8364,2015/16,,losc-lille,stade-rennais,0.0,0.0,0.0,0.0,0.0,72.18,86050000,0.0,0.0,0.0,0.0,0.0,73.39,253175000,,,,D
8365,2015/16,,olympique-de-marseille,paris-saint-germain,0.0,0.0,0.0,0.0,0.0,73.85,58850000,0.0,0.0,0.0,0.0,0.0,0.0,0,,,,A
8366,2015/16,,stade-rennais,angers-sco,0.0,0.0,0.0,0.0,0.0,73.39,253175000,0.0,0.0,0.0,0.0,0.0,0.0,0,,,,H
8367,2015/16,,fc-nantes,fc-lorient,0.0,0.0,0.0,0.0,0.0,69.58,54600000,0.0,0.0,0.0,0.0,0.0,70.23,70850000,,,,H
8368,2015/16,,paris-saint-germain,losc-lille,0.0,0.0,0.0,0.0,0.0,0.0,0,0.0,0.0,0.0,0.0,0.0,72.18,86050000,,,,D
8369,2015/16,,ogc-nice,olympique-de-marseille,0.0,0.0,0.0,0.0,0.0,73.28,89200000,0.0,0.0,0.0,0.0,0.0,73.85,58850000,,,,D
8370,2015/16,,paris-saint-germain,stade-de-reims,0.0,0.0,0.0,0.0,0.0,0.0,0,0.0,0.0,0.0,0.0,0.0,69.92,48600000,,,,H
8371,2015/16,,losc-lille,olympique-lyonnais,0.0,0.0,0.0,0.0,0.0,72.18,86050000,0.0,0.0,0.0,0.0,0.0,72.74,89500000,,,,H
8372,2015/16,,toulouse-fc,stade-rennais,0.0,0.0,0.0,0.0,0.0,68.76,60900000,0.0,0.0,0.0,0.0,0.0,73.39,253175000,,,,A
8373,2015/16,,olympique-lyonnais,paris-saint-germain,0.0,0.0,0.0,0.0,0.0,72.74,89500000,0.0,0.0,0.0,0.0,0.0,0.0,0,,,,H
8374,2015/16,,fc-nantes,as-monaco,0.0,0.0,0.0,0.0,0.0,69.58,54600000,0.0,0.0,0.0,0.0,0.0,73.63,257100000,,,,D
8375,2015/16,,losc-lille,stade-de-reims,0.0,0.0,0.0,0.0,0.0,72.18,86050000,0.0,0.0,0.0,0.0,0.0,69.92,48600000,,,,H
8376,2015/16,,olympique-de-marseille,toulouse-fc,0.0,0.0,0.0,0.0,0.0,73.85,58850000,0.0,0.0,0.0,0.0,0.0,68.76,60900000,,,,D
8377,2015/16,,stade-rennais,fc-nantes,0.0,0.0,0.0,0.0,0.0,73.39,253175000,0.0,0.0,0.0,0.0,0.0,69.58,54600000,,,,H
8378,2015/16,,as-monaco,stade-de-reims,0.0,0.0,0.0,0.0,0.0,73.63,257100000,0.0,0.0,0.0,0.0,0.0,69.92,48600000,,,,D
8379,2015/16,,fc-lorient,olympique-de-marseille,0.0,0.0,0.0,0.0,0.0,70.23,70850000,0.0,0.0,0.0,0.0,0.0,73.85,58850000,,,,D
8380,2015/16,,fc-nantes,angers-sco,0.0,0.0,0.0,0.0,0.0,69.58,54600000,0.0,0.0,0.0,0.0,0.0,0.0,0,,,,H
8381,2015/16,,stade-rennais,olympique-lyonnais,0.0,0.0,0.0,0.0,0.0,73.39,253175000,0.0,0.0,0.0,0.0,0.0,72.74,89500000,,,,D
8382,2015/16,,olympique-de-marseille,stade-rennais,0.0,0.0,0.0,0.0,0.0,73.85,58850000,0.0,0.0,0.0,0.0,0.0,73.39,253175000,,,,A
8383,2015/16,,angers-sco,fc-lorient,0.0,0.0,0.0,0.0,0.0,0.0,0,0.0,0.0,0.0,0.0,0.0,70.23,70850000,,,,H
8384,2015/16,,losc-lille,toulouse-fc,0.0,0.0,0.0,0.0,0.0,72.18,86050000,0.0,0.0,0.0,0.0,0.0,68.76,60900000,,,,H
8385,2015/16,,olympique-lyonnais,fc-nantes,0.0,0.0,0.0,0.0,0.0,72.74,89500000,0.0,0.0,0.0,0.0,0.0,69.58,54600000,,,,H
8386,2015/16,,paris-saint-germain,as-monaco,0.0,0.0,0.0,0.0,0.0,0.0,0,0.0,0.0,0.0,0.0,0.0,73.63,257100000,,,,A
8387,2015/16,,paris-saint-germain,ogc-nice,0.0,0.0,0.0,0.0,0.0,0.0,0,0.0,0.0,0.0,0.0,0.0,73.28,89200000,,,,H
8388,2015/16,,stade-rennais,stade-de-reims,0.0,0.0,0.0,0.0,0.0,73.39,253175000,0.0,0.0,0.0,0.0,0.0,69.92,48600000,,,,H
8389,2015/16,,fc-lorient,olympique-lyonnais,0.0,0.0,0.0,0.0,0.0,70.23,70850000,0.0,0.0,0.0,0.0,0.0,72.74,89500000,,,,A
8390,2015/16,,fc-nantes,losc-lille,0.0,0.0,0.0,0.0,0.0,69.58,54600000,0.0,0.0,0.0,0.0,0.0,72.18,86050000,,,,A
8391,2015/16,,stade-de-reims,fc-nantes,0.0,0.0,0.0,0.0,0.0,69.92,48600000,0.0,0.0,0.0,0.0,0.0,69.58,54600000,,,,H
8392,2015/16,,losc-lille,as-monaco,0.0,0.0,0.0,0.0,0.0,72.18,86050000,0.0,0.0,0.0,0.0,0.0,73.63,257100000,,,,H
8393,2015/16,,ogc-nice,stade-rennais,0.0,0.0,0.0,0.0,0.0,73.28,89200000,0.0,0.0,0.0,0.0,0.0,73.39,253175000,,,,H
8394,2015/16,,olympique-lyonnais,ogc-nice,0.0,0.0,0.0,0.0,0.0,72.74,89500000,0.0,0.0,0.0,0.0,0.0,73.28,89200000,,,,D
8395,2015/16,,fc-lorient,toulouse-fc,0.0,0.0,0.0,0.0,0.0,70.23,70850000,0.0,0.0,0.0,0.0,0.0,68.76,60900000,,,,D
8396,2015/16,,as-monaco,olympique-de-marseille,0.0,0.0,0.0,0.0,0.0,73.63,257100000,0.0,0.0,0.0,0.0,0.0,73.85,58850000,,,,H
8397,2015/16,,ogc-nice,stade-de-reims,0.0,0.0,0.0,0.0,0.0,73.28,89200000,0.0,0.0,0.0,0.0,0.0,69.92,48600000,,,,H
8398,2015/16,,toulouse-fc,olympique-lyonnais,0.0,0.0,0.0,0.0,0.0,68.76,60900000,0.0,0.0,0.0,0.0,0.0,72.74,89500000,,,,A
8399,2015/16,,olympique-de-marseille,fc-nantes,0.0,0.0,0.0,0.0,0.0,73.85,58850000,0.0,0.0,0.0,0.0,0.0,69.58,54600000,,,,D
8400,2015/16,,stade-rennais,as-monaco,0.0,0.0,0.0,0.0,0.0,73.39,253175000,0.0,0.0,0.0,0.0,0.0,73.63,257100000,,,,D
8401,2015/16,,losc-lille,angers-sco,0.0,0.0,0.0,0.0,0.0,72.18,86050000,0.0,0.0,0.0,0.0,0.0,0.0,0,,,,D
8402,2015/16,,paris-saint-germain,stade-rennais,0.0,0.0,0.0,0.0,0.0,0.0,0,0.0,0.0,0.0,0.0,0.0,73.39,253175000,,,,H
8403,2015/16,,fc-lorient,losc-lille,0.0,0.0,0.0,0.0,0.0,70.23,70850000,0.0,0.0,0.0,0.0,0.0,72.18,86050000,,,,A
8404,2015/16,,fc-nantes,ogc-nice,0.0,0.0,0.0,0.0,0.0,69.58,54600000,0.0,0.0,0.0,0.0,0.0,73.28,89200000,,,,H
8405,2015/16,,angers-sco,olympique-de-marseille,0.0,0.0,0.0,0.0,0.0,0.0,0,0.0,0.0,0.0,0.0,0.0,73.85,58850000,,,,A
8406,2015/16,,olympique-lyonnais,as-monaco,0.0,0.0,0.0,0.0,0.0,72.74,89500000,0.0,0.0,0.0,0.0,0.0,73.63,257100000,,,,H
8407,2015/16,,olympique-de-marseille,stade-de-reims,0.0,0.0,0.0,0.0,0.0,73.85,58850000,0.0,0.0,0.0,0.0,0.0,69.92,48600000,,,,H
8408,2015/16,,angers-sco,toulouse-fc,0.0,0.0,0.0,0.0,0.0,0.0,0,0.0,0.0,0.0,0.0,0.0,68.76,60900000,,,,A
8409,2015/16,,paris-saint-germain,fc-nantes,0.0,0.0,0.0,0.0,0.0,0.0,0,0.0,0.0,0.0,0.0,0.0,69.58,54600000,,,,H
8410,2015/16,,stade-de-reims,olympique-lyonnais,0.0,0.0,0.0,0.0,0.0,69.92,48600000,0.0,0.0,0.0,0.0,0.0,72.74,89500000,,,,H
8411,2016/17,,fc-metz,losc-lille,0.0,0.0,0.0,0.0,0.0,67.29,41450000,0.0,0.0,0.0,0.0,0.0,72.18,86050000,,,,H
8412,2016/17,,olympique-de-marseille,toulouse-fc,0.0,0.0,0.0,0.0,0.0,73.85,58850000,0.0,0.0,0.0,0.0,0.0,68.76,60900000,,,,D
8413,2016/17,,ogc-nice,stade-rennais,0.0,0.0,0.0,0.0,0.0,73.28,89200000,0.0,0.0,0.0,0.0,0.0,73.39,253175000,,,,H
8414,2016/17,,angers-sco,ogc-nice,0.0,0.0,0.0,0.0,0.0,0.0,0,0.0,0.0,0.0,0.0,0.0,73.28,89200000,,,,A
8415,2016/17,,fc-nantes,as-monaco,0.0,0.0,0.0,0.0,0.0,69.58,54600000,0.0,0.0,0.0,0.0,0.0,73.63,257100000,,,,A
8416,2016/17,,paris-saint-germain,fc-metz,0.0,0.0,0.0,0.0,0.0,0.0,0,0.0,0.0,0.0,0.0,0.0,67.29,41450000,,,,H
8417,2016/17,,olympique-de-marseille,fc-lorient,0.0,0.0,0.0,0.0,0.0,73.85,58850000,0.0,0.0,0.0,0.0,0.0,70.23,70850000,,,,H
8418,2016/17,,fc-metz,angers-sco,0.0,0.0,0.0,0.0,0.0,67.29,41450000,0.0,0.0,0.0,0.0,0.0,0.0,0,,,,H
8419,2016/17,,ogc-nice,losc-lille,0.0,0.0,0.0,0.0,0.0,73.28,89200000,0.0,0.0,0.0,0.0,0.0,72.18,86050000,,,,D
8420,2016/17,,as-monaco,paris-saint-germain,0.0,0.0,0.0,0.0,0.0,73.63,257100000,0.0,0.0,0.0,0.0,0.0,0.0,0,,,,H
8421,2016/17,,losc-lille,as-monaco,0.0,0.0,0.0,0.0,0.0,72.18,86050000,0.0,0.0,0.0,0.0,0.0,73.63,257100000,,,,A
8422,2016/17,,fc-nantes,fc-metz,0.0,0.0,0.0,0.0,0.0,69.58,54600000,0.0,0.0,0.0,0.0,0.0,67.29,41450000,,,,A
8423,2016/17,,ogc-nice,olympique-de-marseille,0.0,0.0,0.0,0.0,0.0,73.28,89200000,0.0,0.0,0.0,0.0,0.0,73.85,58850000,,,,H
8424,2016/17,,fc-lorient,losc-lille,0.0,0.0,0.0,0.0,0.0,70.23,70850000,0.0,0.0,0.0,0.0,0.0,72.18,86050000,,,,H
8425,2016/17,,as-monaco,stade-rennais,0.0,0.0,0.0,0.0,0.0,73.63,257100000,0.0,0.0,0.0,0.0,0.0,73.39,253175000,,,,H
8426,2016/17,,olympique-de-marseille,olympique-lyonnais,0.0,0.0,0.0,0.0,0.0,73.85,58850000,0.0,0.0,0.0,0.0,0.0,72.74,89500000,,,,D
8427,2016/17,,losc-lille,toulouse-fc,0.0,0.0,0.0,0.0,0.0,72.18,86050000,0.0,0.0,0.0,0.0,0.0,68.76,60900000,,,,A
8428,2016/17,,ogc-nice,as-monaco,0.0,0.0,0.0,0.0,0.0,73.28,89200000,0.0,0.0,0.0,0.0,0.0,73.63,257100000,,,,H
8429,2016/17,,stade-rennais,olympique-de-marseille,0.0,0.0,0.0,0.0,0.0,73.39,253175000,0.0,0.0,0.0,0.0,0.0,73.85,58850000,,,,H
8430,2016/17,,toulouse-fc,paris-saint-germain,0.0,0.0,0.0,0.0,0.0,68.76,60900000,0.0,0.0,0.0,0.0,0.0,0.0,0,,,,H
8431,2016/17,,fc-lorient,olympique-lyonnais,0.0,0.0,0.0,0.0,0.0,70.23,70850000,0.0,0.0,0.0,0.0,0.0,72.74,89500000,,,,H
8432,2016/17,,as-monaco,angers-sco,0.0,0.0,0.0,0.0,0.0,73.63,257100000,0.0,0.0,0.0,0.0,0.0,0.0,0,,,,H
8433,2016/17,,olympique-de-marseille,fc-nantes,0.0,0.0,0.0,0.0,0.0,73.85,58850000,0.0,0.0,0.0,0.0,0.0,69.58,54600000,,,,H
8434,2016/17,,fc-metz,as-monaco,0.0,0.0,0.0,0.0,0.0,67.29,41450000,0.0,0.0,0.0,0.0,0.0,73.63,257100000,,,,A
8435,2016/17,,angers-sco,olympique-de-marseille,0.0,0.0,0.0,0.0,0.0,0.0,0,0.0,0.0,0.0,0.0,0.0,73.85,58850000,,,,D
8436,2016/17,,ogc-nice,fc-lorient,0.0,0.0,0.0,0.0,0.0,73.28,89200000,0.0,0.0,0.0,0.0,0.0,70.23,70850000,,,,H
8437,2016/17,,ogc-nice,olympique-lyonnais,0.0,0.0,0.0,0.0,0.0,73.28,89200000,0.0,0.0,0.0,0.0,0.0,72.74,89500000,,,,H
8438,2016/17,,toulouse-fc,as-monaco,0.0,0.0,0.0,0.0,0.0,68.76,60900000,0.0,0.0,0.0,0.0,0.0,73.63,257100000,,,,H
8439,2016/17,,fc-lorient,fc-nantes,0.0,0.0,0.0,0.0,0.0,70.23,70850000,0.0,0.0,0.0,0.0,0.0,69.58,54600000,,,,A
8440,2016/17,,olympique-de-marseille,fc-metz,0.0,0.0,0.0,0.0,0.0,73.85,58850000,0.0,0.0,0.0,0.0,0.0,67.29,41450000,,,,H
8441,2016/17,,angers-sco,toulouse-fc,0.0,0.0,0.0,0.0,0.0,0.0,0,0.0,0.0,0.0,0.0,0.0,68.76,60900000,,,,D
8442,2016/17,,fc-nantes,stade-rennais,0.0,0.0,0.0,0.0,0.0,69.58,54600000,0.0,0.0,0.0,0.0,0.0,73.39,253175000,,,,A
8443,2016/17,,fc-metz,ogc-nice,0.0,0.0,0.0,0.0,0.0,67.29,41450000,0.0,0.0,0.0,0.0,0.0,73.28,89200000,,,,A
8444,2016/17,,paris-saint-germain,olympique-de-marseille,0.0,0.0,0.0,0.0,0.0,0.0,0,0.0,0.0,0.0,0.0,0.0,73.85,58850000,,,,D
8445,2016/17,,losc-lille,paris-saint-germain,0.0,0.0,0.0,0.0,0.0,72.18,86050000,0.0,0.0,0.0,0.0,0.0,0.0,0,,,,A
8446,2016/17,,toulouse-fc,olympique-lyonnais,0.0,0.0,0.0,0.0,0.0,68.76,60900000,0.0,0.0,0.0,0.0,0.0,72.74,89500000,,,,A
8447,2016/17,,ogc-nice,fc-nantes,0.0,0.0,0.0,0.0,0.0,73.28,89200000,0.0,0.0,0.0,0.0,0.0,69.58,54600000,,,,H
8448,2016/17,,stade-rennais,fc-metz,0.0,0.0,0.0,0.0,0.0,73.39,253175000,0.0,0.0,0.0,0.0,0.0,67.29,41450000,,,,H
8449,2016/17,,angers-sco,losc-lille,0.0,0.0,0.0,0.0,0.0,0.0,0,0.0,0.0,0.0,0.0,0.0,72.18,86050000,,,,H
8450,2016/17,,fc-nantes,toulouse-fc,0.0,0.0,0.0,0.0,0.0,69.58,54600000,0.0,0.0,0.0,0.0,0.0,68.76,60900000,,,,D
8451,2016/17,,paris-saint-germain,stade-rennais,0.0,0.0,0.0,0.0,0.0,0.0,0,0.0,0.0,0.0,0.0,0.0,73.39,253175000,,,,H
8452,2016/17,,losc-lille,olympique-lyonnais,0.0,0.0,0.0,0.0,0.0,72.18,86050000,0.0,0.0,0.0,0.0,0.0,72.74,89500000,,,,A
8453,2016/17,,fc-lorient,as-monaco,0.0,0.0,0.0,0.0,0.0,70.23,70850000,0.0,0.0,0.0,0.0,0.0,73.63,257100000,,,,A
8454,2016/17,,paris-saint-germain,fc-nantes,0.0,0.0,0.0,0.0,0.0,0.0,0,0.0,0.0,0.0,0.0,0.0,69.58,54600000,,,,H
8455,2016/17,,stade-rennais,angers-sco,0.0,0.0,0.0,0.0,0.0,73.39,253175000,0.0,0.0,0.0,0.0,0.0,0.0,0,,,,D
8456,2016/17,,toulouse-fc,fc-metz,0.0,0.0,0.0,0.0,0.0,68.76,60900000,0.0,0.0,0.0,0.0,0.0,67.29,41450000,,,,A
8457,2016/17,,stade-rennais,toulouse-fc,0.0,0.0,0.0,0.0,0.0,73.39,253175000,0.0,0.0,0.0,0.0,0.0,68.76,60900000,,,,H
8458,2016/17,,fc-metz,fc-lorient,0.0,0.0,0.0,0.0,0.0,67.29,41450000,0.0,0.0,0.0,0.0,0.0,70.23,70850000,,,,D
8459,2016/17,,as-monaco,olympique-de-marseille,0.0,0.0,0.0,0.0,0.0,73.63,257100000,0.0,0.0,0.0,0.0,0.0,73.85,58850000,,,,H
8460,2016/17,,fc-nantes,losc-lille,0.0,0.0,0.0,0.0,0.0,69.58,54600000,0.0,0.0,0.0,0.0,0.0,72.18,86050000,,,,D
8461,2016/17,,olympique-lyonnais,paris-saint-germain,0.0,0.0,0.0,0.0,0.0,72.74,89500000,0.0,0.0,0.0,0.0,0.0,0.0,0,,,,A
8462,2016/17,,fc-lorient,stade-rennais,0.0,0.0,0.0,0.0,0.0,70.23,70850000,0.0,0.0,0.0,0.0,0.0,73.39,253175000,,,,H
8463,2016/17,,fc-nantes,olympique-lyonnais,0.0,0.0,0.0,0.0,0.0,69.58,54600000,0.0,0.0,0.0,0.0,0.0,72.74,89500000,,,,A
8464,2016/17,,paris-saint-germain,angers-sco,0.0,0.0,0.0,0.0,0.0,0.0,0,0.0,0.0,0.0,0.0,0.0,0.0,0,,,,H
8465,2016/17,,angers-sco,fc-lorient,0.0,0.0,0.0,0.0,0.0,0.0,0,0.0,0.0,0.0,0.0,0.0,70.23,70850000,,,,D
8466,2016/17,,ogc-nice,toulouse-fc,0.0,0.0,0.0,0.0,0.0,73.28,89200000,0.0,0.0,0.0,0.0,0.0,68.76,60900000,,,,H
8467,2016/17,,toulouse-fc,fc-lorient,0.0,0.0,0.0,0.0,0.0,68.76,60900000,0.0,0.0,0.0,0.0,0.0,70.23,70850000,,,,H
8468,2016/17,,olympique-lyonnais,stade-rennais,0.0,0.0,0.0,0.0,0.0,72.74,89500000,0.0,0.0,0.0,0.0,0.0,73.39,253175000,,,,H
8469,2016/17,,paris-saint-germain,ogc-nice,0.0,0.0,0.0,0.0,0.0,0.0,0,0.0,0.0,0.0,0.0,0.0,73.28,89200000,,,,D
8470,2016/17,,angers-sco,fc-nantes,0.0,0.0,0.0,0.0,0.0,0.0,0,0.0,0.0,0.0,0.0,0.0,69.58,54600000,,,,A
8471,2016/17,,olympique-de-marseille,losc-lille,0.0,0.0,0.0,0.0,0.0,73.85,58850000,0.0,0.0,0.0,0.0,0.0,72.18,86050000,,,,H
8472,2016/17,,as-monaco,olympique-lyonnais,0.0,0.0,0.0,0.0,0.0,73.63,257100000,0.0,0.0,0.0,0.0,0.0,72.74,89500000,,,,A
8473,2016/17,,losc-lille,stade-rennais,0.0,0.0,0.0,0.0,0.0,72.18,86050000,0.0,0.0,0.0,0.0,0.0,73.39,253175000,,,,D
8474,2016/17,,olympique-lyonnais,angers-sco,0.0,0.0,0.0,0.0,0.0,72.74,89500000,0.0,0.0,0.0,0.0,0.0,0.0,0,,,,H
8475,2016/17,,paris-saint-germain,fc-lorient,0.0,0.0,0.0,0.0,0.0,0.0,0,0.0,0.0,0.0,0.0,0.0,70.23,70850000,,,,H
8476,2016/17,,stade-rennais,paris-saint-germain,0.0,0.0,0.0,0.0,0.0,73.39,253175000,0.0,0.0,0.0,0.0,0.0,0.0,0,,,,A
8477,2016/17,,toulouse-fc,fc-nantes,0.0,0.0,0.0,0.0,0.0,68.76,60900000,0.0,0.0,0.0,0.0,0.0,69.58,54600000,,,,A
8478,2016/17,,olympique-de-marseille,as-monaco,0.0,0.0,0.0,0.0,0.0,73.85,58850000,0.0,0.0,0.0,0.0,0.0,73.63,257100000,,,,A
8479,2016/17,,ogc-nice,fc-metz,0.0,0.0,0.0,0.0,0.0,73.28,89200000,0.0,0.0,0.0,0.0,0.0,67.29,41450000,,,,D
8480,2016/17,,fc-nantes,paris-saint-germain,0.0,0.0,0.0,0.0,0.0,69.58,54600000,0.0,0.0,0.0,0.0,0.0,0.0,0,,,,A
8481,2016/17,,olympique-lyonnais,olympique-de-marseille,0.0,0.0,0.0,0.0,0.0,72.74,89500000,0.0,0.0,0.0,0.0,0.0,73.85,58850000,,,,H
8482,2016/17,,as-monaco,fc-lorient,0.0,0.0,0.0,0.0,0.0,73.63,257100000,0.0,0.0,0.0,0.0,0.0,70.23,70850000,,,,H
8483,2016/17,,angers-sco,fc-metz,0.0,0.0,0.0,0.0,0.0,0.0,0,0.0,0.0,0.0,0.0,0.0,67.29,41450000,,,,H
8484,2016/17,,olympique-lyonnais,losc-lille,0.0,0.0,0.0,0.0,0.0,72.74,89500000,0.0,0.0,0.0,0.0,0.0,72.18,86050000,,,,A
8485,2016/17,,stade-rennais,fc-nantes,0.0,0.0,0.0,0.0,0.0,73.39,253175000,0.0,0.0,0.0,0.0,0.0,69.58,54600000,,,,D
8486,2016/17,,paris-saint-germain,as-monaco,0.0,0.0,0.0,0.0,0.0,0.0,0,0.0,0.0,0.0,0.0,0.0,73.63,257100000,,,,D
8487,2016/17,,fc-metz,olympique-de-marseille,0.0,0.0,0.0,0.0,0.0,67.29,41450000,0.0,0.0,0.0,0.0,0.0,73.85,58850000,,,,H
8488,2016/17,,losc-lille,fc-lorient,0.0,0.0,0.0,0.0,0.0,72.18,86050000,0.0,0.0,0.0,0.0,0.0,70.23,70850000,,,,A
8489,2016/17,,as-monaco,ogc-nice,0.0,0.0,0.0,0.0,0.0,73.63,257100000,0.0,0.0,0.0,0.0,0.0,73.28,89200000,,,,H
8490,2016/17,,toulouse-fc,angers-sco,0.0,0.0,0.0,0.0,0.0,68.76,60900000,0.0,0.0,0.0,0.0,0.0,0.0,0,,,,H
8491,2016/17,,paris-saint-germain,losc-lille,0.0,0.0,0.0,0.0,0.0,0.0,0,0.0,0.0,0.0,0.0,0.0,72.18,86050000,,,,H
8492,2016/17,,angers-sco,stade-rennais,0.0,0.0,0.0,0.0,0.0,0.0,0,0.0,0.0,0.0,0.0,0.0,73.39,253175000,,,,D
8493,2016/17,,fc-lorient,toulouse-fc,0.0,0.0,0.0,0.0,0.0,70.23,70850000,0.0,0.0,0.0,0.0,0.0,68.76,60900000,,,,D
8494,2016/17,,losc-lille,angers-sco,0.0,0.0,0.0,0.0,0.0,72.18,86050000,0.0,0.0,0.0,0.0,0.0,0.0,0,,,,A
8495,2016/17,,as-monaco,fc-metz,0.0,0.0,0.0,0.0,0.0,73.63,257100000,0.0,0.0,0.0,0.0,0.0,67.29,41450000,,,,H
8496,2016/17,,fc-nantes,olympique-de-marseille,0.0,0.0,0.0,0.0,0.0,69.58,54600000,0.0,0.0,0.0,0.0,0.0,73.85,58850000,,,,H
8497,2016/17,,stade-rennais,ogc-nice,0.0,0.0,0.0,0.0,0.0,73.39,253175000,0.0,0.0,0.0,0.0,0.0,73.28,89200000,,,,D
8498,2016/17,,fc-lorient,ogc-nice,0.0,0.0,0.0,0.0,0.0,70.23,70850000,0.0,0.0,0.0,0.0,0.0,73.28,89200000,,,,A
8499,2016/17,,olympique-de-marseille,stade-rennais,0.0,0.0,0.0,0.0,0.0,73.85,58850000,0.0,0.0,0.0,0.0,0.0,73.39,253175000,,,,H
8500,2016/17,,fc-metz,fc-nantes,0.0,0.0,0.0,0.0,0.0,67.29,41450000,0.0,0.0,0.0,0.0,0.0,69.58,54600000,,,,D
8501,2016/17,,paris-saint-germain,toulouse-fc,0.0,0.0,0.0,0.0,0.0,0.0,0,0.0,0.0,0.0,0.0,0.0,68.76,60900000,,,,D
8502,2016/17,,stade-rennais,fc-lorient,0.0,0.0,0.0,0.0,0.0,73.39,253175000,0.0,0.0,0.0,0.0,0.0,70.23,70850000,,,,H
8503,2016/17,,olympique-lyonnais,fc-metz,0.0,0.0,0.0,0.0,0.0,72.74,89500000,0.0,0.0,0.0,0.0,0.0,67.29,41450000,,,,H
8504,2016/17,,olympique-de-marseille,paris-saint-germain,0.0,0.0,0.0,0.0,0.0,73.85,58850000,0.0,0.0,0.0,0.0,0.0,0.0,0,,,,A
8505,2016/17,,fc-metz,stade-rennais,0.0,0.0,0.0,0.0,0.0,67.29,41450000,0.0,0.0,0.0,0.0,0.0,73.39,253175000,,,,D
8506,2016/17,,fc-lorient,olympique-de-marseille,0.0,0.0,0.0,0.0,0.0,70.23,70850000,0.0,0.0,0.0,0.0,0.0,73.85,58850000,,,,A
8507,2016/17,,as-monaco,fc-nantes,0.0,0.0,0.0,0.0,0.0,73.63,257100000,0.0,0.0,0.0,0.0,0.0,69.58,54600000,,,,H
8508,2016/17,,toulouse-fc,losc-lille,0.0,0.0,0.0,0.0,0.0,68.76,60900000,0.0,0.0,0.0,0.0,0.0,72.18,86050000,,,,D
8509,2016/17,,olympique-de-marseille,angers-sco,0.0,0.0,0.0,0.0,0.0,73.85,58850000,0.0,0.0,0.0,0.0,0.0,0.0,0,,,,H
8510,2016/17,,fc-lorient,paris-saint-germain,0.0,0.0,0.0,0.0,0.0,70.23,70850000,0.0,0.0,0.0,0.0,0.0,0.0,0,,,,A
8511,2016/17,,olympique-lyonnais,toulouse-fc,0.0,0.0,0.0,0.0,0.0,72.74,89500000,0.0,0.0,0.0,0.0,0.0,68.76,60900000,,,,H
8512,2016/17,,losc-lille,olympique-de-marseille,0.0,0.0,0.0,0.0,0.0,72.18,86050000,0.0,0.0,0.0,0.0,0.0,73.85,58850000,,,,D
8513,2016/17,,fc-nantes,ogc-nice,0.0,0.0,0.0,0.0,0.0,69.58,54600000,0.0,0.0,0.0,0.0,0.0,73.28,89200000,,,,D
8514,2016/17,,toulouse-fc,stade-rennais,0.0,0.0,0.0,0.0,0.0,68.76,60900000,0.0,0.0,0.0,0.0,0.0,73.39,253175000,,,,D
8515,2016/17,,paris-saint-germain,olympique-lyonnais,0.0,0.0,0.0,0.0,0.0,0.0,0,0.0,0.0,0.0,0.0,0.0,72.74,89500000,,,,H
8516,2016/17,,fc-nantes,angers-sco,0.0,0.0,0.0,0.0,0.0,69.58,54600000,0.0,0.0,0.0,0.0,0.0,0.0,0,,,,H
8517,2016/17,,stade-rennais,olympique-lyonnais,0.0,0.0,0.0,0.0,0.0,73.39,253175000,0.0,0.0,0.0,0.0,0.0,72.74,89500000,,,,D
8518,2016/17,,fc-metz,olympique-lyonnais,0.0,0.0,0.0,0.0,0.0,67.29,41450000,0.0,0.0,0.0,0.0,0.0,72.74,89500000,,,,A
8519,2016/17,,losc-lille,ogc-nice,0.0,0.0,0.0,0.0,0.0,72.18,86050000,0.0,0.0,0.0,0.0,0.0,73.28,89200000,,,,A
8520,2016/17,,angers-sco,as-monaco,0.0,0.0,0.0,0.0,0.0,0.0,0,0.0,0.0,0.0,0.0,0.0,73.63,257100000,,,,A
8521,2016/17,,olympique-lyonnais,fc-lorient,0.0,0.0,0.0,0.0,0.0,72.74,89500000,0.0,0.0,0.0,0.0,0.0,70.23,70850000,,,,A
8522,2016/17,,toulouse-fc,olympique-de-marseille,0.0,0.0,0.0,0.0,0.0,68.76,60900000,0.0,0.0,0.0,0.0,0.0,73.85,58850000,,,,D
8523,2016/17,,angers-sco,paris-saint-germain,0.0,0.0,0.0,0.0,0.0,0.0,0,0.0,0.0,0.0,0.0,0.0,0.0,0,,,,A
8524,2016/17,,stade-rennais,losc-lille,0.0,0.0,0.0,0.0,0.0,73.39,253175000,0.0,0.0,0.0,0.0,0.0,72.18,86050000,,,,H
8525,2016/17,,fc-metz,paris-saint-germain,0.0,0.0,0.0,0.0,0.0,67.29,41450000,0.0,0.0,0.0,0.0,0.0,0.0,0,,,,A
8526,2016/17,,fc-lorient,fc-metz,0.0,0.0,0.0,0.0,0.0,70.23,70850000,0.0,0.0,0.0,0.0,0.0,67.29,41450000,,,,H
8527,2016/17,,olympique-lyonnais,as-monaco,0.0,0.0,0.0,0.0,0.0,72.74,89500000,0.0,0.0,0.0,0.0,0.0,73.63,257100000,,,,A
8528,2016/17,,toulouse-fc,ogc-nice,0.0,0.0,0.0,0.0,0.0,68.76,60900000,0.0,0.0,0.0,0.0,0.0,73.28,89200000,,,,D
8529,2016/17,,angers-sco,olympique-lyonnais,0.0,0.0,0.0,0.0,0.0,0.0,0,0.0,0.0,0.0,0.0,0.0,72.74,89500000,,,,A
8530,2016/17,,as-monaco,toulouse-fc,0.0,0.0,0.0,0.0,0.0,73.63,257100000,0.0,0.0,0.0,0.0,0.0,68.76,60900000,,,,H
8531,2016/17,,fc-nantes,fc-lorient,0.0,0.0,0.0,0.0,0.0,69.58,54600000,0.0,0.0,0.0,0.0,0.0,70.23,70850000,,,,H
8532,2016/17,,ogc-nice,paris-saint-germain,0.0,0.0,0.0,0.0,0.0,73.28,89200000,0.0,0.0,0.0,0.0,0.0,0.0,0,,,,H
8533,2016/17,,losc-lille,fc-metz,0.0,0.0,0.0,0.0,0.0,72.18,86050000,0.0,0.0,0.0,0.0,0.0,67.29,41450000,,,,A
8534,2016/17,,fc-lorient,angers-sco,0.0,0.0,0.0,0.0,0.0,70.23,70850000,0.0,0.0,0.0,0.0,0.0,0.0,0,,,,D
8535,2016/17,,olympique-lyonnais,fc-nantes,0.0,0.0,0.0,0.0,0.0,72.74,89500000,0.0,0.0,0.0,0.0,0.0,69.58,54600000,,,,H
8536,2016/17,,olympique-de-marseille,ogc-nice,0.0,0.0,0.0,0.0,0.0,73.85,58850000,0.0,0.0,0.0,0.0,0.0,73.28,89200000,,,,H
8537,2016/17,,fc-metz,toulouse-fc,0.0,0.0,0.0,0.0,0.0,67.29,41450000,0.0,0.0,0.0,0.0,0.0,68.76,60900000,,,,D
8538,2016/17,,as-monaco,losc-lille,0.0,0.0,0.0,0.0,0.0,73.63,257100000,0.0,0.0,0.0,0.0,0.0,72.18,86050000,,,,H
8539,2016/17,,ogc-nice,angers-sco,0.0,0.0,0.0,0.0,0.0,73.28,89200000,0.0,0.0,0.0,0.0,0.0,0.0,0,,,,A
8540,2016/17,,losc-lille,fc-nantes,0.0,0.0,0.0,0.0,0.0,72.18,86050000,0.0,0.0,0.0,0.0,0.0,69.58,54600000,,,,H
8541,2016/17,,olympique-lyonnais,ogc-nice,0.0,0.0,0.0,0.0,0.0,72.74,89500000,0.0,0.0,0.0,0.0,0.0,73.28,89200000,,,,D
8542,2016/17,,stade-rennais,as-monaco,0.0,0.0,0.0,0.0,0.0,73.39,253175000,0.0,0.0,0.0,0.0,0.0,73.63,257100000,,,,A
8543,2017/18,,as-monaco,toulouse-fc,0.0,0.0,0.0,0.0,0.0,73.63,257100000,0.0,0.0,0.0,0.0,0.0,68.76,60900000,,,,H
8544,2017/18,,olympique-lyonnais,rc-strasbourg,0.0,0.0,0.0,0.0,0.0,72.74,89500000,0.0,0.0,0.0,0.0,0.0,69.0,72100000,,,,H
8545,2017/18,,losc-lille,fc-nantes,0.0,0.0,0.0,0.0,0.0,72.18,86050000,0.0,0.0,0.0,0.0,0.0,69.58,54600000,,,,H
8546,2017/18,,stade-rennais,olympique-lyonnais,0.0,0.0,0.0,0.0,0.0,73.39,253175000,0.0,0.0,0.0,0.0,0.0,72.74,89500000,,,,A
8547,2017/18,,fc-nantes,olympique-de-marseille,0.0,0.0,0.0,0.0,0.0,69.58,54600000,0.0,0.0,0.0,0.0,0.0,73.85,58850000,,,,A
8548,2017/18,,rc-strasbourg,losc-lille,0.0,0.0,0.0,0.0,0.0,69.0,72100000,0.0,0.0,0.0,0.0,0.0,72.18,86050000,,,,H
8549,2017/18,,fc-metz,as-monaco,0.0,0.0,0.0,0.0,0.0,67.29,41450000,0.0,0.0,0.0,0.0,0.0,73.63,257100000,,,,A
8550,2017/18,,olympique-de-marseille,angers-sco,0.0,0.0,0.0,0.0,0.0,73.85,58850000,0.0,0.0,0.0,0.0,0.0,0.0,0,,,,D
8551,2017/18,,paris-saint-germain,toulouse-fc,0.0,0.0,0.0,0.0,0.0,0.0,0,0.0,0.0,0.0,0.0,0.0,68.76,60900000,,,,H
8552,2017/18,,fc-nantes,olympique-lyonnais,0.0,0.0,0.0,0.0,0.0,69.58,54600000,0.0,0.0,0.0,0.0,0.0,72.74,89500000,,,,D
8553,2017/18,,toulouse-fc,stade-rennais,0.0,0.0,0.0,0.0,0.0,68.76,60900000,0.0,0.0,0.0,0.0,0.0,73.39,253175000,,,,H
8554,2017/18,,angers-sco,losc-lille,0.0,0.0,0.0,0.0,0.0,0.0,0,0.0,0.0,0.0,0.0,0.0,72.18,86050000,,,,D
8555,2017/18,,as-monaco,olympique-de-marseille,0.0,0.0,0.0,0.0,0.0,73.63,257100000,0.0,0.0,0.0,0.0,0.0,73.85,58850000,,,,H
8556,2017/18,,fc-metz,paris-saint-germain,0.0,0.0,0.0,0.0,0.0,67.29,41450000,0.0,0.0,0.0,0.0,0.0,0.0,0,,,,A
8557,2017/18,,ogc-nice,as-monaco,0.0,0.0,0.0,0.0,0.0,73.28,89200000,0.0,0.0,0.0,0.0,0.0,73.63,257100000,,,,H
8558,2017/18,,olympique-de-marseille,stade-rennais,0.0,0.0,0.0,0.0,0.0,73.85,58850000,0.0,0.0,0.0,0.0,0.0,73.39,253175000,,,,A
8559,2017/18,,as-monaco,rc-strasbourg,0.0,0.0,0.0,0.0,0.0,73.63,257100000,0.0,0.0,0.0,0.0,0.0,69.0,72100000,,,,H
8560,2017/18,,angers-sco,fc-metz,0.0,0.0,0.0,0.0,0.0,0.0,0,0.0,0.0,0.0,0.0,0.0,67.29,41450000,,,,A
8561,2017/18,,paris-saint-germain,olympique-lyonnais,0.0,0.0,0.0,0.0,0.0,0.0,0,0.0,0.0,0.0,0.0,0.0,72.74,89500000,,,,H
8562,2017/18,,stade-rennais,ogc-nice,0.0,0.0,0.0,0.0,0.0,73.39,253175000,0.0,0.0,0.0,0.0,0.0,73.28,89200000,,,,A
8563,2017/18,,losc-lille,as-monaco,0.0,0.0,0.0,0.0,0.0,72.18,86050000,0.0,0.0,0.0,0.0,0.0,73.63,257100000,,,,A
8564,2017/18,,ogc-nice,angers-sco,0.0,0.0,0.0,0.0,0.0,73.28,89200000,0.0,0.0,0.0,0.0,0.0,0.0,0,,,,D
8565,2017/18,,olympique-de-marseille,toulouse-fc,0.0,0.0,0.0,0.0,0.0,73.85,58850000,0.0,0.0,0.0,0.0,0.0,68.76,60900000,,,,H
8566,2017/18,,rc-strasbourg,fc-nantes,0.0,0.0,0.0,0.0,0.0,69.0,72100000,0.0,0.0,0.0,0.0,0.0,69.58,54600000,,,,A
8567,2017/18,,fc-nantes,fc-metz,0.0,0.0,0.0,0.0,0.0,69.58,54600000,0.0,0.0,0.0,0.0,0.0,67.29,41450000,,,,H
8568,2017/18,,angers-sco,olympique-lyonnais,0.0,0.0,0.0,0.0,0.0,0.0,0,0.0,0.0,0.0,0.0,0.0,72.74,89500000,,,,D
8569,2017/18,,ogc-nice,olympique-de-marseille,0.0,0.0,0.0,0.0,0.0,73.28,89200000,0.0,0.0,0.0,0.0,0.0,73.85,58850000,,,,A
8570,2017/18,,olympique-lyonnais,as-monaco,0.0,0.0,0.0,0.0,0.0,72.74,89500000,0.0,0.0,0.0,0.0,0.0,73.63,257100000,,,,H
8571,2017/18,,rc-strasbourg,olympique-de-marseille,0.0,0.0,0.0,0.0,0.0,69.0,72100000,0.0,0.0,0.0,0.0,0.0,73.85,58850000,,,,D
8572,2017/18,,angers-sco,toulouse-fc,0.0,0.0,0.0,0.0,0.0,0.0,0,0.0,0.0,0.0,0.0,0.0,68.76,60900000,,,,A
8573,2017/18,,stade-rennais,losc-lille,0.0,0.0,0.0,0.0,0.0,73.39,253175000,0.0,0.0,0.0,0.0,0.0,72.18,86050000,,,,H
8574,2017/18,,olympique-de-marseille,paris-saint-germain,0.0,0.0,0.0,0.0,0.0,73.85,58850000,0.0,0.0,0.0,0.0,0.0,0.0,0,,,,D
8575,2017/18,,ogc-nice,rc-strasbourg,0.0,0.0,0.0,0.0,0.0,73.28,89200000,0.0,0.0,0.0,0.0,0.0,69.0,72100000,,,,A
8576,2017/18,,paris-saint-germain,ogc-nice,0.0,0.0,0.0,0.0,0.0,0.0,0,0.0,0.0,0.0,0.0,0.0,73.28,89200000,,,,H
8577,2017/18,,rc-strasbourg,angers-sco,0.0,0.0,0.0,0.0,0.0,69.0,72100000,0.0,0.0,0.0,0.0,0.0,0.0,0,,,,D
8578,2017/18,,losc-lille,olympique-de-marseille,0.0,0.0,0.0,0.0,0.0,72.18,86050000,0.0,0.0,0.0,0.0,0.0,73.85,58850000,,,,A
8579,2017/18,,olympique-lyonnais,fc-metz,0.0,0.0,0.0,0.0,0.0,72.74,89500000,0.0,0.0,0.0,0.0,0.0,67.29,41450000,,,,H
8580,2017/18,,angers-sco,paris-saint-germain,0.0,0.0,0.0,0.0,0.0,0.0,0,0.0,0.0,0.0,0.0,0.0,0.0,0,,,,A
8581,2017/18,,fc-nantes,toulouse-fc,0.0,0.0,0.0,0.0,0.0,69.58,54600000,0.0,0.0,0.0,0.0,0.0,68.76,60900000,,,,H
8582,2017/18,,fc-metz,losc-lille,0.0,0.0,0.0,0.0,0.0,67.29,41450000,0.0,0.0,0.0,0.0,0.0,72.18,86050000,,,,A
8583,2017/18,,paris-saint-germain,fc-nantes,0.0,0.0,0.0,0.0,0.0,0.0,0,0.0,0.0,0.0,0.0,0.0,69.58,54600000,,,,H
8584,2017/18,,rc-strasbourg,stade-rennais,0.0,0.0,0.0,0.0,0.0,69.0,72100000,0.0,0.0,0.0,0.0,0.0,73.39,253175000,,,,H
8585,2017/18,,toulouse-fc,fc-metz,0.0,0.0,0.0,0.0,0.0,68.76,60900000,0.0,0.0,0.0,0.0,0.0,67.29,41450000,,,,D
8586,2017/18,,stade-rennais,fc-nantes,0.0,0.0,0.0,0.0,0.0,73.39,253175000,0.0,0.0,0.0,0.0,0.0,69.58,54600000,,,,H
8587,2017/18,,as-monaco,paris-saint-germain,0.0,0.0,0.0,0.0,0.0,73.63,257100000,0.0,0.0,0.0,0.0,0.0,0.0,0,,,,A
8588,2017/18,,ogc-nice,olympique-lyonnais,0.0,0.0,0.0,0.0,0.0,73.28,89200000,0.0,0.0,0.0,0.0,0.0,72.74,89500000,,,,A
8589,2017/18,,angers-sco,stade-rennais,0.0,0.0,0.0,0.0,0.0,0.0,0,0.0,0.0,0.0,0.0,0.0,73.39,253175000,,,,A
8590,2017/18,,olympique-lyonnais,losc-lille,0.0,0.0,0.0,0.0,0.0,72.74,89500000,0.0,0.0,0.0,0.0,0.0,72.18,86050000,,,,A
8591,2017/18,,fc-metz,olympique-de-marseille,0.0,0.0,0.0,0.0,0.0,67.29,41450000,0.0,0.0,0.0,0.0,0.0,73.85,58850000,,,,A
8592,2017/18,,fc-nantes,as-monaco,0.0,0.0,0.0,0.0,0.0,69.58,54600000,0.0,0.0,0.0,0.0,0.0,73.63,257100000,,,,H
8593,2017/18,,toulouse-fc,ogc-nice,0.0,0.0,0.0,0.0,0.0,68.76,60900000,0.0,0.0,0.0,0.0,0.0,73.28,89200000,,,,A
8594,2017/18,,losc-lille,toulouse-fc,0.0,0.0,0.0,0.0,0.0,72.18,86050000,0.0,0.0,0.0,0.0,0.0,68.76,60900000,,,,H
8595,2017/18,,as-monaco,angers-sco,0.0,0.0,0.0,0.0,0.0,73.63,257100000,0.0,0.0,0.0,0.0,0.0,0.0,0,,,,H
8596,2017/18,,ogc-nice,fc-metz,0.0,0.0,0.0,0.0,0.0,73.28,89200000,0.0,0.0,0.0,0.0,0.0,67.29,41450000,,,,H
8597,2017/18,,rc-strasbourg,paris-saint-germain,0.0,0.0,0.0,0.0,0.0,69.0,72100000,0.0,0.0,0.0,0.0,0.0,0.0,0,,,,H
8598,2017/18,,fc-metz,stade-rennais,0.0,0.0,0.0,0.0,0.0,67.29,41450000,0.0,0.0,0.0,0.0,0.0,73.39,253175000,,,,D
8599,2017/18,,paris-saint-germain,losc-lille,0.0,0.0,0.0,0.0,0.0,0.0,0,0.0,0.0,0.0,0.0,0.0,72.18,86050000,,,,H
8600,2017/18,,fc-nantes,ogc-nice,0.0,0.0,0.0,0.0,0.0,69.58,54600000,0.0,0.0,0.0,0.0,0.0,73.28,89200000,,,,A
8601,2017/18,,stade-rennais,paris-saint-germain,0.0,0.0,0.0,0.0,0.0,73.39,253175000,0.0,0.0,0.0,0.0,0.0,0.0,0,,,,A
8602,2017/18,,rc-strasbourg,toulouse-fc,0.0,0.0,0.0,0.0,0.0,69.0,72100000,0.0,0.0,0.0,0.0,0.0,68.76,60900000,,,,H
8603,2017/18,,olympique-lyonnais,olympique-de-marseille,0.0,0.0,0.0,0.0,0.0,72.74,89500000,0.0,0.0,0.0,0.0,0.0,73.85,58850000,,,,H
8604,2017/18,,fc-nantes,angers-sco,0.0,0.0,0.0,0.0,0.0,69.58,54600000,0.0,0.0,0.0,0.0,0.0,0.0,0,,,,H
8605,2017/18,,losc-lille,ogc-nice,0.0,0.0,0.0,0.0,0.0,72.18,86050000,0.0,0.0,0.0,0.0,0.0,73.28,89200000,,,,D
8606,2017/18,,fc-metz,rc-strasbourg,0.0,0.0,0.0,0.0,0.0,67.29,41450000,0.0,0.0,0.0,0.0,0.0,69.0,72100000,,,,H
8607,2017/18,,as-monaco,stade-rennais,0.0,0.0,0.0,0.0,0.0,73.63,257100000,0.0,0.0,0.0,0.0,0.0,73.39,253175000,,,,H
8608,2017/18,,toulouse-fc,olympique-lyonnais,0.0,0.0,0.0,0.0,0.0,68.76,60900000,0.0,0.0,0.0,0.0,0.0,72.74,89500000,,,,A
8609,2017/18,,stade-rennais,olympique-de-marseille,0.0,0.0,0.0,0.0,0.0,73.39,253175000,0.0,0.0,0.0,0.0,0.0,73.85,58850000,,,,A
8610,2017/18,,olympique-lyonnais,angers-sco,0.0,0.0,0.0,0.0,0.0,72.74,89500000,0.0,0.0,0.0,0.0,0.0,0.0,0,,,,D
8611,2017/18,,fc-nantes,paris-saint-germain,0.0,0.0,0.0,0.0,0.0,69.58,54600000,0.0,0.0,0.0,0.0,0.0,0.0,0,,,,A
8612,2017/18,,olympique-de-marseille,rc-strasbourg,0.0,0.0,0.0,0.0,0.0,73.85,58850000,0.0,0.0,0.0,0.0,0.0,69.0,72100000,,,,H
8613,2017/18,,as-monaco,ogc-nice,0.0,0.0,0.0,0.0,0.0,73.63,257100000,0.0,0.0,0.0,0.0,0.0,73.28,89200000,,,,D
8614,2017/18,,losc-lille,stade-rennais,0.0,0.0,0.0,0.0,0.0,72.18,86050000,0.0,0.0,0.0,0.0,0.0,73.39,253175000,,,,A
8615,2017/18,,toulouse-fc,fc-nantes,0.0,0.0,0.0,0.0,0.0,68.76,60900000,0.0,0.0,0.0,0.0,0.0,69.58,54600000,,,,D
8616,2017/18,,stade-rennais,angers-sco,0.0,0.0,0.0,0.0,0.0,73.39,253175000,0.0,0.0,0.0,0.0,0.0,0.0,0,,,,H
8617,2017/18,,olympique-lyonnais,paris-saint-germain,0.0,0.0,0.0,0.0,0.0,72.74,89500000,0.0,0.0,0.0,0.0,0.0,0.0,0,,,,H
8618,2017/18,,as-monaco,fc-metz,0.0,0.0,0.0,0.0,0.0,73.63,257100000,0.0,0.0,0.0,0.0,0.0,67.29,41450000,,,,H
8619,2017/18,,fc-metz,ogc-nice,0.0,0.0,0.0,0.0,0.0,67.29,41450000,0.0,0.0,0.0,0.0,0.0,73.28,89200000,,,,H
8620,2017/18,,losc-lille,rc-strasbourg,0.0,0.0,0.0,0.0,0.0,72.18,86050000,0.0,0.0,0.0,0.0,0.0,69.0,72100000,,,,H
8621,2017/18,,olympique-de-marseille,as-monaco,0.0,0.0,0.0,0.0,0.0,73.85,58850000,0.0,0.0,0.0,0.0,0.0,73.63,257100000,,,,D
8622,2017/18,,olympique-de-marseille,fc-metz,0.0,0.0,0.0,0.0,0.0,73.85,58850000,0.0,0.0,0.0,0.0,0.0,67.29,41450000,,,,H
8623,2017/18,,losc-lille,paris-saint-germain,0.0,0.0,0.0,0.0,0.0,72.18,86050000,0.0,0.0,0.0,0.0,0.0,0.0,0,,,,A
8624,2017/18,,ogc-nice,toulouse-fc,0.0,0.0,0.0,0.0,0.0,73.28,89200000,0.0,0.0,0.0,0.0,0.0,68.76,60900000,,,,A
8625,2017/18,,as-monaco,olympique-lyonnais,0.0,0.0,0.0,0.0,0.0,73.63,257100000,0.0,0.0,0.0,0.0,0.0,72.74,89500000,,,,H
8626,2017/18,,angers-sco,as-monaco,0.0,0.0,0.0,0.0,0.0,0.0,0,0.0,0.0,0.0,0.0,0.0,73.63,257100000,,,,A
8627,2017/18,,toulouse-fc,paris-saint-germain,0.0,0.0,0.0,0.0,0.0,68.76,60900000,0.0,0.0,0.0,0.0,0.0,0.0,0,,,,A
8628,2017/18,,olympique-lyonnais,stade-rennais,0.0,0.0,0.0,0.0,0.0,72.74,89500000,0.0,0.0,0.0,0.0,0.0,73.39,253175000,,,,A
8629,2017/18,,fc-nantes,losc-lille,0.0,0.0,0.0,0.0,0.0,69.58,54600000,0.0,0.0,0.0,0.0,0.0,72.18,86050000,,,,D
8630,2017/18,,paris-saint-germain,rc-strasbourg,0.0,0.0,0.0,0.0,0.0,0.0,0,0.0,0.0,0.0,0.0,0.0,69.0,72100000,,,,H
8631,2017/18,,losc-lille,olympique-lyonnais,0.0,0.0,0.0,0.0,0.0,72.18,86050000,0.0,0.0,0.0,0.0,0.0,72.74,89500000,,,,D
8632,2017/18,,ogc-nice,fc-nantes,0.0,0.0,0.0,0.0,0.0,73.28,89200000,0.0,0.0,0.0,0.0,0.0,69.58,54600000,,,,D
8633,2017/18,,losc-lille,angers-sco,0.0,0.0,0.0,0.0,0.0,72.18,86050000,0.0,0.0,0.0,0.0,0.0,0.0,0,,,,A
8634,2017/18,,toulouse-fc,as-monaco,0.0,0.0,0.0,0.0,0.0,68.76,60900000,0.0,0.0,0.0,0.0,0.0,73.63,257100000,,,,D
8635,2017/18,,paris-saint-germain,olympique-de-marseille,0.0,0.0,0.0,0.0,0.0,0.0,0,0.0,0.0,0.0,0.0,0.0,73.85,58850000,,,,H
8636,2017/18,,ogc-nice,losc-lille,0.0,0.0,0.0,0.0,0.0,73.28,89200000,0.0,0.0,0.0,0.0,0.0,72.18,86050000,,,,H
8637,2017/18,,fc-metz,toulouse-fc,0.0,0.0,0.0,0.0,0.0,67.29,41450000,0.0,0.0,0.0,0.0,0.0,68.76,60900000,,,,D
8638,2017/18,,olympique-de-marseille,fc-nantes,0.0,0.0,0.0,0.0,0.0,73.85,58850000,0.0,0.0,0.0,0.0,0.0,69.58,54600000,,,,D
8639,2017/18,,rc-strasbourg,as-monaco,0.0,0.0,0.0,0.0,0.0,69.0,72100000,0.0,0.0,0.0,0.0,0.0,73.63,257100000,,,,A
8640,2017/18,,paris-saint-germain,fc-metz,0.0,0.0,0.0,0.0,0.0,0.0,0,0.0,0.0,0.0,0.0,0.0,67.29,41450000,,,,H
8641,2017/18,,toulouse-fc,olympique-de-marseille,0.0,0.0,0.0,0.0,0.0,68.76,60900000,0.0,0.0,0.0,0.0,0.0,73.85,58850000,,,,A
8642,2017/18,,paris-saint-germain,angers-sco,0.0,0.0,0.0,0.0,0.0,0.0,0,0.0,0.0,0.0,0.0,0.0,0.0,0,,,,H
8643,2017/18,,as-monaco,losc-lille,0.0,0.0,0.0,0.0,0.0,73.63,257100000,0.0,0.0,0.0,0.0,0.0,72.18,86050000,,,,H
8644,2017/18,,toulouse-fc,rc-strasbourg,0.0,0.0,0.0,0.0,0.0,68.76,60900000,0.0,0.0,0.0,0.0,0.0,69.0,72100000,,,,D
8645,2017/18,,olympique-de-marseille,olympique-lyonnais,0.0,0.0,0.0,0.0,0.0,73.85,58850000,0.0,0.0,0.0,0.0,0.0,72.74,89500000,,,,A
8646,2017/18,,fc-metz,fc-nantes,0.0,0.0,0.0,0.0,0.0,67.29,41450000,0.0,0.0,0.0,0.0,0.0,69.58,54600000,,,,D
8647,2017/18,,ogc-nice,paris-saint-germain,0.0,0.0,0.0,0.0,0.0,73.28,89200000,0.0,0.0,0.0,0.0,0.0,0.0,0,,,,A
8648,2017/18,,olympique-lyonnais,toulouse-fc,0.0,0.0,0.0,0.0,0.0,72.74,89500000,0.0,0.0,0.0,0.0,0.0,68.76,60900000,,,,H
8649,2017/18,,rc-strasbourg,fc-metz,0.0,0.0,0.0,0.0,0.0,69.0,72100000,0.0,0.0,0.0,0.0,0.0,67.29,41450000,,,,D
8650,2017/18,,stade-rennais,as-monaco,0.0,0.0,0.0,0.0,0.0,73.39,253175000,0.0,0.0,0.0,0.0,0.0,73.63,257100000,,,,D
8651,2017/18,,angers-sco,rc-strasbourg,0.0,0.0,0.0,0.0,0.0,0.0,0,0.0,0.0,0.0,0.0,0.0,69.0,72100000,,,,D
8652,2017/18,,as-monaco,fc-nantes,0.0,0.0,0.0,0.0,0.0,73.63,257100000,0.0,0.0,0.0,0.0,0.0,69.58,54600000,,,,H
8653,2017/18,,fc-metz,olympique-lyonnais,0.0,0.0,0.0,0.0,0.0,67.29,41450000,0.0,0.0,0.0,0.0,0.0,72.74,89500000,,,,A
8654,2017/18,,ogc-nice,stade-rennais,0.0,0.0,0.0,0.0,0.0,73.28,89200000,0.0,0.0,0.0,0.0,0.0,73.39,253175000,,,,D
8655,2017/18,,angers-sco,ogc-nice,0.0,0.0,0.0,0.0,0.0,0.0,0,0.0,0.0,0.0,0.0,0.0,73.28,89200000,,,,D
8656,2017/18,,stade-rennais,fc-metz,0.0,0.0,0.0,0.0,0.0,73.39,253175000,0.0,0.0,0.0,0.0,0.0,67.29,41450000,,,,A
8657,2017/18,,paris-saint-germain,as-monaco,0.0,0.0,0.0,0.0,0.0,0.0,0,0.0,0.0,0.0,0.0,0.0,73.63,257100000,,,,H
8658,2017/18,,fc-nantes,stade-rennais,0.0,0.0,0.0,0.0,0.0,69.58,54600000,0.0,0.0,0.0,0.0,0.0,73.39,253175000,,,,D
8659,2017/18,,olympique-de-marseille,losc-lille,0.0,0.0,0.0,0.0,0.0,73.85,58850000,0.0,0.0,0.0,0.0,0.0,72.18,86050000,,,,H
8660,2017/18,,toulouse-fc,angers-sco,0.0,0.0,0.0,0.0,0.0,68.76,60900000,0.0,0.0,0.0,0.0,0.0,0.0,0,,,,H
8661,2017/18,,losc-lille,fc-metz,0.0,0.0,0.0,0.0,0.0,72.18,86050000,0.0,0.0,0.0,0.0,0.0,67.29,41450000,,,,H
8662,2017/18,,olympique-lyonnais,fc-nantes,0.0,0.0,0.0,0.0,0.0,72.74,89500000,0.0,0.0,0.0,0.0,0.0,69.58,54600000,,,,H
8663,2017/18,,rc-strasbourg,ogc-nice,0.0,0.0,0.0,0.0,0.0,69.0,72100000,0.0,0.0,0.0,0.0,0.0,73.28,89200000,,,,D
8664,2017/18,,angers-sco,olympique-de-marseille,0.0,0.0,0.0,0.0,0.0,0.0,0,0.0,0.0,0.0,0.0,0.0,73.85,58850000,,,,D
8665,2017/18,,stade-rennais,toulouse-fc,0.0,0.0,0.0,0.0,0.0,73.39,253175000,0.0,0.0,0.0,0.0,0.0,68.76,60900000,,,,H
8666,2017/18,,olympique-de-marseille,ogc-nice,0.0,0.0,0.0,0.0,0.0,73.85,58850000,0.0,0.0,0.0,0.0,0.0,73.28,89200000,,,,H
8667,2017/18,,fc-metz,angers-sco,0.0,0.0,0.0,0.0,0.0,67.29,41450000,0.0,0.0,0.0,0.0,0.0,0.0,0,,,,A
8668,2017/18,,stade-rennais,rc-strasbourg,0.0,0.0,0.0,0.0,0.0,73.39,253175000,0.0,0.0,0.0,0.0,0.0,69.0,72100000,,,,H
8669,2017/18,,toulouse-fc,losc-lille,0.0,0.0,0.0,0.0,0.0,68.76,60900000,0.0,0.0,0.0,0.0,0.0,72.18,86050000,,,,A
8670,2017/18,,angers-sco,fc-nantes,0.0,0.0,0.0,0.0,0.0,0.0,0,0.0,0.0,0.0,0.0,0.0,69.58,54600000,,,,A
8671,2017/18,,paris-saint-germain,stade-rennais,0.0,0.0,0.0,0.0,0.0,0.0,0,0.0,0.0,0.0,0.0,0.0,73.39,253175000,,,,A
8672,2017/18,,rc-strasbourg,olympique-lyonnais,0.0,0.0,0.0,0.0,0.0,69.0,72100000,0.0,0.0,0.0,0.0,0.0,72.74,89500000,,,,H
8673,2017/18,,olympique-lyonnais,ogc-nice,0.0,0.0,0.0,0.0,0.0,72.74,89500000,0.0,0.0,0.0,0.0,0.0,73.28,89200000,,,,H
8674,2017/18,,fc-nantes,rc-strasbourg,0.0,0.0,0.0,0.0,0.0,69.58,54600000,0.0,0.0,0.0,0.0,0.0,69.0,72100000,,,,H
8675,2018/19,,olympique-de-marseille,toulouse-fc,0.0,0.0,0.0,0.0,0.0,73.85,58850000,0.0,0.0,0.0,0.0,0.0,68.76,60900000,,,,H
8676,2018/19,,losc-lille,stade-rennais,0.0,0.0,0.0,0.0,0.0,72.18,86050000,0.0,0.0,0.0,0.0,0.0,73.39,253175000,,,,H
8677,2018/19,,fc-nantes,as-monaco,0.0,0.0,0.0,0.0,0.0,69.58,54600000,0.0,0.0,0.0,0.0,0.0,73.63,257100000,,,,A
8678,2018/19,,ogc-nice,stade-de-reims,0.0,0.0,0.0,0.0,0.0,73.28,89200000,0.0,0.0,0.0,0.0,0.0,69.92,48600000,,,,A
8679,2018/19,,stade-de-reims,olympique-lyonnais,0.0,0.0,0.0,0.0,0.0,69.92,48600000,0.0,0.0,0.0,0.0,0.0,72.74,89500000,,,,H
8680,2018/19,,as-monaco,losc-lille,0.0,0.0,0.0,0.0,0.0,73.63,257100000,0.0,0.0,0.0,0.0,0.0,72.18,86050000,,,,D
8681,2018/19,,stade-rennais,angers-sco,0.0,0.0,0.0,0.0,0.0,73.39,253175000,0.0,0.0,0.0,0.0,0.0,0.0,0,,,,H
8682,2018/19,,olympique-lyonnais,rc-strasbourg,0.0,0.0,0.0,0.0,0.0,72.74,89500000,0.0,0.0,0.0,0.0,0.0,69.0,72100000,,,,H
8683,2018/19,,paris-saint-germain,angers-sco,0.0,0.0,0.0,0.0,0.0,0.0,0,0.0,0.0,0.0,0.0,0.0,0.0,0,,,,H
8684,2018/19,,olympique-de-marseille,stade-rennais,0.0,0.0,0.0,0.0,0.0,73.85,58850000,0.0,0.0,0.0,0.0,0.0,73.39,253175000,,,,D
8685,2018/19,,olympique-lyonnais,ogc-nice,0.0,0.0,0.0,0.0,0.0,72.74,89500000,0.0,0.0,0.0,0.0,0.0,73.28,89200000,,,,A
8686,2018/19,,angers-sco,losc-lille,0.0,0.0,0.0,0.0,0.0,0.0,0,0.0,0.0,0.0,0.0,0.0,72.18,86050000,,,,H
8687,2018/19,,rc-strasbourg,fc-nantes,0.0,0.0,0.0,0.0,0.0,69.0,72100000,0.0,0.0,0.0,0.0,0.0,69.58,54600000,,,,A
8688,2018/19,,as-monaco,olympique-de-marseille,0.0,0.0,0.0,0.0,0.0,73.63,257100000,0.0,0.0,0.0,0.0,0.0,73.85,58850000,,,,A
8689,2018/19,,ogc-nice,stade-rennais,0.0,0.0,0.0,0.0,0.0,73.28,89200000,0.0,0.0,0.0,0.0,0.0,73.39,253175000,,,,H
8690,2018/19,,toulouse-fc,as-monaco,0.0,0.0,0.0,0.0,0.0,68.76,60900000,0.0,0.0,0.0,0.0,0.0,73.63,257100000,,,,D
8691,2018/19,,fc-nantes,stade-de-reims,0.0,0.0,0.0,0.0,0.0,69.58,54600000,0.0,0.0,0.0,0.0,0.0,69.92,48600000,,,,D
8692,2018/19,,angers-sco,toulouse-fc,0.0,0.0,0.0,0.0,0.0,0.0,0,0.0,0.0,0.0,0.0,0.0,68.76,60900000,,,,D
8693,2018/19,,losc-lille,fc-nantes,0.0,0.0,0.0,0.0,0.0,72.18,86050000,0.0,0.0,0.0,0.0,0.0,69.58,54600000,,,,H
8694,2018/19,,olympique-lyonnais,olympique-de-marseille,0.0,0.0,0.0,0.0,0.0,72.74,89500000,0.0,0.0,0.0,0.0,0.0,73.85,58850000,,,,H
8695,2018/19,,stade-rennais,paris-saint-germain,0.0,0.0,0.0,0.0,0.0,73.39,253175000,0.0,0.0,0.0,0.0,0.0,0.0,0,,,,A
8696,2018/19,,as-monaco,angers-sco,0.0,0.0,0.0,0.0,0.0,73.63,257100000,0.0,0.0,0.0,0.0,0.0,0.0,0,,,,A
8697,2018/19,,fc-nantes,ogc-nice,0.0,0.0,0.0,0.0,0.0,69.58,54600000,0.0,0.0,0.0,0.0,0.0,73.28,89200000,,,,A
8698,2018/19,,olympique-de-marseille,rc-strasbourg,0.0,0.0,0.0,0.0,0.0,73.85,58850000,0.0,0.0,0.0,0.0,0.0,69.0,72100000,,,,H
8699,2018/19,,paris-saint-germain,stade-de-reims,0.0,0.0,0.0,0.0,0.0,0.0,0,0.0,0.0,0.0,0.0,0.0,69.92,48600000,,,,H
8700,2018/19,,olympique-lyonnais,fc-nantes,0.0,0.0,0.0,0.0,0.0,72.74,89500000,0.0,0.0,0.0,0.0,0.0,69.58,54600000,,,,D
8701,2018/19,,ogc-nice,paris-saint-germain,0.0,0.0,0.0,0.0,0.0,73.28,89200000,0.0,0.0,0.0,0.0,0.0,0.0,0,,,,A
8702,2018/19,,losc-lille,olympique-de-marseille,0.0,0.0,0.0,0.0,0.0,72.18,86050000,0.0,0.0,0.0,0.0,0.0,73.85,58850000,,,,H
8703,2018/19,,stade-rennais,toulouse-fc,0.0,0.0,0.0,0.0,0.0,73.39,253175000,0.0,0.0,0.0,0.0,0.0,68.76,60900000,,,,D
8704,2018/19,,toulouse-fc,ogc-nice,0.0,0.0,0.0,0.0,0.0,68.76,60900000,0.0,0.0,0.0,0.0,0.0,73.28,89200000,,,,D
8705,2018/19,,angers-sco,rc-strasbourg,0.0,0.0,0.0,0.0,0.0,0.0,0,0.0,0.0,0.0,0.0,0.0,69.0,72100000,,,,D
8706,2018/19,,as-monaco,stade-rennais,0.0,0.0,0.0,0.0,0.0,73.63,257100000,0.0,0.0,0.0,0.0,0.0,73.39,253175000,,,,A
8707,2018/19,,paris-saint-germain,olympique-lyonnais,0.0,0.0,0.0,0.0,0.0,0.0,0,0.0,0.0,0.0,0.0,0.0,72.74,89500000,,,,H
8708,2018/19,,fc-nantes,toulouse-fc,0.0,0.0,0.0,0.0,0.0,69.58,54600000,0.0,0.0,0.0,0.0,0.0,68.76,60900000,,,,H
8709,2018/19,,stade-de-reims,angers-sco,0.0,0.0,0.0,0.0,0.0,69.92,48600000,0.0,0.0,0.0,0.0,0.0,0.0,0,,,,D
8710,2018/19,,rc-strasbourg,as-monaco,0.0,0.0,0.0,0.0,0.0,69.0,72100000,0.0,0.0,0.0,0.0,0.0,73.63,257100000,,,,H
8711,2018/19,,ogc-nice,olympique-de-marseille,0.0,0.0,0.0,0.0,0.0,73.28,89200000,0.0,0.0,0.0,0.0,0.0,73.85,58850000,,,,A
8712,2018/19,,angers-sco,olympique-lyonnais,0.0,0.0,0.0,0.0,0.0,0.0,0,0.0,0.0,0.0,0.0,0.0,72.74,89500000,,,,A
8713,2018/19,,olympique-de-marseille,paris-saint-germain,0.0,0.0,0.0,0.0,0.0,73.85,58850000,0.0,0.0,0.0,0.0,0.0,0.0,0,,,,A
8714,2018/19,,stade-rennais,stade-de-reims,0.0,0.0,0.0,0.0,0.0,73.39,253175000,0.0,0.0,0.0,0.0,0.0,69.92,48600000,,,,A
8715,2018/19,,paris-saint-germain,losc-lille,0.0,0.0,0.0,0.0,0.0,0.0,0,0.0,0.0,0.0,0.0,0.0,72.18,86050000,,,,H
8716,2018/19,,stade-de-reims,as-monaco,0.0,0.0,0.0,0.0,0.0,69.92,48600000,0.0,0.0,0.0,0.0,0.0,73.63,257100000,,,,H
8717,2018/19,,rc-strasbourg,toulouse-fc,0.0,0.0,0.0,0.0,0.0,69.0,72100000,0.0,0.0,0.0,0.0,0.0,68.76,60900000,,,,D
8718,2018/19,,losc-lille,rc-strasbourg,0.0,0.0,0.0,0.0,0.0,72.18,86050000,0.0,0.0,0.0,0.0,0.0,69.0,72100000,,,,D
8719,2018/19,,as-monaco,paris-saint-germain,0.0,0.0,0.0,0.0,0.0,73.63,257100000,0.0,0.0,0.0,0.0,0.0,0.0,0,,,,A
8720,2018/19,,stade-rennais,fc-nantes,0.0,0.0,0.0,0.0,0.0,73.39,253175000,0.0,0.0,0.0,0.0,0.0,69.58,54600000,,,,D
8721,2018/19,,fc-nantes,angers-sco,0.0,0.0,0.0,0.0,0.0,69.58,54600000,0.0,0.0,0.0,0.0,0.0,0.0,0,,,,D
8722,2018/19,,paris-saint-germain,toulouse-fc,0.0,0.0,0.0,0.0,0.0,0.0,0,0.0,0.0,0.0,0.0,0.0,68.76,60900000,,,,H
8723,2018/19,,ogc-nice,losc-lille,0.0,0.0,0.0,0.0,0.0,73.28,89200000,0.0,0.0,0.0,0.0,0.0,72.18,86050000,,,,H
8724,2018/19,,losc-lille,olympique-lyonnais,0.0,0.0,0.0,0.0,0.0,72.18,86050000,0.0,0.0,0.0,0.0,0.0,72.74,89500000,,,,D
8725,2018/19,,olympique-de-marseille,stade-de-reims,0.0,0.0,0.0,0.0,0.0,73.85,58850000,0.0,0.0,0.0,0.0,0.0,69.92,48600000,,,,D
8726,2018/19,,stade-rennais,rc-strasbourg,0.0,0.0,0.0,0.0,0.0,73.39,253175000,0.0,0.0,0.0,0.0,0.0,69.0,72100000,,,,A
8727,2018/19,,ogc-nice,angers-sco,0.0,0.0,0.0,0.0,0.0,73.28,89200000,0.0,0.0,0.0,0.0,0.0,0.0,0,,,,D
8728,2018/19,,olympique-lyonnais,stade-rennais,0.0,0.0,0.0,0.0,0.0,72.74,89500000,0.0,0.0,0.0,0.0,0.0,73.39,253175000,,,,A
8729,2018/19,,fc-nantes,olympique-de-marseille,0.0,0.0,0.0,0.0,0.0,69.58,54600000,0.0,0.0,0.0,0.0,0.0,73.85,58850000,,,,H
8730,2018/19,,stade-de-reims,toulouse-fc,0.0,0.0,0.0,0.0,0.0,69.92,48600000,0.0,0.0,0.0,0.0,0.0,68.76,60900000,,,,A
8731,2018/19,,rc-strasbourg,paris-saint-germain,0.0,0.0,0.0,0.0,0.0,69.0,72100000,0.0,0.0,0.0,0.0,0.0,0.0,0,,,,D
8732,2018/19,,losc-lille,stade-de-reims,0.0,0.0,0.0,0.0,0.0,72.18,86050000,0.0,0.0,0.0,0.0,0.0,69.92,48600000,,,,D
8733,2018/19,,stade-de-reims,rc-strasbourg,0.0,0.0,0.0,0.0,0.0,69.92,48600000,0.0,0.0,0.0,0.0,0.0,69.0,72100000,,,,H
8734,2018/19,,olympique-lyonnais,as-monaco,0.0,0.0,0.0,0.0,0.0,72.74,89500000,0.0,0.0,0.0,0.0,0.0,73.63,257100000,,,,H
8735,2018/19,,angers-sco,olympique-de-marseille,0.0,0.0,0.0,0.0,0.0,0.0,0,0.0,0.0,0.0,0.0,0.0,73.85,58850000,,,,D
8736,2018/19,,losc-lille,toulouse-fc,0.0,0.0,0.0,0.0,0.0,72.18,86050000,0.0,0.0,0.0,0.0,0.0,68.76,60900000,,,,A
8737,2018/19,,paris-saint-germain,fc-nantes,0.0,0.0,0.0,0.0,0.0,0.0,0,0.0,0.0,0.0,0.0,0.0,69.58,54600000,,,,H
8738,2018/19,,rc-strasbourg,ogc-nice,0.0,0.0,0.0,0.0,0.0,69.0,72100000,0.0,0.0,0.0,0.0,0.0,73.28,89200000,,,,H
8739,2018/19,,olympique-lyonnais,stade-de-reims,0.0,0.0,0.0,0.0,0.0,72.74,89500000,0.0,0.0,0.0,0.0,0.0,69.92,48600000,,,,D
8740,2018/19,,olympique-de-marseille,as-monaco,0.0,0.0,0.0,0.0,0.0,73.85,58850000,0.0,0.0,0.0,0.0,0.0,73.63,257100000,,,,D
8741,2018/19,,fc-nantes,stade-rennais,0.0,0.0,0.0,0.0,0.0,69.58,54600000,0.0,0.0,0.0,0.0,0.0,73.39,253175000,,,,A
8742,2018/19,,toulouse-fc,rc-strasbourg,0.0,0.0,0.0,0.0,0.0,68.76,60900000,0.0,0.0,0.0,0.0,0.0,69.0,72100000,,,,A
8743,2018/19,,as-monaco,ogc-nice,0.0,0.0,0.0,0.0,0.0,73.63,257100000,0.0,0.0,0.0,0.0,0.0,73.28,89200000,,,,D
8744,2018/19,,toulouse-fc,olympique-lyonnais,0.0,0.0,0.0,0.0,0.0,68.76,60900000,0.0,0.0,0.0,0.0,0.0,72.74,89500000,,,,D
8745,2018/19,,as-monaco,rc-strasbourg,0.0,0.0,0.0,0.0,0.0,73.63,257100000,0.0,0.0,0.0,0.0,0.0,69.0,72100000,,,,A
8746,2018/19,,stade-de-reims,ogc-nice,0.0,0.0,0.0,0.0,0.0,69.92,48600000,0.0,0.0,0.0,0.0,0.0,73.28,89200000,,,,D
8747,2018/19,,angers-sco,fc-nantes,0.0,0.0,0.0,0.0,0.0,0.0,0,0.0,0.0,0.0,0.0,0.0,69.58,54600000,,,,H
8748,2018/19,,olympique-de-marseille,losc-lille,0.0,0.0,0.0,0.0,0.0,73.85,58850000,0.0,0.0,0.0,0.0,0.0,72.18,86050000,,,,A
8749,2018/19,,paris-saint-germain,stade-rennais,0.0,0.0,0.0,0.0,0.0,0.0,0,0.0,0.0,0.0,0.0,0.0,73.39,253175000,,,,H
8750,2018/19,,toulouse-fc,angers-sco,0.0,0.0,0.0,0.0,0.0,68.76,60900000,0.0,0.0,0.0,0.0,0.0,0.0,0,,,,D
8751,2018/19,,losc-lille,ogc-nice,0.0,0.0,0.0,0.0,0.0,72.18,86050000,0.0,0.0,0.0,0.0,0.0,73.28,89200000,,,,H
8752,2018/19,,as-monaco,toulouse-fc,0.0,0.0,0.0,0.0,0.0,73.63,257100000,0.0,0.0,0.0,0.0,0.0,68.76,60900000,,,,H
8753,2018/19,,stade-de-reims,olympique-de-marseille,0.0,0.0,0.0,0.0,0.0,69.92,48600000,0.0,0.0,0.0,0.0,0.0,73.85,58850000,,,,H
8754,2018/19,,olympique-lyonnais,paris-saint-germain,0.0,0.0,0.0,0.0,0.0,72.74,89500000,0.0,0.0,0.0,0.0,0.0,0.0,0,,,,H
8755,2018/19,,rc-strasbourg,angers-sco,0.0,0.0,0.0,0.0,0.0,69.0,72100000,0.0,0.0,0.0,0.0,0.0,0.0,0,,,,A
8756,2018/19,,ogc-nice,olympique-lyonnais,0.0,0.0,0.0,0.0,0.0,73.28,89200000,0.0,0.0,0.0,0.0,0.0,72.74,89500000,,,,H
8757,2018/19,,toulouse-fc,stade-de-reims,0.0,0.0,0.0,0.0,0.0,68.76,60900000,0.0,0.0,0.0,0.0,0.0,69.92,48600000,,,,D
8758,2018/19,,angers-sco,ogc-nice,0.0,0.0,0.0,0.0,0.0,0.0,0,0.0,0.0,0.0,0.0,0.0,73.28,89200000,,,,H
8759,2018/19,,as-monaco,fc-nantes,0.0,0.0,0.0,0.0,0.0,73.63,257100000,0.0,0.0,0.0,0.0,0.0,69.58,54600000,,,,H
8760,2018/19,,stade-de-reims,stade-rennais,0.0,0.0,0.0,0.0,0.0,69.92,48600000,0.0,0.0,0.0,0.0,0.0,73.39,253175000,,,,H
8761,2018/19,,rc-strasbourg,losc-lille,0.0,0.0,0.0,0.0,0.0,69.0,72100000,0.0,0.0,0.0,0.0,0.0,72.18,86050000,,,,D
8762,2018/19,,as-monaco,olympique-lyonnais,0.0,0.0,0.0,0.0,0.0,73.63,257100000,0.0,0.0,0.0,0.0,0.0,72.74,89500000,,,,H
8763,2018/19,,stade-rennais,olympique-de-marseille,0.0,0.0,0.0,0.0,0.0,73.39,253175000,0.0,0.0,0.0,0.0,0.0,73.85,58850000,,,,D
8764,2018/19,,angers-sco,as-monaco,0.0,0.0,0.0,0.0,0.0,0.0,0,0.0,0.0,0.0,0.0,0.0,73.63,257100000,,,,D
8765,2018/19,,olympique-lyonnais,toulouse-fc,0.0,0.0,0.0,0.0,0.0,72.74,89500000,0.0,0.0,0.0,0.0,0.0,68.76,60900000,,,,H
8766,2018/19,,ogc-nice,rc-strasbourg,0.0,0.0,0.0,0.0,0.0,73.28,89200000,0.0,0.0,0.0,0.0,0.0,69.0,72100000,,,,H
8767,2018/19,,rc-strasbourg,olympique-lyonnais,0.0,0.0,0.0,0.0,0.0,69.0,72100000,0.0,0.0,0.0,0.0,0.0,72.74,89500000,,,,D
8768,2018/19,,olympique-de-marseille,ogc-nice,0.0,0.0,0.0,0.0,0.0,73.85,58850000,0.0,0.0,0.0,0.0,0.0,73.28,89200000,,,,H
8769,2018/19,,losc-lille,as-monaco,0.0,0.0,0.0,0.0,0.0,72.18,86050000,0.0,0.0,0.0,0.0,0.0,73.63,257100000,,,,A
8770,2018/19,,ogc-nice,toulouse-fc,0.0,0.0,0.0,0.0,0.0,73.28,89200000,0.0,0.0,0.0,0.0,0.0,68.76,60900000,,,,D
8771,2018/19,,paris-saint-germain,olympique-de-marseille,0.0,0.0,0.0,0.0,0.0,0.0,0,0.0,0.0,0.0,0.0,0.0,73.85,58850000,,,,H
8772,2018/19,,stade-de-reims,fc-nantes,0.0,0.0,0.0,0.0,0.0,69.92,48600000,0.0,0.0,0.0,0.0,0.0,69.58,54600000,,,,H
8773,2018/19,,stade-rennais,olympique-lyonnais,0.0,0.0,0.0,0.0,0.0,73.39,253175000,0.0,0.0,0.0,0.0,0.0,72.74,89500000,,,,A
8774,2018/19,,olympique-de-marseille,angers-sco,0.0,0.0,0.0,0.0,0.0,73.85,58850000,0.0,0.0,0.0,0.0,0.0,0.0,0,,,,D
8775,2018/19,,fc-nantes,losc-lille,0.0,0.0,0.0,0.0,0.0,69.58,54600000,0.0,0.0,0.0,0.0,0.0,72.18,86050000,,,,A
8776,2018/19,,toulouse-fc,paris-saint-germain,0.0,0.0,0.0,0.0,0.0,68.76,60900000,0.0,0.0,0.0,0.0,0.0,0.0,0,,,,A
8777,2018/19,,rc-strasbourg,stade-de-reims,0.0,0.0,0.0,0.0,0.0,69.0,72100000,0.0,0.0,0.0,0.0,0.0,69.92,48600000,,,,H
8778,2018/19,,angers-sco,stade-rennais,0.0,0.0,0.0,0.0,0.0,0.0,0,0.0,0.0,0.0,0.0,0.0,73.39,253175000,,,,D
8779,2018/19,,paris-saint-germain,rc-strasbourg,0.0,0.0,0.0,0.0,0.0,0.0,0,0.0,0.0,0.0,0.0,0.0,69.0,72100000,,,,D
8780,2018/19,,stade-de-reims,losc-lille,0.0,0.0,0.0,0.0,0.0,69.92,48600000,0.0,0.0,0.0,0.0,0.0,72.18,86050000,,,,D
8781,2018/19,,toulouse-fc,fc-nantes,0.0,0.0,0.0,0.0,0.0,68.76,60900000,0.0,0.0,0.0,0.0,0.0,69.58,54600000,,,,H
8782,2018/19,,fc-nantes,olympique-lyonnais,0.0,0.0,0.0,0.0,0.0,69.58,54600000,0.0,0.0,0.0,0.0,0.0,72.74,89500000,,,,H
8783,2018/19,,as-monaco,stade-de-reims,0.0,0.0,0.0,0.0,0.0,73.63,257100000,0.0,0.0,0.0,0.0,0.0,69.92,48600000,,,,D
8784,2018/19,,losc-lille,paris-saint-germain,0.0,0.0,0.0,0.0,0.0,72.18,86050000,0.0,0.0,0.0,0.0,0.0,0.0,0,,,,H
8785,2018/19,,stade-rennais,ogc-nice,0.0,0.0,0.0,0.0,0.0,73.39,253175000,0.0,0.0,0.0,0.0,0.0,73.28,89200000,,,,D
8786,2018/19,,fc-nantes,paris-saint-germain,0.0,0.0,0.0,0.0,0.0,69.58,54600000,0.0,0.0,0.0,0.0,0.0,0.0,0,,,,H
8787,2018/19,,olympique-lyonnais,angers-sco,0.0,0.0,0.0,0.0,0.0,72.74,89500000,0.0,0.0,0.0,0.0,0.0,0.0,0,,,,H
8788,2018/19,,paris-saint-germain,as-monaco,0.0,0.0,0.0,0.0,0.0,0.0,0,0.0,0.0,0.0,0.0,0.0,73.63,257100000,,,,H
8789,2018/19,,toulouse-fc,losc-lille,0.0,0.0,0.0,0.0,0.0,68.76,60900000,0.0,0.0,0.0,0.0,0.0,72.18,86050000,,,,D
8790,2018/19,,angers-sco,stade-de-reims,0.0,0.0,0.0,0.0,0.0,0.0,0,0.0,0.0,0.0,0.0,0.0,69.92,48600000,,,,D
8791,2018/19,,olympique-de-marseille,fc-nantes,0.0,0.0,0.0,0.0,0.0,73.85,58850000,0.0,0.0,0.0,0.0,0.0,69.58,54600000,,,,A
8792,2018/19,,stade-rennais,as-monaco,0.0,0.0,0.0,0.0,0.0,73.39,253175000,0.0,0.0,0.0,0.0,0.0,73.63,257100000,,,,D
8793,2018/19,,rc-strasbourg,olympique-de-marseille,0.0,0.0,0.0,0.0,0.0,69.0,72100000,0.0,0.0,0.0,0.0,0.0,73.85,58850000,,,,D
8794,2018/19,,paris-saint-germain,ogc-nice,0.0,0.0,0.0,0.0,0.0,0.0,0,0.0,0.0,0.0,0.0,0.0,73.28,89200000,,,,D
8795,2018/19,,olympique-lyonnais,losc-lille,0.0,0.0,0.0,0.0,0.0,72.74,89500000,0.0,0.0,0.0,0.0,0.0,72.18,86050000,,,,D
8796,2018/19,,toulouse-fc,stade-rennais,0.0,0.0,0.0,0.0,0.0,68.76,60900000,0.0,0.0,0.0,0.0,0.0,73.39,253175000,,,,D
8797,2018/19,,angers-sco,paris-saint-germain,0.0,0.0,0.0,0.0,0.0,0.0,0,0.0,0.0,0.0,0.0,0.0,0.0,0,,,,A
8798,2018/19,,ogc-nice,fc-nantes,0.0,0.0,0.0,0.0,0.0,73.28,89200000,0.0,0.0,0.0,0.0,0.0,69.58,54600000,,,,D
8799,2018/19,,olympique-de-marseille,olympique-lyonnais,0.0,0.0,0.0,0.0,0.0,73.85,58850000,0.0,0.0,0.0,0.0,0.0,72.74,89500000,,,,A
8800,2018/19,,losc-lille,angers-sco,0.0,0.0,0.0,0.0,0.0,72.18,86050000,0.0,0.0,0.0,0.0,0.0,0.0,0,,,,H
8801,2018/19,,rc-strasbourg,stade-rennais,0.0,0.0,0.0,0.0,0.0,69.0,72100000,0.0,0.0,0.0,0.0,0.0,73.39,253175000,,,,A
8802,2018/19,,toulouse-fc,olympique-de-marseille,0.0,0.0,0.0,0.0,0.0,68.76,60900000,0.0,0.0,0.0,0.0,0.0,73.85,58850000,,,,A
8803,2018/19,,fc-nantes,rc-strasbourg,0.0,0.0,0.0,0.0,0.0,69.58,54600000,0.0,0.0,0.0,0.0,0.0,69.0,72100000,,,,A
8804,2018/19,,ogc-nice,as-monaco,0.0,0.0,0.0,0.0,0.0,73.28,89200000,0.0,0.0,0.0,0.0,0.0,73.63,257100000,,,,H
8805,2018/19,,stade-de-reims,paris-saint-germain,0.0,0.0,0.0,0.0,0.0,69.92,48600000,0.0,0.0,0.0,0.0,0.0,0.0,0,,,,H
8806,2018/19,,stade-rennais,losc-lille,0.0,0.0,0.0,0.0,0.0,73.39,253175000,0.0,0.0,0.0,0.0,0.0,72.18,86050000,,,,H
